{
	"providers": [
		{
			"type": "bitmap",
			"file": "littleroom_azriel:hp_100.png",
			"height": 45,
			"ascent": 18,
			"chars": [
				"∛"
			]
		},
		{
			"type": "bitmap",
			"file": "littleroom_azriel:hp_90.png",
			"height": 45,
			"ascent": 18,
			"chars": [
				"∜"
			]
		},
		{
			"type": "bitmap",
			"file": "littleroom_azriel:hp_80.png",
			"height": 45,
			"ascent": 18,
			"chars": [
				"∝"
			]
		},
		{
			"type": "bitmap",
			"file": "littleroom_azriel:hp_70.png",
			"height": 45,
			"ascent": 18,
			"chars": [
				"∞"
			]
		},
		{
			"type": "bitmap",
			"file": "littleroom_azriel:hp_60.png",
			"height": 45,
			"ascent": 24,
			"chars": [
				"∟"
			]
		},
		{
			"type": "bitmap",
			"file": "littleroom_azriel:hp_50.png",
			"height": 45,
			"ascent": 24,
			"chars": [
				"∠"
			]
		},
		{
			"type": "bitmap",
			"file": "littleroom_azriel:hp_40.png",
			"height": 45,
			"ascent": 24,
			"chars": [
				"∡"
			]
		},
		{
			"type": "bitmap",
			"file": "littleroom_azriel:hp_30.png",
			"height": 45,
			"ascent": 18,
			"chars": [
				"∢"
			]
		},
		{
			"type": "bitmap",
			"file": "littleroom_azriel:hp_20.png",
			"height": 45,
			"ascent": 18,
			"chars": [
				"∤"
			]
		},
		{
			"type": "bitmap",
			"file": "littleroom_azriel:hp_10.png",
			"height": 45,
			"ascent": 18,
			"chars": [
				"∥"
			]
		},
		{
			"type": "bitmap",
			"file": "littleroom_kazk:screen_splat.png",
			"height": 400,
			"ascent": 200,
			"chars": [
				"✺"
			]
		}
	]
}