{"textures":{"0":"modelengine:entity/sweet_potato_stage"},"elements":[{"from":[6.475,8.0,7.5],"to":[9.525,9.75,8.5],"faces":{"east":{"uv":[0.0,3.375,0.0625,3.5],"tintindex":0,"rotation":0,"texture":"#0"},"south":{"uv":[0.0625,3.4375,0.25,3.5],"tintindex":0,"rotation":0,"texture":"#0"},"north":{"uv":[0.0625,3.375,0.25,3.4375],"tintindex":0,"rotation":0,"texture":"#0"},"west":{"uv":[0.25,3.375,0.3125,3.5],"tintindex":0,"rotation":0,"texture":"#0"},"up":{"uv":[0.1875,3.375,0.0,3.3125],"tintindex":0,"rotation":0,"texture":"#0"},"down":{"uv":[0.375,3.3125,0.1875,3.375],"tintindex":0,"rotation":0,"texture":"#0"}}},{"from":[6.5,7.5,8.0],"to":[9.5,9.5,11.0],"faces":{"east":{"uv":[0.0,2.875,0.1875,3.0],"tintindex":0,"rotation":0,"texture":"#0"},"south":{"uv":[0.375,2.8125,0.5625,2.9375],"tintindex":0,"rotation":0,"texture":"#0"},"north":{"uv":[0.1875,2.875,0.375,3.0],"tintindex":0,"rotation":0,"texture":"#0"},"west":{"uv":[0.375,2.6875,0.5625,2.8125],"tintindex":0,"rotation":0,"texture":"#0"},"up":{"uv":[0.1875,2.875,0.0,2.6875],"tintindex":0,"rotation":0,"texture":"#0"},"down":{"uv":[0.375,2.6875,0.1875,2.875],"tintindex":0,"rotation":0,"texture":"#0"}},"rotation":{"origin":[6.5,7.5,8.0],"angle":-22.5,"axis":"x"}},{"from":[6.5,7.5,5.0],"to":[9.5,9.5,8.0],"faces":{"east":{"uv":[0.0,3.1875,0.1875,3.3125],"tintindex":0,"rotation":0,"texture":"#0"},"south":{"uv":[0.375,3.125,0.5625,3.25],"tintindex":0,"rotation":0,"texture":"#0"},"north":{"uv":[0.1875,3.1875,0.375,3.3125],"tintindex":0,"rotation":0,"texture":"#0"},"west":{"uv":[0.375,3.0,0.5625,3.125],"tintindex":0,"rotation":0,"texture":"#0"},"up":{"uv":[0.1875,3.1875,0.0,3.0],"tintindex":0,"rotation":0,"texture":"#0"},"down":{"uv":[0.375,3.0,0.1875,3.1875],"tintindex":0,"rotation":0,"texture":"#0"}},"rotation":{"origin":[6.5,7.5,8.0],"angle":22.5,"axis":"x"}}],"display":{"gui":{"rotation":[30,225,0]}}}