{"textures":{"0":"modelengine:entity/green_onion_stage"},"elements":[{"from":[5.5,5.4849997,7.5],"to":[9.0,6.51,8.5],"faces":{"east":{"uv":[0.3125,0.1875,0.375,0.25],"tintindex":0,"rotation":0,"texture":"#0"},"south":{"uv":[0.0,0.1875,0.25,0.25],"tintindex":0,"rotation":0,"texture":"#0"},"north":{"uv":[0.25,0.1875,0.0,0.25],"tintindex":0,"rotation":0,"texture":"#0"},"west":{"uv":[0.25,0.1875,0.3125,0.25],"tintindex":0,"rotation":0,"texture":"#0"},"up":{"uv":[0.0,0.1875,0.25,0.25],"tintindex":0,"rotation":0,"texture":"#0"},"down":{"uv":[0.0,0.1875,0.25,0.25],"tintindex":0,"rotation":0,"texture":"#0"}}},{"from":[8.25,5.5,7.5],"to":[10.75,6.5,8.5],"faces":{"east":{"uv":[0.1875,0.25,0.25,0.3125],"tintindex":0,"rotation":0,"texture":"#0"},"south":{"uv":[0.0,0.25,0.1875,0.3125],"tintindex":0,"rotation":0,"texture":"#0"},"north":{"uv":[0.1875,0.25,0.0,0.3125],"tintindex":0,"rotation":0,"texture":"#0"},"west":{"uv":[0.1875,0.25,0.25,0.3125],"tintindex":0,"rotation":0,"texture":"#0"},"up":{"uv":[0.0,0.25,0.1875,0.3125],"tintindex":0,"rotation":0,"texture":"#0"},"down":{"uv":[0.0,0.25,0.1875,0.3125],"tintindex":0,"rotation":0,"texture":"#0"}},"rotation":{"origin":[8.25,5.5,8.0],"angle":45.0,"axis":"y"}},{"from":[8.25,5.5,7.5],"to":[10.75,6.5,8.5],"faces":{"east":{"uv":[0.1875,0.25,0.25,0.3125],"tintindex":0,"rotation":0,"texture":"#0"},"south":{"uv":[0.0,0.25,0.1875,0.3125],"tintindex":0,"rotation":0,"texture":"#0"},"north":{"uv":[0.1875,0.25,0.0,0.3125],"tintindex":0,"rotation":0,"texture":"#0"},"west":{"uv":[0.1875,0.25,0.25,0.3125],"tintindex":0,"rotation":0,"texture":"#0"},"up":{"uv":[0.0,0.25,0.1875,0.3125],"tintindex":0,"rotation":0,"texture":"#0"},"down":{"uv":[0.0,0.25,0.1875,0.3125],"tintindex":0,"rotation":0,"texture":"#0"}},"rotation":{"origin":[8.25,5.5,8.0],"angle":-45.0,"axis":"y"}}],"display":{"gui":{"rotation":[30,225,0]}}}