{
   "littleroom.kriger.awaken":{
		 "sounds": [
			"littleroom/kriger/awaken"
		 ]
	},
   "littleroom.kriger.death":{
		 "sounds": [
			"littleroom/kriger/death"
		 ]
	},
   "littleroom.kriger.deathbreath":{
		 "sounds": [
			"littleroom/kriger/deathbreath"
		 ]
	},
   "littleroom.kriger.impact01":{
		 "sounds": [
			"littleroom/kriger/impact01"
		 ]
	},
   "littleroom.kriger.impact02":{
		 "sounds": [
			"littleroom/kriger/impact02"
		 ]
	},
   "littleroom.kriger.impact03":{
		 "sounds": [
			"littleroom/kriger/impact03"
		 ]
	},
   "littleroom.kriger.impact04":{
		 "sounds": [
			"littleroom/kriger/impact04"
		 ]
	},
   "littleroom.kriger.phantom_hit01":{
		 "sounds": [
			"littleroom/kriger/phantom_hit01"
		 ]
	},
   "littleroom.kriger.phantom_hit02":{
		 "sounds": [
			"littleroom/kriger/phantom_hit02"
		 ]
	},
   "littleroom.kriger.phantom_hit03":{
		 "sounds": [
			"littleroom/kriger/phantom_hit03"
		 ]
	},
   "littleroom.kriger.phantom_hit04":{
		 "sounds": [
			"littleroom/kriger/phantom_hit04"
		 ]
	},
   "littleroom.kriger.phantom_swing01":{
		 "sounds": [
			"littleroom/kriger/phantom_swing01"
		 ]
	},
   "littleroom.kriger.phantom_swing02":{
		 "sounds": [
			"littleroom/kriger/phantom_swing02"
		 ]
	},
   "littleroom.kriger.phantom_swing03":{
		 "sounds": [
			"littleroom/kriger/phantom_swing03"
		 ]
	},
   "littleroom.kriger.phantom_swing04":{
		 "sounds": [
			"littleroom/kriger/phantom_swing04"
		 ]
	},
   "littleroom.kriger.stun01":{
		 "sounds": [
			"littleroom/kriger/stun01"
		 ]
	},
   "littleroom.kriger.stun02":{
		 "sounds": [
			"littleroom/kriger/stun02"
		 ]
	},
   "littleroom.kriger.stun03":{
		 "sounds": [
			"littleroom/kriger/stun03"
		 ]
	},
   "littleroom.kriger.summonarms":{
		 "sounds": [
			"littleroom/kriger/summonarms"
		 ]
	},
   "littleroom.kriger.sword_swing01":{
		 "sounds": [
			"littleroom/kriger/sword_swing01"
		 ]
	},
   "littleroom.kriger.sword_swing02":{
		 "sounds": [
			"littleroom/kriger/sword_swing02"
		 ]
	},
   "littleroom.kriger.sword_swing03":{
		 "sounds": [
			"littleroom/kriger/sword_swing03"
		 ]
	},
   "littleroom.kriger.sword_swing04":{
		 "sounds": [
			"littleroom/kriger/sword_swing04"
		 ]
	}
}
