{
    "cub_roar_1": {
        "sounds": [
            "littleroom_owlbear:cub_roar_1",
            "littleroom_owlbear:cub_roar_2",
            "littleroom_owlbear:cub_roar_3"
        ]
    },
    "death_rattle": {
        "sounds": [
            "littleroom_owlbear:death_rattle"
        ]
    },
    "grunt": {
        "sounds": [
            "littleroom_owlbear:grunt_1",
            "littleroom_owlbear:grunt_2",
            "littleroom_owlbear:grunt_3"
        ]
    },
    "land": {
        "sounds": [
            "littleroom_owlbear:land"
        ]
    },
    "leap_land": {
        "sounds": [
            "littleroom_owlbear:leap_land"
        ]
    },
    "roar": {
        "sounds": [
            "littleroom_owlbear:roar_1",
            "littleroom_owlbear:roar_2",
            "littleroom_owlbear:roar_3"
        ]
    },
    "snarl": {
        "sounds": [
            "littleroom_owlbear:snarl_1"
        ]
    }
}