{
	"credit": "Made with Blockbench",
	"texture_size": [64, 64],
	"textures": {
		"0": "littleroom_watergun:watergun",
		"particle": "littleroom_watergun:watergun"
	},
	"elements": [
		{
			"from": [6, 11, 18],
			"to": [10, 15, 23],
			"rotation": {"angle": 0, "axis": "y", "origin": [0, 12, 7]},
			"faces": {
				"north": {"uv": [7, 5.5, 8, 6.5], "texture": "#0"},
				"east": {"uv": [4, 6.75, 2.75, 7.75], "texture": "#0"},
				"south": {"uv": [7, 6.5, 8, 7.5], "texture": "#0"},
				"west": {"uv": [2.75, 6.75, 4, 7.75], "texture": "#0"},
				"up": {"uv": [2, 8.25, 1, 7], "texture": "#0"},
				"down": {"uv": [8, 2, 7, 3.25], "texture": "#0"}
			}
		},
		{
			"from": [6, 6, 9],
			"to": [10, 10, 22],
			"rotation": {"angle": 0, "axis": "y", "origin": [0, 12, 7]},
			"faces": {
				"north": {"uv": [7.25, 3.25, 8.25, 4.25], "texture": "#0"},
				"east": {"uv": [6.5, 0, 3.25, 1], "texture": "#0"},
				"south": {"uv": [7.25, 4.25, 8.25, 5.25], "texture": "#0"},
				"west": {"uv": [3.25, 0, 6.5, 1], "texture": "#0"},
				"up": {"uv": [3.5, 6.75, 2.5, 3.5], "texture": "#0"},
				"down": {"uv": [4.5, 3.5, 3.5, 6.75], "texture": "#0"}
			}
		},
		{
			"from": [7, 3, 14],
			"to": [9, 5, 17],
			"rotation": {"angle": 0, "axis": "y", "origin": [0, 11, 7]},
			"faces": {
				"north": {"uv": [6.25, 8.5, 6.75, 9], "texture": "#0"},
				"east": {"uv": [8.25, 3.25, 9, 3.75], "texture": "#0"},
				"south": {"uv": [8.25, 8.5, 8.75, 9], "texture": "#0"},
				"west": {"uv": [8.25, 3.75, 9, 4.25], "texture": "#0"},
				"up": {"uv": [2.25, 9, 1.75, 8.25], "texture": "#0"},
				"down": {"uv": [8.75, 4.25, 8.25, 5], "texture": "#0"}
			}
		},
		{
			"from": [7, -0.34985, 14.2685],
			"to": [9, 3.65015, 17.2685],
			"rotation": {"angle": -22.5, "axis": "x", "origin": [8, 2.65015, 15.7685]},
			"faces": {
				"north": {"uv": [3.5, 7.75, 4, 8.75], "texture": "#0"},
				"east": {"uv": [2.75, 7.75, 3.5, 8.75], "texture": "#0"},
				"south": {"uv": [7.75, 8, 8.25, 9], "texture": "#0"},
				"west": {"uv": [8, 2, 8.75, 3], "texture": "#0"},
				"up": {"uv": [5.75, 9, 5.25, 8.25], "texture": "#0"},
				"down": {"uv": [6.25, 8.25, 5.75, 9], "texture": "#0"}
			}
		},
		{
			"from": [7.5, 3, 11],
			"to": [8.5, 3, 13],
			"rotation": {"angle": 0, "axis": "y", "origin": [0.5, 11, 7]},
			"faces": {
				"north": {"uv": [0, 0, 0.25, 0], "texture": "#0"},
				"east": {"uv": [0, 0, 0.5, 0], "texture": "#0"},
				"south": {"uv": [0, 0, 0.25, 0], "texture": "#0"},
				"west": {"uv": [0, 0, 0.5, 0], "texture": "#0"},
				"up": {"uv": [2.25, 8.25, 2, 7.75], "texture": "#0"},
				"down": {"uv": [7, 8.5, 6.75, 9], "texture": "#0"}
			}
		},
		{
			"from": [7.5, 3, 13],
			"to": [8.5, 5, 14],
			"rotation": {"angle": 0, "axis": "y", "origin": [0.5, 11, 7]},
			"faces": {
				"north": {"uv": [3.25, 8.75, 3.5, 9.25], "texture": "#0"},
				"east": {"uv": [3.5, 8.75, 3.75, 9.25], "texture": "#0"},
				"south": {"uv": [3.75, 8.75, 4, 9.25], "texture": "#0"},
				"west": {"uv": [4, 8.75, 4.25, 9.25], "texture": "#0"},
				"up": {"uv": [2.5, 6.75, 2.25, 6.5], "texture": "#0"},
				"down": {"uv": [5.5, 8, 5.25, 8.25], "texture": "#0"}
			}
		},
		{
			"from": [7.5, 2.88582, 10.42597],
			"to": [8.5, 5.88582, 10.42597],
			"rotation": {"angle": -22.5, "axis": "x", "origin": [8.5, 4.38582, 10.42597]},
			"faces": {
				"north": {"uv": [2.25, 5.75, 2.5, 6.5], "texture": "#0"},
				"east": {"uv": [0, 0, 0, 0.75], "texture": "#0"},
				"south": {"uv": [2, 7, 2.25, 7.75], "texture": "#0"},
				"west": {"uv": [0, 0, 0, 0.75], "texture": "#0"},
				"up": {"uv": [0.25, 0, 0, 0], "texture": "#0"},
				"down": {"uv": [0.25, 0, 0, 0], "texture": "#0"}
			}
		},
		{
			"from": [7, 7, -9],
			"to": [9, 9, 9],
			"rotation": {"angle": 0, "axis": "y", "origin": [0, 12, 7]},
			"faces": {
				"north": {"uv": [5.25, 2, 5.75, 2.5], "texture": "#0"},
				"east": {"uv": [3.25, 1, 7.75, 1.5], "texture": "#0"},
				"south": {"uv": [8.25, 8, 8.75, 8.5], "texture": "#0"},
				"west": {"uv": [3.25, 1.5, 7.75, 2], "texture": "#0"},
				"up": {"uv": [5, 8, 4.5, 3.5], "texture": "#0"},
				"down": {"uv": [5.5, 3.5, 5, 8], "texture": "#0"}
			}
		},
		{
			"from": [6, 6, 0],
			"to": [10, 10, 7],
			"rotation": {"angle": 0, "axis": "y", "origin": [0, 12, 7]},
			"faces": {
				"north": {"uv": [5.5, 7.25, 6.5, 8.25], "texture": "#0"},
				"east": {"uv": [5.5, 3.5, 7.25, 4.5], "texture": "#0"},
				"south": {"uv": [0, 7.5, 1, 8.5], "texture": "#0"},
				"west": {"uv": [5.5, 4.5, 7.25, 5.5], "texture": "#0"},
				"up": {"uv": [6.5, 7.25, 5.5, 5.5], "texture": "#0"},
				"down": {"uv": [1, 5.75, 0, 7.5], "texture": "#0"}
			}
		},
		{
			"from": [7, 5, 1],
			"to": [9, 7, 9],
			"rotation": {"angle": 0, "axis": "y", "origin": [0, 12, 7]},
			"faces": {
				"north": {"uv": [0, 8.5, 0.5, 9], "texture": "#0"},
				"east": {"uv": [3.25, 2, 5.25, 2.5], "texture": "#0"},
				"south": {"uv": [0.5, 8.5, 1, 9], "texture": "#0"},
				"west": {"uv": [7, 7.5, 9, 8], "texture": "#0"},
				"up": {"uv": [4.5, 8.75, 4, 6.75], "texture": "#0"},
				"down": {"uv": [8.25, 0, 7.75, 2], "texture": "#0"}
			}
		},
		{
			"from": [7, 5, 9],
			"to": [9, 6, 21],
			"rotation": {"angle": 0, "axis": "y", "origin": [0, 12, 7]},
			"faces": {
				"north": {"uv": [8.75, 2.75, 9.25, 3], "texture": "#0"},
				"east": {"uv": [7.25, 5.25, 10.25, 5.5], "texture": "#0"},
				"south": {"uv": [4.25, 8.75, 4.75, 9], "texture": "#0"},
				"west": {"uv": [8, 3, 11, 3.25], "texture": "#0"},
				"up": {"uv": [7, 8.5, 6.5, 5.5], "texture": "#0"},
				"down": {"uv": [2.75, 6.75, 2.25, 9.75], "texture": "#0"}
			}
		},
		{
			"from": [5.5, 11, 5],
			"to": [10.5, 16, 18],
			"rotation": {"angle": 0, "axis": "y", "origin": [0, 12, 7]},
			"faces": {
				"north": {"uv": [1, 5.75, 2.25, 7], "texture": "#0"},
				"east": {"uv": [3.25, 1.25, 0, 2.5], "texture": "#0"},
				"south": {"uv": [5.75, 2, 7, 3.25], "texture": "#0"},
				"west": {"uv": [0, 1.25, 3.25, 2.5], "texture": "#0"},
				"up": {"uv": [1.25, 5.75, 0, 2.5], "texture": "#0"},
				"down": {"uv": [2.5, 2.5, 1.25, 5.75], "texture": "#0"}
			}
		},
		{
			"from": [6.5, 10, 11],
			"to": [9.5, 11, 13],
			"rotation": {"angle": 0, "axis": "y", "origin": [0, 12, 7]},
			"faces": {
				"north": {"uv": [5.75, 3.25, 6.5, 3.5], "texture": "#0"},
				"east": {"uv": [8.75, 2.5, 9.25, 2.75], "texture": "#0"},
				"south": {"uv": [6.5, 3.25, 7.25, 3.5], "texture": "#0"},
				"west": {"uv": [2.75, 8.75, 3.25, 9], "texture": "#0"},
				"up": {"uv": [9, 1.5, 8.25, 1], "texture": "#0"},
				"down": {"uv": [9, 1.5, 8.25, 2], "texture": "#0"}
			}
		},
		{
			"from": [6.5, 10, 18],
			"to": [9.5, 11, 21],
			"rotation": {"angle": 0, "axis": "y", "origin": [0, 12, 7]},
			"faces": {
				"north": {"uv": [8.25, 5, 9, 5.25], "texture": "#0"},
				"east": {"uv": [1, 8.75, 1.75, 9], "texture": "#0"},
				"south": {"uv": [8.75, 2, 9.5, 2.25], "texture": "#0"},
				"west": {"uv": [8.75, 2.25, 9.5, 2.5], "texture": "#0"},
				"up": {"uv": [8.75, 7, 8, 6.25], "texture": "#0"},
				"down": {"uv": [7.75, 8, 7, 8.75], "texture": "#0"}
			}
		},
		{
			"from": [6.5, 15, 19],
			"to": [9.5, 17, 22],
			"rotation": {"angle": 0, "axis": "y", "origin": [0, 12, 7]},
			"faces": {
				"north": {"uv": [8, 7, 8.75, 7.5], "texture": "#0"},
				"east": {"uv": [8.25, 0, 9, 0.5], "texture": "#0"},
				"south": {"uv": [8.25, 0.5, 9, 1], "texture": "#0"},
				"west": {"uv": [1, 8.25, 1.75, 8.75], "texture": "#0"},
				"up": {"uv": [5.25, 8.75, 4.5, 8], "texture": "#0"},
				"down": {"uv": [8.75, 5.5, 8, 6.25], "texture": "#0"}
			}
		}
	],
	"gui_light": "front",
	"display": {
		"thirdperson_righthand": {
			"translation": [0, 2, -2.5],
			"scale": [0.6, 0.6, 0.6]
		},
		"thirdperson_lefthand": {
			"translation": [0, 2, -2.5],
			"scale": [0.6, 0.6, 0.6]
		},
		"firstperson_righthand": {
			"rotation": [6, 9, -4],
			"translation": [3.25, 0, -16.25]
		},
		"firstperson_lefthand": {
			"rotation": [6, 9, -4],
			"translation": [3.25, 0, -16.25]
		},
		"ground": {
			"rotation": [33, 0, 0],
			"translation": [0, 5, 0],
			"scale": [0.6, 0.6, 0.6]
		},
		"gui": {
			"rotation": [47, -50, 44],
			"translation": [0.5, 0, 0],
			"scale": [0.5, 0.5, 0.5]
		},
		"head": {
			"scale": [0, 0, 0]
		},
		"fixed": {
			"rotation": [0, 90, 0],
			"translation": [0, 0, -0.25]
		}
	}
}