{
	"credit": "Made with Blockbench",
	"texture_size": [32, 32],
	"textures": {
		"0": "littleroom_etherealreaver:ethereal_reaver_corruption",
		"1": "modelengine:entity/ethereal_reaver_flame",
		"particle": "littleroom_etherealreaver:ethereal_reaver_corruption"
	},
	"elements": [
		{
			"from": [3, 1, 5],
			"to": [8, 12, 10],
			"rotation": {"angle": 22.5, "axis": "z", "origin": [5.5, 6.5, 7.5]},
			"faces": {
				"north": {"uv": [0, 0, 2.5, 5.5], "texture": "#0"},
				"east": {"uv": [2.5, 0, 5, 5.5], "texture": "#0"},
				"south": {"uv": [5, 0, 7.5, 5.5], "texture": "#0"},
				"west": {"uv": [0, 5.5, 2.5, 11], "texture": "#0"},
				"up": {"uv": [5, 8, 2.5, 5.5], "texture": "#0"},
				"down": {"uv": [7.5, 5.5, 5, 8], "texture": "#0"}
			}
		},
		{
			"from": [-0.5, -6, -11],
			"to": [-0.5, 18, 13],
			"rotation": {"angle": 45, "axis": "y", "origin": [-0.5, 6, 1]},
			"faces": {
				"north": {"uv": [0, 0, 0, 6], "rotation": 180, "texture": "#1"},
				"east": {"uv": [0, 16, 16, 0], "rotation": 270, "texture": "#1"},
				"south": {"uv": [0, 0, 0, 6], "texture": "#1"},
				"west": {"uv": [0, 16, 16, 0], "rotation": 90, "texture": "#1"},
				"up": {"uv": [16, 0, 0, 16], "texture": "#1"},
				"down": {"uv": [0, 0, 0, 6], "rotation": 180, "texture": "#1"}
			}
		}
	],
	"gui_light": "front",
	"display": {
		"thirdperson_righthand": {
			"rotation": [112.5, -90, 0],
			"translation": [-0.5, -4.75, 5.25],
			"scale": [0.9, 0.9, 0.9]
		},
		"thirdperson_lefthand": {
			"rotation": [67.5, -90, 0],
			"translation": [-0.5, 0.5, 5],
			"scale": [0.9, 0.9, 0.9]
		},
		"firstperson_righthand": {
			"scale": [0, 0, 0]
		},
		"firstperson_lefthand": {
			"scale": [0, 0, 0]
		},
		"ground": {
			"translation": [0, 7.5, 0]
		},
		"gui": {
			"rotation": [65, -50, 94],
			"translation": [-3.25, -1.5, 0],
			"scale": [0.8, 0.8, 0.8]
		},
		"head": {
			"scale": [0, 0, 0]
		},
		"fixed": {
			"scale": [0, 0, 0]
		}
	}
}