{
	"credit": "Made with Blockbench",
	"texture_size": [32, 32],
	"textures": {
		"0": "modelengine:entity/ethereal_reaver"
	},
	"elements": [
		{
			"from": [7.53534, 1.82807, 7.24319],
			"to": [8.13534, 6.32807, 8.14319],
			"rotation": {"angle": 0, "axis": "y", "origin": [7.83534, 4.07807, 7.69319]},
			"faces": {
				"north": {"uv": [10.25, 12.375, 10.5, 14.25], "texture": "#0"},
				"east": {"uv": [6.25, 10.75, 6.625, 12.625], "texture": "#0"},
				"south": {"uv": [10.5, 12.375, 10.75, 14.25], "texture": "#0"},
				"west": {"uv": [9.875, 10.875, 10.25, 12.75], "texture": "#0"},
				"up": {"uv": [12.25, 2.625, 12, 2.25], "texture": "#0"},
				"down": {"uv": [1.75, 12.5, 1.5, 12.875], "texture": "#0"}
			}
		},
		{
			"from": [7.38534, 6.32807, 7.09319],
			"to": [8.28534, 7.22807, 8.29319],
			"rotation": {"angle": 0, "axis": "y", "origin": [7.68534, 4.97807, 7.54319]},
			"faces": {
				"north": {"uv": [12, 10, 12.375, 10.375], "texture": "#0"},
				"east": {"uv": [13.75, 10.75, 14.25, 11.125], "texture": "#0"},
				"south": {"uv": [14.125, 2.375, 14.5, 2.75], "texture": "#0"},
				"west": {"uv": [14, 3.875, 14.5, 4.25], "texture": "#0"},
				"up": {"uv": [8.125, 14.5, 7.75, 14], "texture": "#0"},
				"down": {"uv": [14.375, 7.75, 14, 8.25], "texture": "#0"}
			}
		},
		{
			"from": [7.38534, 0.92807, 7.09319],
			"to": [8.28534, 1.82807, 8.29319],
			"rotation": {"angle": 0, "axis": "y", "origin": [7.68534, -0.42193, 7.54319]},
			"faces": {
				"north": {"uv": [14.125, 4.25, 14.5, 4.625], "texture": "#0"},
				"east": {"uv": [14, 5.875, 14.5, 6.25], "texture": "#0"},
				"south": {"uv": [14.125, 10.375, 14.5, 10.75], "texture": "#0"},
				"west": {"uv": [14, 8.25, 14.5, 8.625], "texture": "#0"},
				"up": {"uv": [14.375, 9.125, 14, 8.625], "texture": "#0"},
				"down": {"uv": [9.625, 14, 9.25, 14.5], "texture": "#0"}
			}
		},
		{
			"from": [7.08534, 6.62807, 6.94319],
			"to": [8.58534, 9.02807, 9.94319],
			"rotation": {"angle": -22.5, "axis": "x", "origin": [7.83534, 8.42807, 7.84319]},
			"faces": {
				"north": {"uv": [11.625, 2.625, 12.25, 3.625], "texture": "#0"},
				"east": {"uv": [9.25, 2.5, 10.5, 3.5], "texture": "#0"},
				"south": {"uv": [11.75, 10.375, 12.375, 11.375], "texture": "#0"},
				"west": {"uv": [9.25, 3.5, 10.5, 4.5], "texture": "#0"},
				"up": {"uv": [11.375, 11.625, 10.75, 10.375], "texture": "#0"},
				"down": {"uv": [8.625, 10.875, 8, 12.125], "texture": "#0"}
			}
		},
		{
			"from": [7.08534, 6.62807, 5.45787],
			"to": [8.58534, 9.02807, 8.45787],
			"rotation": {"angle": 22.5, "axis": "x", "origin": [7.83534, 8.42807, 7.55787]},
			"faces": {
				"north": {"uv": [11.75, 11.375, 12.375, 12.375], "texture": "#0"},
				"east": {"uv": [9.25, 4.5, 10.5, 5.5], "texture": "#0"},
				"south": {"uv": [11.875, 3.625, 12.5, 4.625], "texture": "#0"},
				"west": {"uv": [6.75, 9.25, 8, 10.25], "texture": "#0"},
				"up": {"uv": [9.25, 12.125, 8.625, 10.875], "texture": "#0"},
				"down": {"uv": [9.875, 10.875, 9.25, 12.125], "texture": "#0"}
			}
		},
		{
			"from": [7.38534, 8.49817, 6.74454],
			"to": [8.28534, 10.89817, 9.14454],
			"rotation": {"angle": 45, "axis": "x", "origin": [7.83534, 9.99817, 7.64454]},
			"faces": {
				"north": {"uv": [1.5, 13.375, 1.875, 14.375], "texture": "#0"},
				"east": {"uv": [1.75, 10, 2.75, 11], "texture": "#0"},
				"south": {"uv": [1.875, 13.375, 2.25, 14.375], "texture": "#0"},
				"west": {"uv": [2.75, 10, 1.75, 11], "texture": "#0"},
				"up": {"uv": [2.625, 14.375, 2.25, 13.375], "texture": "#0"},
				"down": {"uv": [3, 13.375, 2.625, 14.375], "texture": "#0"}
			}
		},
		{
			"from": [6.78534, 7.22807, 5.15787],
			"to": [8.88534, 8.42807, 6.35787],
			"rotation": {"angle": 22.5, "axis": "x", "origin": [7.83534, 8.42807, 7.55787]},
			"faces": {
				"north": {"uv": [12.75, 1.5, 13.625, 2], "texture": "#0"},
				"east": {"uv": [8, 5.75, 8.5, 6.25], "texture": "#0"},
				"south": {"uv": [6.25, 12.75, 7.125, 13.25], "texture": "#0"},
				"west": {"uv": [11.5, 8.5, 12, 9], "texture": "#0"},
				"up": {"uv": [13.625, 8.375, 12.75, 7.875], "texture": "#0"},
				"down": {"uv": [13.625, 8.375, 12.75, 8.875], "texture": "#0"}
			}
		},
		{
			"from": [6.78534, 7.22807, 9.32852],
			"to": [8.88534, 8.42807, 10.52852],
			"rotation": {"angle": -22.5, "axis": "x", "origin": [7.83534, 8.42807, 8.12852]},
			"faces": {
				"north": {"uv": [7.125, 12.75, 6.25, 13.25], "texture": "#0"},
				"east": {"uv": [8.5, 5.75, 8, 6.25], "texture": "#0"},
				"south": {"uv": [13.625, 1.5, 12.75, 2], "texture": "#0"},
				"west": {"uv": [12, 8.5, 11.5, 9], "texture": "#0"},
				"up": {"uv": [13.625, 7.875, 12.75, 8.375], "texture": "#0"},
				"down": {"uv": [13.625, 8.875, 12.75, 8.375], "texture": "#0"}
			}
		},
		{
			"from": [8.60034, 6.48604, 5.05373],
			"to": [8.60034, 9.78604, 10.45373],
			"rotation": {"angle": 0, "axis": "y", "origin": [7.86534, 9.18604, 8.65373]},
			"faces": {
				"north": {"uv": [0, 0, 0, 1.375], "texture": "#0"},
				"east": {"uv": [6.75, 0, 9, 1.375], "texture": "#0"},
				"south": {"uv": [0, 0, 0, 1.375], "texture": "#0"},
				"west": {"uv": [9, 0, 6.75, 1.375], "texture": "#0"},
				"up": {"uv": [0, 2.25, 0, 0], "texture": "#0"},
				"down": {"uv": [0, 0, 0, 2.25], "texture": "#0"}
			}
		},
		{
			"from": [7.07034, 6.48604, 5.05373],
			"to": [7.07034, 9.78604, 10.45373],
			"rotation": {"angle": 0, "axis": "y", "origin": [7.86534, 9.18604, 8.65373]},
			"faces": {
				"north": {"uv": [0, 0, 0, 1.375], "texture": "#0"},
				"east": {"uv": [6.75, 0, 9, 1.375], "texture": "#0"},
				"south": {"uv": [0, 0, 0, 1.375], "texture": "#0"},
				"west": {"uv": [9, 0, 6.75, 1.375], "texture": "#0"},
				"up": {"uv": [0, 2.25, 0, 0], "texture": "#0"},
				"down": {"uv": [0, 0, 0, 2.25], "texture": "#0"}
			}
		},
		{
			"from": [7.38534, 11.30111, 5.47175],
			"to": [8.28534, 13.10111, 7.27175],
			"rotation": {"angle": 45, "axis": "x", "origin": [7.83534, 12.20111, 6.37175]},
			"faces": {
				"north": {"uv": [3.75, 9, 4.125, 9.75], "texture": "#0"},
				"east": {"uv": [4.75, 11.875, 5.5, 12.625], "texture": "#0"},
				"south": {"uv": [10.75, 13.375, 11.125, 14.125], "texture": "#0"},
				"west": {"uv": [11.875, 5.375, 12.625, 6.125], "texture": "#0"},
				"up": {"uv": [14, 1.25, 13.625, 0.5], "texture": "#0"},
				"down": {"uv": [14, 1.25, 13.625, 2], "texture": "#0"}
			}
		},
		{
			"from": [7.38534, 11.30111, 8.01734],
			"to": [8.28534, 13.10111, 9.81734],
			"rotation": {"angle": -45, "axis": "x", "origin": [7.83534, 12.20111, 8.91734]},
			"faces": {
				"north": {"uv": [3.25, 13.625, 3.625, 14.375], "texture": "#0"},
				"east": {"uv": [5.5, 11.875, 6.25, 12.625], "texture": "#0"},
				"south": {"uv": [13.625, 4.75, 14, 5.5], "texture": "#0"},
				"west": {"uv": [11.875, 6.125, 12.625, 6.875], "texture": "#0"},
				"up": {"uv": [14, 6.25, 13.625, 5.5], "texture": "#0"},
				"down": {"uv": [14, 7.75, 13.625, 8.5], "texture": "#0"}
			}
		},
		{
			"from": [7.38534, 12.20111, 6.29454],
			"to": [8.28534, 27.20111, 8.99454],
			"rotation": {"angle": 0, "axis": "y", "origin": [7.56534, 14.30111, 8.09454]},
			"faces": {
				"north": {"uv": [0, 7.75, 0.375, 14], "texture": "#0"},
				"east": {"uv": [4.5, 0, 5.625, 6.25], "texture": "#0"},
				"south": {"uv": [0.375, 7.75, 0.75, 14], "texture": "#0"},
				"west": {"uv": [5.625, 0, 6.75, 6.25], "texture": "#0"},
				"up": {"uv": [7.5, 13.875, 7.125, 12.75], "texture": "#0"},
				"down": {"uv": [10.25, 12.75, 9.875, 13.875], "texture": "#0"}
			}
		},
		{
			"from": [7.38534, 14.60111, 8.01734],
			"to": [8.28534, 16.40111, 9.81734],
			"rotation": {"angle": -45, "axis": "x", "origin": [7.83534, 15.50111, 8.91734]},
			"faces": {
				"north": {"uv": [8.5, 13.625, 8.875, 14.375], "texture": "#0"},
				"east": {"uv": [11.875, 6.875, 12.625, 7.625], "texture": "#0"},
				"south": {"uv": [13.625, 8.5, 14, 9.25], "texture": "#0"},
				"west": {"uv": [12, 0.75, 12.75, 1.5], "texture": "#0"},
				"up": {"uv": [9.25, 14.375, 8.875, 13.625], "texture": "#0"},
				"down": {"uv": [14.125, 2, 13.75, 2.75], "texture": "#0"}
			}
		},
		{
			"from": [7.38534, 14.60111, 5.47175],
			"to": [8.28534, 16.40111, 7.27175],
			"rotation": {"angle": 45, "axis": "x", "origin": [7.83534, 15.50111, 6.37175]},
			"faces": {
				"north": {"uv": [3.625, 13.75, 4, 14.5], "texture": "#0"},
				"east": {"uv": [12, 1.5, 12.75, 2.25], "texture": "#0"},
				"south": {"uv": [6, 13.75, 6.375, 14.5], "texture": "#0"},
				"west": {"uv": [12, 8.5, 12.75, 9.25], "texture": "#0"},
				"up": {"uv": [6.75, 14.5, 6.375, 13.75], "texture": "#0"},
				"down": {"uv": [7.125, 13.75, 6.75, 14.5], "texture": "#0"}
			}
		},
		{
			"from": [7.38534, 18.20111, 8.01734],
			"to": [8.28534, 20.00111, 9.81734],
			"rotation": {"angle": -45, "axis": "x", "origin": [7.83534, 19.10111, 8.91734]},
			"faces": {
				"north": {"uv": [13.75, 9.25, 14.125, 10], "texture": "#0"},
				"east": {"uv": [12, 9.25, 12.75, 10], "texture": "#0"},
				"south": {"uv": [13.75, 10, 14.125, 10.75], "texture": "#0"},
				"west": {"uv": [1.75, 12.125, 2.5, 12.875], "texture": "#0"},
				"up": {"uv": [11.5, 14.5, 11.125, 13.75], "texture": "#0"},
				"down": {"uv": [11.875, 13.75, 11.5, 14.5], "texture": "#0"}
			}
		},
		{
			"from": [7.38534, 18.20111, 5.47175],
			"to": [8.28534, 20.00111, 7.27175],
			"rotation": {"angle": 45, "axis": "x", "origin": [7.83534, 19.10111, 6.37175]},
			"faces": {
				"north": {"uv": [12.625, 13.75, 13, 14.5], "texture": "#0"},
				"east": {"uv": [2.5, 12.125, 3.25, 12.875], "texture": "#0"},
				"south": {"uv": [13, 13.75, 13.375, 14.5], "texture": "#0"},
				"west": {"uv": [7.75, 12.125, 8.5, 12.875], "texture": "#0"},
				"up": {"uv": [4.375, 14.625, 4, 13.875], "texture": "#0"},
				"down": {"uv": [4.75, 13.875, 4.375, 14.625], "texture": "#0"}
			}
		},
		{
			"from": [7.38534, 25.40111, 5.84454],
			"to": [8.28534, 29.00111, 9.44454],
			"rotation": {"angle": 45, "axis": "x", "origin": [7.56534, 27.20111, 7.64454]},
			"faces": {
				"north": {"uv": [11, 4.5, 11.375, 6], "texture": "#0"},
				"east": {"uv": [6.75, 2.75, 8.25, 4.25], "texture": "#0"},
				"south": {"uv": [3.25, 12.125, 3.625, 13.625], "texture": "#0"},
				"west": {"uv": [6.75, 4.25, 8.25, 5.75], "texture": "#0"},
				"up": {"uv": [8.875, 13.625, 8.5, 12.125], "texture": "#0"},
				"down": {"uv": [9.25, 12.125, 8.875, 13.625], "texture": "#0"}
			}
		},
		{
			"from": [8.31504, 10.85111, 5.09896],
			"to": [8.31504, 29.45111, 10.49896],
			"rotation": {"angle": 0, "axis": "y", "origin": [7.55004, 14.90111, 8.69896]},
			"faces": {
				"north": {"uv": [0, 0, 0, 7.75], "texture": "#0"},
				"east": {"uv": [0, 0, 2.25, 7.75], "texture": "#0"},
				"south": {"uv": [0, 0, 0, 7.75], "texture": "#0"},
				"west": {"uv": [2.25, 0, 0, 7.75], "texture": "#0"},
				"up": {"uv": [0, 2.25, 0, 0], "texture": "#0"},
				"down": {"uv": [0, 0, 0, 2.25], "texture": "#0"}
			}
		},
		{
			"from": [7.37934, 10.85111, 5.09896],
			"to": [7.37934, 29.45111, 10.49896],
			"rotation": {"angle": 0, "axis": "y", "origin": [7.55004, 14.90111, 8.69896]},
			"faces": {
				"north": {"uv": [0, 0, 0, 7.75], "texture": "#0"},
				"east": {"uv": [0, 0, 2.25, 7.75], "texture": "#0"},
				"south": {"uv": [0, 0, 0, 7.75], "texture": "#0"},
				"west": {"uv": [2.25, 0, 0, 7.75], "texture": "#0"},
				"up": {"uv": [0, 2.25, 0, 0], "texture": "#0"},
				"down": {"uv": [0, 0, 0, 2.25], "texture": "#0"}
			}
		}
	],
	"gui_light": "front",
	"display": {
		"thirdperson_righthand": {
			"translation": [0, 2.5, 1.75],
			"scale": [1.3, 1.3, 1.3]
		},
		"thirdperson_lefthand": {
			"translation": [0, 2.5, 1.75],
			"scale": [1.3, 1.3, 1.3]
		},
		"firstperson_righthand": {
			"rotation": [-6, 10, -17],
			"translation": [3.5, 0, -2.25]
		},
		"firstperson_lefthand": {
			"rotation": [-6, 10, -17],
			"translation": [3.5, 0, -2.25]
		},
		"ground": {
			"rotation": [0, 0, 38],
			"translation": [0, 3.75, 0]
		},
		"gui": {
			"rotation": [90, 45, -90],
			"translation": [-3.5, -3.75, 0],
			"scale": [0.7, 0.7, 0.7]
		},
		"fixed": {
			"rotation": [0, 90, 0],
			"translation": [0, -14, 0.75],
			"scale": [2, 2, 2]
		}
	}
}