{
	"credit": "Made with Blockbench",
	"texture_size": [32, 32],
	"textures": {
		"0": "littleroom_snorkel:snorkel",
		"particle": "littleroom_snorkel:snorkel"
	},
	"elements": [
		{
			"from": [4, 6, 3],
			"to": [12, 10, 4],
			"rotation": {"angle": 0, "axis": "y", "origin": [0, 0, 2]},
			"faces": {
				"north": {"uv": [0, 0, 4, 2], "texture": "#0"},
				"east": {"uv": [3, 4, 3.5, 6], "texture": "#0"},
				"south": {"uv": [0, 0, 4, 2], "texture": "#0"},
				"west": {"uv": [3.5, 4, 4, 6], "texture": "#0"},
				"up": {"uv": [9, 4.5, 5, 4], "texture": "#0"},
				"down": {"uv": [9, 4.5, 5, 5], "texture": "#0"}
			}
		},
		{
			"from": [4, 4, 2],
			"to": [9, 6, 4],
			"rotation": {"angle": 0, "axis": "y", "origin": [0, 0, 2]},
			"faces": {
				"north": {"uv": [5, 0, 7.5, 1], "texture": "#0"},
				"east": {"uv": [5, 5, 6, 6], "texture": "#0"},
				"south": {"uv": [5, 1, 7.5, 2], "texture": "#0"},
				"west": {"uv": [4, 5.5, 5, 6.5], "texture": "#0"},
				"up": {"uv": [7.5, 3, 5, 2], "texture": "#0"},
				"down": {"uv": [7.5, 3, 5, 4], "texture": "#0"}
			}
		},
		{
			"from": [2, 4, 2],
			"to": [4, 15, 4],
			"rotation": {"angle": 22.5, "axis": "x", "origin": [3, 5, 3]},
			"faces": {
				"north": {"uv": [0, 4, 1, 9.5], "texture": "#0"},
				"east": {"uv": [4, 0, 5, 5.5], "texture": "#0"},
				"south": {"uv": [1, 4, 2, 9.5], "texture": "#0"},
				"west": {"uv": [2, 4, 3, 9.5], "texture": "#0"},
				"up": {"uv": [4, 7, 3, 6], "texture": "#0"},
				"down": {"uv": [6, 6, 5, 7], "texture": "#0"}
			}
		}
	],
	"gui_light": "front",
	"display": {
		"thirdperson_righthand": {
			"rotation": [35, 28, 0],
			"translation": [2, -2, 3.5]
		},
		"thirdperson_lefthand": {
			"rotation": [35, 28, 0],
			"translation": [0.75, -2, 3.5]
		},
		"firstperson_righthand": {
			"rotation": [-31, 125, 0],
			"translation": [0, 2.75, 0],
			"scale": [0.75, 0.75, 0.75]
		},
		"firstperson_lefthand": {
			"rotation": [-31, 125, 0],
			"translation": [0, 2.75, 0],
			"scale": [0.75, 0.75, 0.75]
		},
		"ground": {
			"rotation": [46, 0, 0],
			"translation": [0, -2.5, 0],
			"scale": [0.75, 0.75, 0.75]
		},
		"gui": {
			"rotation": [13, -154, 0],
			"translation": [-3.25, -0.75, 0],
			"scale": [1.25, 1.25, 1.25]
		},
		"head": {
			"scale": [1.6, 1.6, 1.6]
		},
		"fixed": {
			"rotation": [-21, 0, 0],
			"translation": [0, 0, 4],
			"scale": [1.5, 1.5, 1.5]
		}
	}
}