{"textures":{"0":"modelengine:entity/paprika_stage"},"elements":[{"from":[6.0,9.0,6.025],"to":[10.0,13.0,9.975],"faces":{"east":{"uv":[0.25,1.625,0.5,1.875],"tintindex":0,"rotation":0,"texture":"#0"},"south":{"uv":[0.25,1.875,0.5,2.125],"tintindex":0,"rotation":0,"texture":"#0"},"north":{"uv":[0.25,1.875,0.5,2.125],"tintindex":0,"rotation":0,"texture":"#0"},"west":{"uv":[0.25,1.625,0.5,1.875],"tintindex":0,"rotation":0,"texture":"#0"},"up":{"uv":[0.0,1.625,0.25,1.875],"tintindex":0,"rotation":90,"texture":"#0"},"down":{"uv":[0.0,1.875,0.25,2.125],"tintindex":0,"rotation":0,"texture":"#0"}},"rotation":{"origin":[8.0,9.0,8.0],"angle":22.5,"axis":"z"}},{"from":[6.0,9.0,6.0],"to":[10.0,13.0,10.0],"faces":{"east":{"uv":[0.25,1.625,0.5,1.875],"tintindex":0,"rotation":0,"texture":"#0"},"south":{"uv":[0.25,1.875,0.5,2.125],"tintindex":0,"rotation":0,"texture":"#0"},"north":{"uv":[0.25,1.875,0.5,2.125],"tintindex":0,"rotation":0,"texture":"#0"},"west":{"uv":[0.25,1.625,0.5,1.875],"tintindex":0,"rotation":0,"texture":"#0"},"up":{"uv":[0.0,1.625,0.25,1.875],"tintindex":0,"rotation":270,"texture":"#0"},"down":{"uv":[0.0,1.875,0.25,2.125],"tintindex":0,"rotation":0,"texture":"#0"}},"rotation":{"origin":[8.0,9.0,8.0],"angle":-22.5,"axis":"z"}},{"from":[6.0,13.0,8.0],"to":[10.0,16.0,8.0],"faces":{"south":{"uv":[0.8125,1.75,1.0625,1.9375],"tintindex":0,"rotation":0,"texture":"#0"},"north":{"uv":[1.0625,1.75,0.8125,1.9375],"tintindex":0,"rotation":0,"texture":"#0"}},"rotation":{"origin":[8.0,14.0,8.0],"angle":22.5,"axis":"y"}},{"from":[6.0,9.0,6.0],"to":[10.0,13.0,10.0],"faces":{"east":{"uv":[0.25,1.875,0.5,2.125],"tintindex":0,"rotation":0,"texture":"#0"},"south":{"uv":[0.25,1.625,0.5,1.875],"tintindex":0,"rotation":0,"texture":"#0"},"north":{"uv":[0.25,1.625,0.5,1.875],"tintindex":0,"rotation":0,"texture":"#0"},"west":{"uv":[0.25,1.875,0.5,2.125],"tintindex":0,"rotation":0,"texture":"#0"},"up":{"uv":[0.0,1.625,0.25,1.875],"tintindex":0,"rotation":180,"texture":"#0"},"down":{"uv":[0.0,1.875,0.25,2.125],"tintindex":0,"rotation":0,"texture":"#0"}},"rotation":{"origin":[8.0,9.0,8.0],"angle":-22.5,"axis":"x"}},{"from":[8.0,13.0,6.0],"to":[8.0,16.0,10.0],"faces":{"east":{"uv":[0.8125,1.75,1.0625,1.9375],"tintindex":0,"rotation":0,"texture":"#0"},"west":{"uv":[1.0625,1.75,0.8125,1.9375],"tintindex":0,"rotation":0,"texture":"#0"}},"rotation":{"origin":[8.0,14.0,8.0],"angle":-22.5,"axis":"y"}},{"from":[6.025,9.0,6.0],"to":[9.975,13.0,10.0],"faces":{"east":{"uv":[0.25,1.875,0.5,2.125],"tintindex":0,"rotation":0,"texture":"#0"},"south":{"uv":[0.25,1.625,0.5,1.875],"tintindex":0,"rotation":0,"texture":"#0"},"north":{"uv":[0.25,1.625,0.5,1.875],"tintindex":0,"rotation":0,"texture":"#0"},"west":{"uv":[0.25,1.875,0.5,2.125],"tintindex":0,"rotation":0,"texture":"#0"},"up":{"uv":[0.0,1.625,0.25,1.875],"tintindex":0,"rotation":0,"texture":"#0"},"down":{"uv":[0.0,1.875,0.25,2.125],"tintindex":0,"rotation":0,"texture":"#0"}},"rotation":{"origin":[8.0,9.0,8.0],"angle":22.5,"axis":"x"}}],"display":{"gui":{"rotation":[30,225,0]}}}