{
	"credit": "Made with Blockbench",
	"texture_size": [64, 64],
	"textures": {
		"0": "modelengine:entity/medusa"
	},
	"elements": [
		{
			"from": [4, 12, 5],
			"to": [13, 18, 14],
			"rotation": {"angle": 0, "axis": "y", "origin": [4, 9, 5]},
			"faces": {
				"north": {"uv": [6.25, 0, 7.375, 0.75], "texture": "#0"},
				"east": {"uv": [7.375, 1, 8.5, 1.75], "texture": "#0"},
				"south": {"uv": [10, 6.875, 11.125, 7.625], "texture": "#0"},
				"west": {"uv": [7.125, 10, 8.25, 10.75], "texture": "#0"},
				"up": {"uv": [8.75, 8, 7.625, 6.875], "texture": "#0"},
				"down": {"uv": [5.25, 7.875, 4.125, 9], "texture": "#0"}
			}
		},
		{
			"from": [4, 18, 4],
			"to": [12, 20, 15],
			"rotation": {"angle": 0, "axis": "y", "origin": [4, 15, 5]},
			"faces": {
				"north": {"uv": [5.875, 1.875, 6.875, 2.125], "texture": "#0"},
				"east": {"uv": [11.25, 9, 12.625, 9.25], "texture": "#0"},
				"south": {"uv": [11.75, 9.25, 12.75, 9.5], "texture": "#0"},
				"west": {"uv": [11.375, 5, 12.75, 5.25], "texture": "#0"},
				"up": {"uv": [2.5, 7.625, 1.5, 6.25], "texture": "#0"},
				"down": {"uv": [3.5, 6.25, 2.5, 7.625], "texture": "#0"}
			}
		},
		{
			"from": [4, 6, 13],
			"to": [12, 19, 16],
			"rotation": {"angle": 0, "axis": "y", "origin": [4, 15, 5]},
			"faces": {
				"north": {"uv": [0, 4.5, 1, 6.125], "texture": "#0"},
				"east": {"uv": [8.125, 10.75, 8.5, 12.375], "texture": "#0"},
				"south": {"uv": [4.5, 4, 5.5, 5.625], "texture": "#0"},
				"west": {"uv": [8.5, 10.75, 8.875, 12.375], "texture": "#0"},
				"up": {"uv": [12.375, 0.875, 11.375, 0.5], "texture": "#0"},
				"down": {"uv": [12.375, 3.625, 11.375, 4], "texture": "#0"}
			}
		},
		{
			"from": [12, 16, 5],
			"to": [14, 19, 15],
			"rotation": {"angle": 0, "axis": "y", "origin": [4, 15, 6]},
			"faces": {
				"north": {"uv": [6.875, 3.5, 7.125, 3.875], "texture": "#0"},
				"east": {"uv": [10.5, 5.375, 11.75, 5.75], "texture": "#0"},
				"south": {"uv": [1.125, 8.25, 1.375, 8.625], "texture": "#0"},
				"west": {"uv": [10.5, 9.25, 11.75, 9.625], "texture": "#0"},
				"up": {"uv": [2.375, 13.125, 2.125, 11.875], "texture": "#0"},
				"down": {"uv": [4.375, 11.875, 4.125, 13.125], "texture": "#0"}
			}
		},
		{
			"from": [10, 7, 11],
			"to": [14, 16, 15],
			"rotation": {"angle": 0, "axis": "y", "origin": [4, 15, 6]},
			"faces": {
				"north": {"uv": [8.875, 10.75, 9.375, 11.875], "texture": "#0"},
				"east": {"uv": [9.375, 10.75, 9.875, 11.875], "texture": "#0"},
				"south": {"uv": [9.875, 10.75, 10.375, 11.875], "texture": "#0"},
				"west": {"uv": [2.875, 10.875, 3.375, 12], "texture": "#0"},
				"up": {"uv": [6, 12.375, 5.5, 11.875], "texture": "#0"},
				"down": {"uv": [12.375, 8.25, 11.875, 8.75], "texture": "#0"}
			}
		},
		{
			"from": [2, 11, 4],
			"to": [4, 20, 15],
			"rotation": {"angle": 0, "axis": "y", "origin": [4, 15, 5]},
			"faces": {
				"north": {"uv": [4.375, 11.875, 4.625, 13], "texture": "#0"},
				"east": {"uv": [1, 5.125, 2.375, 6.25], "texture": "#0"},
				"south": {"uv": [4.875, 11.875, 5.125, 13], "texture": "#0"},
				"west": {"uv": [2.375, 5.125, 3.75, 6.25], "texture": "#0"},
				"up": {"uv": [0.75, 12.625, 0.5, 11.25], "texture": "#0"},
				"down": {"uv": [2.75, 11.25, 2.5, 12.625], "texture": "#0"}
			}
		},
		{
			"from": [2, 7, 9],
			"to": [6, 11, 15],
			"rotation": {"angle": 0, "axis": "y", "origin": [4, 15, 5]},
			"faces": {
				"north": {"uv": [8.875, 11.875, 9.375, 12.375], "texture": "#0"},
				"east": {"uv": [11.375, 4, 12.125, 4.5], "texture": "#0"},
				"south": {"uv": [9.375, 11.875, 9.875, 12.375], "texture": "#0"},
				"west": {"uv": [11.375, 4.5, 12.125, 5], "texture": "#0"},
				"up": {"uv": [7.5, 12.125, 7, 11.375], "texture": "#0"},
				"down": {"uv": [8, 11.375, 7.5, 12.125], "texture": "#0"}
			}
		},
		{
			"from": [12.42074, 13, 9.11522],
			"to": [13.42074, 16, 11.11522],
			"rotation": {"angle": 0, "axis": "y", "origin": [12.92074, 14.5, 10.11522]},
			"faces": {
				"north": {"uv": [9.75, 3.625, 9.875, 4], "texture": "#0"},
				"east": {"uv": [3.5, 6.25, 3.75, 6.625], "texture": "#0"},
				"south": {"uv": [9.375, 10, 9.5, 10.375], "texture": "#0"},
				"west": {"uv": [6.875, 3.125, 7.125, 3.5], "texture": "#0"},
				"up": {"uv": [8.625, 3.875, 8.5, 3.625], "texture": "#0"},
				"down": {"uv": [8.875, 7.75, 8.75, 8], "texture": "#0"}
			}
		},
		{
			"from": [7.5, 12.11522, 4.42074],
			"to": [9.5, 15.11522, 5.42074],
			"rotation": {"angle": 22.5, "axis": "x", "origin": [8.5, 13.11522, 4.92074]},
			"faces": {
				"north": {"uv": [12.125, 6.625, 12.5, 7], "texture": "#0"},
				"east": {"uv": [1.375, 7.25, 1.5, 7.625], "texture": "#0"},
				"south": {"uv": [7, 12.125, 7.375, 12.5], "texture": "#0"},
				"west": {"uv": [1, 9.25, 1.125, 9.625], "texture": "#0"},
				"up": {"uv": [4.375, 1.875, 4, 1.75], "texture": "#0"},
				"down": {"uv": [5.625, 0.875, 5.25, 1], "texture": "#0"}
			}
		},
		{
			"from": [5, 9.10895, 5.57507],
			"to": [12, 13.10895, 11.57507],
			"rotation": {"angle": -22.5, "axis": "x", "origin": [8.5, 11.10895, 8.07507]},
			"faces": {
				"north": {"uv": [11.125, 2.375, 12, 2.875], "texture": "#0"},
				"east": {"uv": [3.75, 5.125, 4.5, 5.625], "texture": "#0"},
				"south": {"uv": [11.125, 6.375, 12, 6.875], "texture": "#0"},
				"west": {"uv": [11.375, 0, 12.125, 0.5], "texture": "#0"},
				"up": {"uv": [11.25, 10.5, 10.375, 9.75], "texture": "#0"},
				"down": {"uv": [11.375, 4.625, 10.5, 5.375], "texture": "#0"}
			}
		},
		{
			"from": [15, 6, 8],
			"to": [18, 8, 14],
			"rotation": {"angle": -45, "axis": "y", "origin": [16.5, 7, 6.33333]},
			"faces": {
				"north": {"uv": [5.25, 6.625, 4.875, 6.875], "texture": "#0"},
				"east": {"uv": [12.625, 8.75, 11.875, 9], "texture": "#0"},
				"south": {"uv": [11.625, 10.25, 11.25, 10.5], "texture": "#0"},
				"west": {"uv": [4.875, 7.625, 4.125, 7.875], "texture": "#0"},
				"up": {"uv": [4, 1.75, 4.375, 1], "texture": "#0"},
				"down": {"uv": [11.875, 1.625, 12.25, 2.375], "texture": "#0"}
			}
		},
		{
			"from": [13.38215, 5.43831, 5.08206],
			"to": [16.38215, 7.43831, 9.08206],
			"rotation": {"angle": -22.5, "axis": "x", "origin": [14.88215, 6.43831, 7.41539]},
			"faces": {
				"north": {"uv": [12.5, 10.625, 12.125, 10.875], "texture": "#0"},
				"east": {"uv": [3.375, 9.625, 2.875, 9.875], "texture": "#0"},
				"south": {"uv": [1.125, 12.25, 0.75, 12.5], "texture": "#0"},
				"west": {"uv": [9.5, 8.75, 9, 9], "texture": "#0"},
				"up": {"uv": [12, 2.875, 12.375, 2.375], "texture": "#0"},
				"down": {"uv": [0, 12.125, 0.375, 12.625], "texture": "#0"}
			}
		},
		{
			"from": [13.38215, 4.62151, 1.64235],
			"to": [16.38215, 6.62151, 5.64235],
			"rotation": {"angle": 0, "axis": "x", "origin": [14.88215, 5.62151, 7.97569]},
			"faces": {
				"north": {"uv": [12.625, 0.875, 12.25, 1.125], "texture": "#0"},
				"east": {"uv": [12.625, 3.375, 12.125, 3.625], "texture": "#0"},
				"south": {"uv": [12.625, 1.125, 12.25, 1.375], "texture": "#0"},
				"west": {"uv": [10.375, 4.625, 9.875, 4.875], "texture": "#0"},
				"up": {"uv": [12.125, 0.5, 12.5, 0], "texture": "#0"},
				"down": {"uv": [1.375, 12.125, 1.75, 12.625], "texture": "#0"}
			}
		},
		{
			"from": [11, 9, 6],
			"to": [14, 11, 12],
			"rotation": {"angle": -45, "axis": "y", "origin": [12.5, 10.11934, 12.09588]},
			"faces": {
				"north": {"uv": [5.25, 6.625, 4.875, 6.875], "texture": "#0"},
				"east": {"uv": [12.625, 8.75, 11.875, 9], "texture": "#0"},
				"south": {"uv": [11.625, 10.25, 11.25, 10.5], "texture": "#0"},
				"west": {"uv": [4.875, 7.625, 4.125, 7.875], "texture": "#0"},
				"up": {"uv": [4, 1.75, 4.375, 1], "texture": "#0"},
				"down": {"uv": [11.875, 1.625, 12.25, 2.375], "texture": "#0"}
			}
		},
		{
			"from": [14.8711, 6.73424, 4.04507],
			"to": [17.8711, 8.73424, 8.04507],
			"rotation": {"angle": 22.5, "axis": "x", "origin": [16.3711, 7.85359, 14.14095]},
			"faces": {
				"north": {"uv": [12.5, 10.625, 12.125, 10.875], "texture": "#0"},
				"east": {"uv": [3.375, 9.625, 2.875, 9.875], "texture": "#0"},
				"south": {"uv": [1.125, 12.25, 0.75, 12.5], "texture": "#0"},
				"west": {"uv": [9.5, 8.75, 9, 9], "texture": "#0"},
				"up": {"uv": [12, 2.875, 12.375, 2.375], "texture": "#0"},
				"down": {"uv": [0, 12.125, 0.375, 12.625], "texture": "#0"}
			}
		},
		{
			"from": [14.8711, 6.73424, 0.04507],
			"to": [17.8711, 8.73424, 4.04507],
			"rotation": {"angle": 22.5, "axis": "x", "origin": [16.3711, 7.85359, 14.14095]},
			"faces": {
				"north": {"uv": [12.625, 0.875, 12.25, 1.125], "texture": "#0"},
				"east": {"uv": [12.625, 3.375, 12.125, 3.625], "texture": "#0"},
				"south": {"uv": [12.625, 1.125, 12.25, 1.375], "texture": "#0"},
				"west": {"uv": [10.375, 4.625, 9.875, 4.875], "texture": "#0"},
				"up": {"uv": [12.125, 0.5, 12.5, 0], "texture": "#0"},
				"down": {"uv": [1.375, 12.125, 1.75, 12.625], "texture": "#0"}
			}
		},
		{
			"from": [14.8711, 12.06147, -2.54493],
			"to": [17.8711, 14.06147, 1.45507],
			"rotation": {"angle": 0, "axis": "x", "origin": [16.3711, 13.18081, 15.55095]},
			"faces": {
				"north": {"uv": [12.625, 1.375, 12.25, 1.625], "texture": "#0"},
				"east": {"uv": [12.625, 10.375, 12.125, 10.625], "texture": "#0"},
				"south": {"uv": [12.625, 1.625, 12.25, 1.875], "texture": "#0"},
				"west": {"uv": [12.625, 7.375, 12.125, 7.625], "texture": "#0"},
				"up": {"uv": [12.125, 3.375, 12.5, 2.875], "texture": "#0"},
				"down": {"uv": [12.125, 4, 12.5, 4.5], "texture": "#0"}
			}
		},
		{
			"from": [15.3711, 12.71161, -1.52643],
			"to": [17.3711, 14.71161, 1.47357],
			"rotation": {"angle": -22.5, "axis": "x", "origin": [16.8711, 13.71161, -0.02643]},
			"faces": {
				"north": {"uv": [5.5, 5.625, 5.25, 5.875], "texture": "#0"},
				"east": {"uv": [12.625, 2.125, 12.25, 2.375], "texture": "#0"},
				"south": {"uv": [7.125, 1.875, 6.875, 2.125], "texture": "#0"},
				"west": {"uv": [12.625, 1.875, 12.25, 2.125], "texture": "#0"},
				"up": {"uv": [5, 9.375, 5.25, 9], "texture": "#0"},
				"down": {"uv": [5, 9.375, 5.25, 9.75], "texture": "#0"}
			}
		},
		{
			"from": [13.38215, 4.62151, -2.35765],
			"to": [16.38215, 6.62151, 1.64235],
			"rotation": {"angle": 0, "axis": "x", "origin": [14.88215, 5.74085, 15.73823]},
			"faces": {
				"north": {"uv": [12.625, 1.375, 12.25, 1.625], "texture": "#0"},
				"east": {"uv": [12.625, 10.375, 12.125, 10.625], "texture": "#0"},
				"south": {"uv": [12.625, 1.625, 12.25, 1.875], "texture": "#0"},
				"west": {"uv": [12.625, 7.375, 12.125, 7.625], "texture": "#0"},
				"up": {"uv": [12.125, 3.375, 12.5, 2.875], "texture": "#0"},
				"down": {"uv": [12.125, 4, 12.5, 4.5], "texture": "#0"}
			}
		},
		{
			"from": [13.88215, 5.27165, -1.33914],
			"to": [15.88215, 7.27165, 1.66086],
			"rotation": {"angle": -22.5, "axis": "x", "origin": [15.38215, 6.27165, 0.16086]},
			"faces": {
				"north": {"uv": [5.5, 5.625, 5.25, 5.875], "texture": "#0"},
				"east": {"uv": [12.625, 2.125, 12.25, 2.375], "texture": "#0"},
				"south": {"uv": [7.125, 1.875, 6.875, 2.125], "texture": "#0"},
				"west": {"uv": [12.625, 1.875, 12.25, 2.125], "texture": "#0"},
				"up": {"uv": [5, 9.375, 5.25, 9], "texture": "#0"},
				"down": {"uv": [5, 9.375, 5.25, 9.75], "texture": "#0"}
			}
		},
		{
			"from": [-2, 6, 8],
			"to": [1, 8, 14],
			"rotation": {"angle": 45, "axis": "y", "origin": [-0.5, 7, 6.33333]},
			"faces": {
				"north": {"uv": [4.875, 6.625, 5.25, 6.875], "texture": "#0"},
				"east": {"uv": [4.125, 7.625, 4.875, 7.875], "texture": "#0"},
				"south": {"uv": [11.25, 10.25, 11.625, 10.5], "texture": "#0"},
				"west": {"uv": [11.875, 8.75, 12.625, 9], "texture": "#0"},
				"up": {"uv": [4.375, 1.75, 4, 1], "texture": "#0"},
				"down": {"uv": [12.25, 1.625, 11.875, 2.375], "texture": "#0"}
			}
		},
		{
			"from": [-0.38215, 5.43831, 5.08206],
			"to": [2.61785, 7.43831, 9.08206],
			"rotation": {"angle": -22.5, "axis": "x", "origin": [1.11785, 6.43831, 7.41539]},
			"faces": {
				"north": {"uv": [12.125, 10.625, 12.5, 10.875], "texture": "#0"},
				"east": {"uv": [9, 8.75, 9.5, 9], "texture": "#0"},
				"south": {"uv": [0.75, 12.25, 1.125, 12.5], "texture": "#0"},
				"west": {"uv": [2.875, 9.625, 3.375, 9.875], "texture": "#0"},
				"up": {"uv": [12.375, 2.875, 12, 2.375], "texture": "#0"},
				"down": {"uv": [0.375, 12.125, 0, 12.625], "texture": "#0"}
			}
		},
		{
			"from": [-0.38215, 4.62151, 1.64235],
			"to": [2.61785, 6.62151, 5.64235],
			"rotation": {"angle": 0, "axis": "x", "origin": [1.11785, 5.62151, 7.97569]},
			"faces": {
				"north": {"uv": [12.25, 0.875, 12.625, 1.125], "texture": "#0"},
				"east": {"uv": [9.875, 4.625, 10.375, 4.875], "texture": "#0"},
				"south": {"uv": [12.25, 1.125, 12.625, 1.375], "texture": "#0"},
				"west": {"uv": [12.125, 3.375, 12.625, 3.625], "texture": "#0"},
				"up": {"uv": [12.5, 0.5, 12.125, 0], "texture": "#0"},
				"down": {"uv": [1.75, 12.125, 1.375, 12.625], "texture": "#0"}
			}
		},
		{
			"from": [2, 9, 6],
			"to": [5, 11, 12],
			"rotation": {"angle": 45, "axis": "y", "origin": [3.5, 10.11934, 12.09588]},
			"faces": {
				"north": {"uv": [4.875, 6.625, 5.25, 6.875], "texture": "#0"},
				"east": {"uv": [4.125, 7.625, 4.875, 7.875], "texture": "#0"},
				"south": {"uv": [11.25, 10.25, 11.625, 10.5], "texture": "#0"},
				"west": {"uv": [11.875, 8.75, 12.625, 9], "texture": "#0"},
				"up": {"uv": [4.375, 1.75, 4, 1], "texture": "#0"},
				"down": {"uv": [12.25, 1.625, 11.875, 2.375], "texture": "#0"}
			}
		},
		{
			"from": [-1.8711, 6.73424, 4.04507],
			"to": [1.1289, 8.73424, 8.04507],
			"rotation": {"angle": 22.5, "axis": "x", "origin": [-0.3711, 7.85359, 14.14095]},
			"faces": {
				"north": {"uv": [12.125, 10.625, 12.5, 10.875], "texture": "#0"},
				"east": {"uv": [9, 8.75, 9.5, 9], "texture": "#0"},
				"south": {"uv": [0.75, 12.25, 1.125, 12.5], "texture": "#0"},
				"west": {"uv": [2.875, 9.625, 3.375, 9.875], "texture": "#0"},
				"up": {"uv": [12.375, 2.875, 12, 2.375], "texture": "#0"},
				"down": {"uv": [0.375, 12.125, 0, 12.625], "texture": "#0"}
			}
		},
		{
			"from": [-1.8711, 6.73424, 0.04507],
			"to": [1.1289, 8.73424, 4.04507],
			"rotation": {"angle": 22.5, "axis": "x", "origin": [-0.3711, 7.85359, 14.14095]},
			"faces": {
				"north": {"uv": [12.25, 0.875, 12.625, 1.125], "texture": "#0"},
				"east": {"uv": [9.875, 4.625, 10.375, 4.875], "texture": "#0"},
				"south": {"uv": [12.25, 1.125, 12.625, 1.375], "texture": "#0"},
				"west": {"uv": [12.125, 3.375, 12.625, 3.625], "texture": "#0"},
				"up": {"uv": [12.5, 0.5, 12.125, 0], "texture": "#0"},
				"down": {"uv": [1.75, 12.125, 1.375, 12.625], "texture": "#0"}
			}
		},
		{
			"from": [-1.8711, 12.06147, -2.54493],
			"to": [1.1289, 14.06147, 1.45507],
			"rotation": {"angle": 0, "axis": "x", "origin": [-0.3711, 13.18081, 15.55095]},
			"faces": {
				"north": {"uv": [12.25, 1.375, 12.625, 1.625], "texture": "#0"},
				"east": {"uv": [12.125, 7.375, 12.625, 7.625], "texture": "#0"},
				"south": {"uv": [12.25, 1.625, 12.625, 1.875], "texture": "#0"},
				"west": {"uv": [12.125, 10.375, 12.625, 10.625], "texture": "#0"},
				"up": {"uv": [12.5, 3.375, 12.125, 2.875], "texture": "#0"},
				"down": {"uv": [12.5, 4, 12.125, 4.5], "texture": "#0"}
			}
		},
		{
			"from": [-1.3711, 12.71161, -1.52643],
			"to": [0.6289, 14.71161, 1.47357],
			"rotation": {"angle": -22.5, "axis": "x", "origin": [-0.8711, 13.71161, -0.02643]},
			"faces": {
				"north": {"uv": [5.25, 5.625, 5.5, 5.875], "texture": "#0"},
				"east": {"uv": [12.25, 1.875, 12.625, 2.125], "texture": "#0"},
				"south": {"uv": [6.875, 1.875, 7.125, 2.125], "texture": "#0"},
				"west": {"uv": [12.25, 2.125, 12.625, 2.375], "texture": "#0"},
				"up": {"uv": [5.25, 9.375, 5, 9], "texture": "#0"},
				"down": {"uv": [5.25, 9.375, 5, 9.75], "texture": "#0"}
			}
		},
		{
			"from": [-0.38215, 4.62151, -2.35765],
			"to": [2.61785, 6.62151, 1.64235],
			"rotation": {"angle": 0, "axis": "x", "origin": [1.11785, 5.74085, 15.73823]},
			"faces": {
				"north": {"uv": [12.25, 1.375, 12.625, 1.625], "texture": "#0"},
				"east": {"uv": [12.125, 7.375, 12.625, 7.625], "texture": "#0"},
				"south": {"uv": [12.25, 1.625, 12.625, 1.875], "texture": "#0"},
				"west": {"uv": [12.125, 10.375, 12.625, 10.625], "texture": "#0"},
				"up": {"uv": [12.5, 3.375, 12.125, 2.875], "texture": "#0"},
				"down": {"uv": [12.5, 4, 12.125, 4.5], "texture": "#0"}
			}
		},
		{
			"from": [0.11785, 5.27165, -1.33914],
			"to": [2.11785, 7.27165, 1.66086],
			"rotation": {"angle": -22.5, "axis": "x", "origin": [0.61785, 6.27165, 0.16086]},
			"faces": {
				"north": {"uv": [5.25, 5.625, 5.5, 5.875], "texture": "#0"},
				"east": {"uv": [12.25, 1.875, 12.625, 2.125], "texture": "#0"},
				"south": {"uv": [6.875, 1.875, 7.125, 2.125], "texture": "#0"},
				"west": {"uv": [12.25, 2.125, 12.625, 2.375], "texture": "#0"},
				"up": {"uv": [5.25, 9.375, 5, 9], "texture": "#0"},
				"down": {"uv": [5.25, 9.375, 5, 9.75], "texture": "#0"}
			}
		}
	],
	"display": {
		"thirdperson_righthand": {
			"rotation": [38, 0, 0],
			"translation": [0, -1.75, -6.25],
			"scale": [0.8, 0.8, 0.8]
		},
		"thirdperson_lefthand": {
			"rotation": [38, 0, 0],
			"translation": [0, -1.75, -6.25],
			"scale": [0.8, 0.8, 0.8]
		},
		"firstperson_righthand": {
			"rotation": [-19, 118, 0],
			"translation": [6.25, -6, -6.25],
			"scale": [0.8, 0.8, 0.8]
		},
		"firstperson_lefthand": {
			"rotation": [-19, 118, 0],
			"translation": [6.25, -6, -6.25],
			"scale": [0.8, 0.8, 0.8]
		},
		"ground": {
			"rotation": [38, 0, 0],
			"translation": [0, 4.5, 0]
		},
		"gui": {
			"rotation": [11, 153, 0],
			"translation": [1.5, -3, 0],
			"scale": [0.6, 0.6, 0.6]
		},
		"head": {
			"translation": [0, -6, -1.75],
			"scale": [1.2, 1.2, 1.2]
		},
		"fixed": {
			"translation": [0, -10.5, -7.25],
			"scale": [2, 2, 2]
		}
	},
	"groups": [
		{
			"name": "h_head",
			"origin": [0.5, 13.10895, 5.07507],
			"color": 0,
			"children": [0, 1, 2, 3, 4, 5, 6, 7, 8, 9,
				{
					"name": "h_snake_hair_stand10",
					"origin": [4.5, 12, 6],
					"color": 0,
					"children": [
						{
							"name": "h_snake_hair_stand7",
							"origin": [3.5, 10, 8],
							"color": 0,
							"children": [10,
								{
									"name": "h_snake_hair_stand8",
									"origin": [3.5, 10, 2],
									"color": 0,
									"children": [11,
										{
											"name": "h_snake_hair_stand9",
											"origin": [3.5, 10, -2],
											"color": 0,
											"children": [12,
												{
													"name": "h_snake_hair_head3",
													"origin": [3.5, 10, -6],
													"color": 0,
													"children": []
												}
											]
										}
									]
								}
							]
						}, 13,
						{
							"name": "h_snake_hair_stand11",
							"origin": [4.5, 12, 0],
							"color": 0,
							"children": [14,
								{
									"name": "h_snake_hair_stand12",
									"origin": [4.5, 12, -4],
									"color": 0,
									"children": [15,
										{
											"name": "h_snake_hair_head4",
											"origin": [4.5, 12, -8],
											"color": 0,
											"children": [16, 17, 18, 19]
										}
									]
								}
							]
						}
					]
				},
				{
					"name": "h_snake_hair_stand10",
					"origin": [4.5, 12, 6],
					"color": 0,
					"children": [
						{
							"name": "h_snake_hair_stand7",
							"origin": [3.5, 10, 8],
							"color": 0,
							"children": [20,
								{
									"name": "h_snake_hair_stand8",
									"origin": [3.5, 10, 2],
									"color": 0,
									"children": [21,
										{
											"name": "h_snake_hair_stand9",
											"origin": [3.5, 10, -2],
											"color": 0,
											"children": [22,
												{
													"name": "h_snake_hair_head3",
													"origin": [3.5, 10, -6],
													"color": 0,
													"children": []
												}
											]
										}
									]
								}
							]
						}, 23,
						{
							"name": "h_snake_hair_stand11",
							"origin": [4.5, 12, 0],
							"color": 0,
							"children": [24,
								{
									"name": "h_snake_hair_stand12",
									"origin": [4.5, 12, -4],
									"color": 0,
									"children": [25,
										{
											"name": "h_snake_hair_head4",
											"origin": [4.5, 12, -8],
											"color": 0,
											"children": [26, 27, 28, 29]
										}
									]
								}
							]
						}
					]
				}
			]
		}
	]
}