{
	"credit": "Made with Blockbench",
	"texture_size": [64, 64],
	"textures": {
		"2": "modelengine:entity/steamboat"
	},
	"elements": [
		{
			"from": [4, 2, 5],
			"to": [12, 9, 11],
			"rotation": {"angle": 0, "axis": "y", "origin": [8, 0, 8]},
			"faces": {
				"north": {"uv": [0, 0, 2, 1.75], "texture": "#2"},
				"east": {"uv": [1.5, 3.5, 0, 5.25], "texture": "#2"},
				"south": {"uv": [0, 1.75, 2, 3.5], "texture": "#2"},
				"west": {"uv": [0, 3.5, 1.5, 5.25], "texture": "#2"},
				"up": {"uv": [4, 1.5, 2, 0], "texture": "#2"},
				"down": {"uv": [4, 1.5, 2, 3], "texture": "#2"}
			}
		},
		{
			"from": [1, 7, 8],
			"to": [6, 12, 10],
			"rotation": {"angle": 0, "axis": "y", "origin": [8, 0, 9]},
			"faces": {
				"north": {"uv": [1.5, 4.75, 2.75, 6], "texture": "#2"},
				"east": {"uv": [1.5, 3.5, 2, 4.75], "texture": "#2"},
				"south": {"uv": [0, 5.25, 1.25, 6.5], "texture": "#2"},
				"west": {"uv": [0.75, 6.5, 1.25, 7.75], "texture": "#2"},
				"up": {"uv": [8, 3, 6.75, 2.5], "texture": "#2"},
				"down": {"uv": [8, 3, 6.75, 3.5], "texture": "#2"}
			}
		},
		{
			"from": [10, 7, 8],
			"to": [15, 12, 10],
			"rotation": {"angle": 0, "axis": "y", "origin": [8, 0, 9]},
			"faces": {
				"north": {"uv": [2.75, 4.75, 1.5, 6], "texture": "#2"},
				"east": {"uv": [1.25, 6.5, 0.75, 7.75], "texture": "#2"},
				"south": {"uv": [1.25, 5.25, 0, 6.5], "texture": "#2"},
				"west": {"uv": [2, 3.5, 1.5, 4.75], "texture": "#2"},
				"up": {"uv": [6.75, 3, 8, 2.5], "texture": "#2"},
				"down": {"uv": [6.75, 3, 8, 3.5], "texture": "#2"}
			}
		},
		{
			"from": [6.5, 2, 1],
			"to": [9.5, 5, 5],
			"rotation": {"angle": 0, "axis": "y", "origin": [8.5, -1, 8]},
			"faces": {
				"north": {"uv": [6.75, 5.5, 7.5, 6.25], "texture": "#2"},
				"east": {"uv": [4, 2.25, 5, 3], "texture": "#2"},
				"south": {"uv": [7, 0, 7.75, 0.75], "texture": "#2"},
				"west": {"uv": [4.75, 6.25, 5.75, 7], "texture": "#2"},
				"up": {"uv": [6.5, 7.25, 5.75, 6.25], "texture": "#2"},
				"down": {"uv": [0.75, 6.5, 0, 7.5], "texture": "#2"}
			}
		},
		{
			"from": [7, 4.75, 1],
			"to": [9, 7.75, 3],
			"rotation": {"angle": 0, "axis": "y", "origin": [8, 20.25, 2]},
			"faces": {
				"north": {"uv": [4.25, 7.5, 4.75, 8.25], "texture": "#2"},
				"east": {"uv": [7.75, 1, 8.25, 1.75], "texture": "#2"},
				"south": {"uv": [1.5, 7.75, 2, 8.5], "texture": "#2"},
				"west": {"uv": [7.75, 1.75, 8.25, 2.5], "texture": "#2"},
				"up": {"uv": [6.75, 8.25, 6.25, 7.75], "texture": "#2"},
				"down": {"uv": [7.25, 7.75, 6.75, 8.25], "texture": "#2"}
			}
		}
	],
	"gui_light": "front",
	"display": {
		"gui": {
			"rotation": [16, 145, 0],
			"translation": [0, 1.25, 0]
		}
	},
	"groups": [
		{
			"name": "h_head",
			"origin": [8, 16, 8],
			"color": 0,
			"children": [
				0,
				{
					"name": "h_left_ear",
					"origin": [4.5, 22.5, 9],
					"color": 0,
					"children": [1]
				},
				{
					"name": "h_right_ear",
					"origin": [11.5, 22.5, 9],
					"color": 0,
					"children": [2]
				},
				{
					"name": "h_snout",
					"origin": [8, 16, 5],
					"color": 0,
					"children": [
						3,
						{
							"name": "h_nose",
							"origin": [8, 18.75, 2],
							"color": 0,
							"children": [4]
						}
					]
				}
			]
		}
	]
}