{"textures":{"0":"modelengine:entity/garlic_stage"},"elements":[{"from":[6.0,5.5,6.0],"to":[10.0,8.5,10.0],"faces":{"east":{"uv":[0.5,2.0625,0.25,2.25],"tintindex":0,"rotation":0,"texture":"#0"},"south":{"uv":[0.25,2.0625,0.5,2.25],"tintindex":0,"rotation":0,"texture":"#0"},"north":{"uv":[0.25,2.0625,0.5,2.25],"tintindex":0,"rotation":0,"texture":"#0"},"west":{"uv":[0.5,2.0625,0.25,2.25],"tintindex":0,"rotation":0,"texture":"#0"},"up":{"uv":[0.0,2.0625,0.25,2.3125],"tintindex":0,"rotation":0,"texture":"#0"},"down":{"uv":[0.0,2.3125,0.25,2.5625],"tintindex":0,"rotation":0,"texture":"#0"}}},{"from":[7.0,8.5,7.0],"to":[9.0,9.5,9.0],"faces":{"east":{"uv":[0.4375,2.3125,0.5625,2.375],"tintindex":0,"rotation":0,"texture":"#0"},"south":{"uv":[0.4375,2.3125,0.5625,2.375],"tintindex":0,"rotation":0,"texture":"#0"},"north":{"uv":[0.5625,2.3125,0.4375,2.375],"tintindex":0,"rotation":0,"texture":"#0"},"west":{"uv":[0.5625,2.3125,0.4375,2.375],"tintindex":0,"rotation":0,"texture":"#0"},"up":{"uv":[0.3125,2.3125,0.4375,2.4375],"tintindex":0,"rotation":0,"texture":"#0"},"down":{"uv":[0.3125,2.4375,0.4375,2.5625],"tintindex":0,"rotation":0,"texture":"#0"}}},{"from":[7.5,9.0,7.5],"to":[8.5,11.0,8.5],"faces":{"east":{"uv":[0.625,2.0625,0.6875,2.1875],"tintindex":0,"rotation":0,"texture":"#0"},"south":{"uv":[0.625,2.0625,0.6875,2.1875],"tintindex":0,"rotation":0,"texture":"#0"},"north":{"uv":[0.6875,2.0625,0.625,2.1875],"tintindex":0,"rotation":0,"texture":"#0"},"west":{"uv":[0.6875,2.0625,0.625,2.1875],"tintindex":0,"rotation":0,"texture":"#0"},"up":{"uv":[0.5625,2.0625,0.625,2.125],"tintindex":0,"rotation":0,"texture":"#0"},"down":{"uv":[0.5625,2.125,0.625,2.1875],"tintindex":0,"rotation":0,"texture":"#0"}},"rotation":{"origin":[8.0,9.5,8.0],"angle":-22.5,"axis":"x"}}],"display":{"gui":{"rotation":[30,225,0]}}}