{"textures":{"0":"modelengine:entity/anubis_dark_pet"},"elements":[{"from":[7.0,5.0,5.0],"to":[9.0,8.0,8.0],"faces":{"east":{"uv":[10.25,0.0,11.0,0.75],"tintindex":0,"rotation":0,"texture":"#0"},"south":{"uv":[11.0,0.0,11.5,0.75],"tintindex":0,"rotation":0,"texture":"#0"},"north":{"uv":[10.75,10.25,11.25,11.0],"tintindex":0,"rotation":0,"texture":"#0"},"west":{"uv":[4.0,10.25,4.75,11.0],"tintindex":0,"rotation":0,"texture":"#0"},"up":{"uv":[11.5,2.75,11.0,2.0],"tintindex":0,"rotation":0,"texture":"#0"},"down":{"uv":[4.5,11.0,4.0,11.75],"tintindex":0,"rotation":0,"texture":"#0"}}},{"from":[7.306563,3.4588041,5.0],"to":[9.306562,5.458804,8.0],"faces":{"east":{"uv":[11.0,4.0,11.75,4.5],"tintindex":0,"rotation":0,"texture":"#0"},"south":{"uv":[11.0,7.25,11.5,7.75],"tintindex":0,"rotation":0,"texture":"#0"},"north":{"uv":[7.25,11.0,7.75,11.5],"tintindex":0,"rotation":0,"texture":"#0"},"west":{"uv":[11.0,4.5,11.75,5.0],"tintindex":0,"rotation":0,"texture":"#0"},"up":{"uv":[11.5,5.75,11.0,5.0],"tintindex":0,"rotation":0,"texture":"#0"},"down":{"uv":[6.0,11.0,5.5,11.75],"tintindex":0,"rotation":0,"texture":"#0"}},"rotation":{"origin":[8.306562,4.458804,6.5],"angle":22.5,"axis":"z"}}],"display":{"gui":{"rotation":[30,225,0]}}}