{"textures":{"0":"modelengine:entity/anubis_dark_pet"},"elements":[{"from":[5.5,4.8795476,6.5782156],"to":[8.5,8.879547,9.578216],"faces":{"east":{"uv":[9.25,8.75,10.0,9.75],"tintindex":0,"rotation":0,"texture":"#0"},"south":{"uv":[9.5,0.0,10.25,1.0],"tintindex":0,"rotation":0,"texture":"#0"},"north":{"uv":[7.75,9.25,8.5,10.25],"tintindex":0,"rotation":0,"texture":"#0"},"west":{"uv":[1.25,9.5,2.0,10.5],"tintindex":0,"rotation":0,"texture":"#0"},"up":{"uv":[5.0,7.0,4.25,6.25],"tintindex":0,"rotation":0,"texture":"#0"},"down":{"uv":[7.5,2.25,6.75,3.0],"tintindex":0,"rotation":0,"texture":"#0"}}}],"display":{"gui":{"rotation":[30,225,0]}}}