{"textures":{"0":"modelengine:entity/anubis_dark_pet"},"elements":[{"from":[9.5,8.0,8.0],"to":[12.5,10.0,9.0],"faces":{"east":{"uv":[1.25,10.0,1.0,10.5],"tintindex":0,"rotation":0,"texture":"#0"},"south":{"uv":[2.75,10.75,2.0,11.25],"tintindex":0,"rotation":0,"texture":"#0"},"north":{"uv":[11.25,3.0,10.5,3.5],"tintindex":0,"rotation":0,"texture":"#0"},"west":{"uv":[4.25,9.75,4.0,10.25],"tintindex":0,"rotation":0,"texture":"#0"},"up":{"uv":[2.25,7.5,3.0,7.25],"tintindex":0,"rotation":0,"texture":"#0"},"down":{"uv":[8.0,2.0,8.75,2.25],"tintindex":0,"rotation":0,"texture":"#0"}},"rotation":{"origin":[10.0,9.0,8.5],"angle":22.5,"axis":"z"}},{"from":[7.5,6.0,6.0],"to":[11.5,10.0,11.0],"faces":{"east":{"uv":[8.5,0.0,7.25,1.0],"tintindex":0,"rotation":0,"texture":"#0"},"south":{"uv":[9.75,2.0,8.75,3.0],"tintindex":0,"rotation":0,"texture":"#0"},"north":{"uv":[9.5,5.5,8.5,6.5],"tintindex":0,"rotation":0,"texture":"#0"},"west":{"uv":[8.0,7.0,6.75,8.0],"tintindex":0,"rotation":0,"texture":"#0"},"up":{"uv":[1.25,8.5,2.25,7.25],"tintindex":0,"rotation":0,"texture":"#0"},"down":{"uv":[2.25,7.5,3.25,8.75],"tintindex":0,"rotation":0,"texture":"#0"}}},{"from":[8.5,4.0,7.0],"to":[10.5,6.0,10.0],"faces":{"east":{"uv":[5.5,10.75,4.75,11.25],"tintindex":0,"rotation":0,"texture":"#0"},"south":{"uv":[11.5,6.75,11.0,7.25],"tintindex":0,"rotation":0,"texture":"#0"},"north":{"uv":[7.25,11.0,6.75,11.5],"tintindex":0,"rotation":0,"texture":"#0"},"west":{"uv":[3.5,10.75,2.75,11.25],"tintindex":0,"rotation":0,"texture":"#0"},"up":{"uv":[0.0,11.5,0.5,10.75],"tintindex":0,"rotation":0,"texture":"#0"},"down":{"uv":[3.5,10.75,4.0,11.5],"tintindex":0,"rotation":0,"texture":"#0"}}}],"display":{"gui":{"rotation":[30,225,0]}}}