{"textures":{"2":"modelengine:entity/azriel"},"elements":[{"from":[2.0,7.5355377,-1.514719],"to":[14.0,23.535538,9.485281],"faces":{"east":{"uv":[3.25,7.5,3.9375,8.5],"tintindex":0,"rotation":0,"texture":"#2"},"south":{"uv":[0.75,7.25,1.5,8.25],"tintindex":0,"rotation":0,"texture":"#2"},"north":{"uv":[0.0,7.25,0.75,8.25],"tintindex":0,"rotation":0,"texture":"#2"},"west":{"uv":[3.9375,7.5,3.25,8.5],"tintindex":0,"rotation":0,"texture":"#2"},"up":{"uv":[6.125,8.75,5.375,8.0625],"tintindex":0,"rotation":0,"texture":"#2"},"down":{"uv":[6.875,8.0625,6.125,8.75],"tintindex":0,"rotation":0,"texture":"#2"}}},{"from":[2.0,22.386566,-7.2859745],"to":[14.0,22.386566,-1.2859745],"faces":{"up":{"uv":[9.75,0.375,9.0,0.0],"tintindex":0,"rotation":0,"texture":"#2"},"down":{"uv":[9.0,0.0,9.75,0.375],"tintindex":0,"rotation":0,"texture":"#2"}},"rotation":{"origin":[8.0,22.386566,-4.2859745],"angle":-22.5,"axis":"x"}},{"from":[16.475582,7.5355377,-7.488886],"to":[16.475582,23.535538,-0.48888588],"faces":{"east":{"uv":[3.5625,8.5,3.125,9.5],"tintindex":0,"rotation":0,"texture":"#2"},"west":{"uv":[3.125,8.5,3.5625,9.5],"tintindex":0,"rotation":0,"texture":"#2"}},"rotation":{"origin":[16.475582,17.035538,-3.9888859],"angle":-45.0,"axis":"y"}},{"from":[3.0,17.029251,7.994689],"to":[13.0,23.029251,16.994688],"faces":{"east":{"uv":[9.1875,9.0625,9.75,9.4375],"tintindex":0,"rotation":0,"texture":"#2"},"south":{"uv":[9.1875,1.9375,9.8125,2.3125],"tintindex":0,"rotation":0,"texture":"#2"},"north":{"uv":[9.0,6.75,9.625,7.125],"tintindex":0,"rotation":0,"texture":"#2"},"west":{"uv":[9.75,9.0625,9.1875,9.4375],"tintindex":0,"rotation":0,"texture":"#2"},"up":{"uv":[2.6875,9.3125,2.0625,8.75],"tintindex":0,"rotation":0,"texture":"#2"},"down":{"uv":[6.0,8.75,5.375,9.3125],"tintindex":0,"rotation":0,"texture":"#2"}},"rotation":{"origin":[8.0,20.029251,12.494688],"angle":-22.5,"axis":"x"}},{"from":[-0.47558117,7.5355377,-7.488886],"to":[-0.47558117,23.535538,-0.48888588],"faces":{"east":{"uv":[3.5625,8.5,3.125,9.5],"tintindex":0,"rotation":0,"texture":"#2"},"west":{"uv":[3.125,8.5,3.5625,9.5],"tintindex":0,"rotation":0,"texture":"#2"}},"rotation":{"origin":[-0.47558117,17.035538,-3.9888859],"angle":45.0,"axis":"y"}},{"from":[0.0,6.5355377,-2.514719],"to":[16.0,14.535538,14.485281],"faces":{"east":{"uv":[3.1875,7.75,2.125,8.25],"tintindex":0,"rotation":0,"texture":"#2"},"south":{"uv":[2.125,8.25,3.125,8.75],"tintindex":0,"rotation":0,"texture":"#2"},"north":{"uv":[0.0,8.25,1.0,8.75],"tintindex":0,"rotation":0,"texture":"#2"},"west":{"uv":[2.125,7.75,3.1875,8.25],"tintindex":0,"rotation":0,"texture":"#2"},"up":{"uv":[3.25,7.75,2.25,6.6875],"tintindex":0,"rotation":0,"texture":"#2"},"down":{"uv":[7.75,0.0,6.75,1.0625],"tintindex":0,"rotation":0,"texture":"#2"}},"rotation":{"origin":[8.0,11.035538,5.985281],"angle":-45.0,"axis":"x"}},{"from":[0.0,-1.5,-2.5],"to":[16.0,7.5,-2.5],"faces":{"south":{"uv":[7.6875,2.375,8.6875,2.9375],"tintindex":0,"rotation":0,"texture":"#2"},"north":{"uv":[7.6875,1.8125,8.6875,2.375],"tintindex":0,"rotation":0,"texture":"#2"}}}],"display":{"gui":{"rotation":[30,225,0]}}}