{"textures":{"2":"modelengine:entity/azriel"},"elements":[{"from":[13.512357,-6.182788,6.5],"to":[19.512356,-6.182788,9.5],"faces":{"up":{"uv":[9.875,3.0,9.5,2.8125],"tintindex":0,"rotation":0,"texture":"#2"},"down":{"uv":[9.875,2.8125,9.5,3.0],"tintindex":0,"rotation":0,"texture":"#2"}},"rotation":{"origin":[16.512356,-6.182788,8.0],"angle":-45.0,"axis":"z"}},{"from":[8.0,-1.0,6.5],"to":[10.0,8.0,9.5],"faces":{"east":{"uv":[9.3125,5.8125,9.5,6.375],"tintindex":0,"rotation":0,"texture":"#2"},"south":{"uv":[4.375,8.4375,4.5,9.0],"tintindex":0,"rotation":0,"texture":"#2"},"north":{"uv":[3.25,6.6875,3.375,7.25],"tintindex":0,"rotation":0,"texture":"#2"},"west":{"uv":[9.3125,8.25,9.5,8.8125],"tintindex":0,"rotation":0,"texture":"#2"},"up":{"uv":[3.375,7.4375,3.25,7.25],"tintindex":0,"rotation":0,"texture":"#2"},"down":{"uv":[2.25,7.5625,2.125,7.75],"tintindex":0,"rotation":0,"texture":"#2"}}},{"from":[7.5750656,-2.1089497,6.5],"to":[15.575066,0.89105034,9.5],"faces":{"east":{"uv":[7.0,5.25,7.1875,5.4375],"tintindex":0,"rotation":0,"texture":"#2"},"south":{"uv":[9.4375,1.1875,9.9375,1.375],"tintindex":0,"rotation":0,"texture":"#2"},"north":{"uv":[9.3125,8.8125,9.8125,9.0],"tintindex":0,"rotation":0,"texture":"#2"},"west":{"uv":[9.5,5.8125,9.6875,6.0],"tintindex":0,"rotation":0,"texture":"#2"},"up":{"uv":[9.6875,9.625,9.1875,9.4375],"tintindex":0,"rotation":0,"texture":"#2"},"down":{"uv":[0.5,9.5,0.0,9.6875],"tintindex":0,"rotation":0,"texture":"#2"}},"rotation":{"origin":[10.075066,-0.10894966,7.5],"angle":-22.5,"axis":"z"}}],"display":{"gui":{"rotation":[30,225,0]}}}