{"textures":{"2":"modelengine:entity/azriel"},"elements":[{"from":[10.0,-1.0,6.0],"to":[16.0,2.0,11.0],"faces":{"east":{"uv":[3.0,9.5,3.3125,9.6875],"tintindex":0,"rotation":0,"texture":"#2"},"south":{"uv":[8.875,8.25,9.25,8.4375],"tintindex":0,"rotation":0,"texture":"#2"},"north":{"uv":[8.4375,7.125,8.8125,7.3125],"tintindex":0,"rotation":0,"texture":"#2"},"west":{"uv":[9.5,3.0,9.8125,3.1875],"tintindex":0,"rotation":0,"texture":"#2"},"up":{"uv":[9.3125,4.75,8.9375,4.4375],"tintindex":0,"rotation":0,"texture":"#2"},"down":{"uv":[9.6875,4.875,9.3125,5.1875],"tintindex":0,"rotation":0,"texture":"#2"}}},{"from":[8.0,-1.0,6.0],"to":[10.0,8.0,11.0],"faces":{"east":{"uv":[6.9375,9.25,7.25,9.8125],"tintindex":0,"rotation":0,"texture":"#2"},"south":{"uv":[3.0,8.75,3.125,9.3125],"tintindex":0,"rotation":0,"texture":"#2"},"north":{"uv":[7.8125,8.5,7.9375,9.0625],"tintindex":0,"rotation":0,"texture":"#2"},"west":{"uv":[7.25,9.25,7.5625,9.8125],"tintindex":0,"rotation":0,"texture":"#2"},"up":{"uv":[2.25,7.5625,2.125,7.25],"tintindex":0,"rotation":0,"texture":"#2"},"down":{"uv":[1.0,9.5,0.875,9.8125],"tintindex":0,"rotation":0,"texture":"#2"}}},{"from":[16.0,-1.0,6.0],"to":[21.0,-1.0,11.0],"faces":{"up":{"uv":[9.75,1.1875,9.4375,0.875],"tintindex":0,"rotation":0,"texture":"#2"},"down":{"uv":[9.75,0.875,9.4375,1.1875],"tintindex":0,"rotation":0,"texture":"#2"}}}],"display":{"gui":{"rotation":[30,225,0]}}}