{"textures":{"2":"modelengine:entity/azriel"},"elements":[{"from":[4.5,5.0,5.5],"to":[8.0,10.0,10.0],"faces":{"east":{"uv":[6.0,8.75,6.5625,9.375],"tintindex":0,"rotation":0,"texture":"#2"},"south":{"uv":[8.75,9.0625,9.1875,9.6875],"tintindex":0,"rotation":0,"texture":"#2"},"north":{"uv":[9.0625,5.1875,9.5,5.8125],"tintindex":0,"rotation":0,"texture":"#2"},"west":{"uv":[8.75,8.4375,9.3125,9.0625],"tintindex":0,"rotation":0,"texture":"#2"},"up":{"uv":[1.4375,9.6875,1.0,9.125],"tintindex":0,"rotation":0,"texture":"#2"},"down":{"uv":[9.625,1.375,9.1875,1.9375],"tintindex":0,"rotation":0,"texture":"#2"}}},{"from":[5.0,-4.5,6.0],"to":[8.0,5.0,9.5],"faces":{"east":{"uv":[4.5,8.0625,4.9375,9.25],"tintindex":0,"rotation":0,"texture":"#2"},"south":{"uv":[7.9375,8.4375,8.3125,9.625],"tintindex":0,"rotation":0,"texture":"#2"},"north":{"uv":[6.875,8.0625,7.25,9.25],"tintindex":0,"rotation":0,"texture":"#2"},"west":{"uv":[4.9375,8.0625,5.375,9.25],"tintindex":0,"rotation":0,"texture":"#2"},"up":{"uv":[2.625,5.6875,2.25,5.25],"tintindex":0,"rotation":0,"texture":"#2"},"down":{"uv":[7.9375,9.25,7.5625,9.6875],"tintindex":0,"rotation":0,"texture":"#2"}}},{"from":[5.0,1.0,9.5],"to":[5.0,10.0,14.5],"faces":{"east":{"uv":[7.875,6.375,7.25,7.5],"tintindex":0,"rotation":0,"texture":"#2"},"west":{"uv":[7.25,6.375,7.875,7.5],"tintindex":0,"rotation":0,"texture":"#2"}}}],"display":{"gui":{"rotation":[30,225,0]}}}