{"textures":{"0":"modelengine:entity/azriel_weapon"},"elements":[{"from":[7.5000005,-7.0,7.0],"to":[9.166667,-5.333334,8.666667],"faces":{"east":{"uv":[7.125,0.0,7.75,0.625],"tintindex":0,"rotation":0,"texture":"#0"},"south":{"uv":[7.125,0.625,7.75,1.25],"tintindex":0,"rotation":0,"texture":"#0"},"north":{"uv":[6.625,6.875,7.25,7.5],"tintindex":0,"rotation":0,"texture":"#0"},"west":{"uv":[5.25,7.125,5.875,7.75],"tintindex":0,"rotation":0,"texture":"#0"},"up":{"uv":[3.125,7.875,2.5,7.25],"tintindex":0,"rotation":0,"texture":"#0"},"down":{"uv":[7.875,5.625,7.25,6.25],"tintindex":0,"rotation":0,"texture":"#0"}},"rotation":{"origin":[8.0,17.666668,7.5],"angle":-45.0,"axis":"y"}},{"from":[7.5790625,20.953917,7.6666665],"to":[8.912396,22.28725,8.333333],"faces":{"east":{"uv":[8.375,5.75,8.125,6.25],"tintindex":0,"rotation":0,"texture":"#0"},"south":{"uv":[8.25,1.0,7.75,1.5],"tintindex":0,"rotation":0,"texture":"#0"},"north":{"uv":[8.25,0.5,7.75,1.0],"tintindex":0,"rotation":0,"texture":"#0"},"west":{"uv":[6.75,8.0,6.5,8.5],"tintindex":0,"rotation":0,"texture":"#0"},"up":{"uv":[6.75,8.375,7.25,8.125],"tintindex":0,"rotation":0,"texture":"#0"},"down":{"uv":[7.25,8.125,7.75,8.375],"tintindex":0,"rotation":0,"texture":"#0"}},"rotation":{"origin":[5.9979095,16.998604,8.0],"angle":22.5,"axis":"z"}},{"from":[7.3333335,13.666668,6.833333],"to":[9.333333,17.666668,8.833333],"faces":{"east":{"uv":[2.75,5.25,3.5,6.75],"tintindex":0,"rotation":0,"texture":"#0"},"south":{"uv":[5.25,4.5,6.0,6.0],"tintindex":0,"rotation":0,"texture":"#0"},"north":{"uv":[2.0,5.25,2.75,6.75],"tintindex":0,"rotation":0,"texture":"#0"},"west":{"uv":[5.625,0.0,6.375,1.5],"tintindex":0,"rotation":0,"texture":"#0"},"up":{"uv":[7.125,0.75,6.375,0.0],"tintindex":0,"rotation":0,"texture":"#0"},"down":{"uv":[7.125,0.75,6.375,1.5],"tintindex":0,"rotation":0,"texture":"#0"}},"rotation":{"origin":[8.0,14.666668,7.5],"angle":-45.0,"axis":"y"}},{"from":[11.351561,17.35156,8.0],"to":[15.684893,21.684895,8.0],"faces":{"south":{"uv":[5.125,0.0,3.5,1.625],"tintindex":0,"rotation":0,"texture":"#0"},"north":{"uv":[3.5,0.0,5.125,1.625],"tintindex":0,"rotation":0,"texture":"#0"}}},{"from":[8.149248,19.946262,7.6666665],"to":[9.482581,21.279594,8.333333],"faces":{"east":{"uv":[8.0,8.125,7.75,8.625],"tintindex":0,"rotation":0,"texture":"#0"},"south":{"uv":[5.75,7.75,5.25,8.25],"tintindex":0,"rotation":0,"texture":"#0"},"north":{"uv":[8.25,4.375,7.75,4.875],"tintindex":0,"rotation":0,"texture":"#0"},"west":{"uv":[8.375,7.25,8.125,7.75],"tintindex":0,"rotation":0,"texture":"#0"},"up":{"uv":[8.125,8.0,8.625,7.75],"tintindex":0,"rotation":0,"texture":"#0"},"down":{"uv":[8.0,8.125,8.5,8.375],"tintindex":0,"rotation":0,"texture":"#0"}},"rotation":{"origin":[5.9979095,16.998604,8.0],"angle":45.0,"axis":"z"}},{"from":[6.666667,16.0,7.6666665],"to":[9.333333,17.333334,8.333333],"faces":{"east":{"uv":[4.5,7.875,4.75,8.375],"tintindex":0,"rotation":0,"texture":"#0"},"south":{"uv":[6.75,4.5,7.75,5.0],"tintindex":0,"rotation":0,"texture":"#0"},"north":{"uv":[2.5,6.75,3.5,7.25],"tintindex":0,"rotation":0,"texture":"#0"},"west":{"uv":[7.875,5.25,8.125,5.75],"tintindex":0,"rotation":0,"texture":"#0"},"up":{"uv":[6.625,2.875,5.625,2.625],"tintindex":0,"rotation":0,"texture":"#0"},"down":{"uv":[7.625,2.625,6.625,2.875],"tintindex":0,"rotation":0,"texture":"#0"}}},{"from":[9.581309,19.527075,7.6666665],"to":[10.914642,20.860409,8.333333],"faces":{"east":{"uv":[5.0,8.0,5.25,8.5],"tintindex":0,"rotation":0,"texture":"#0"},"south":{"uv":[7.75,0.0,8.25,0.5],"tintindex":0,"rotation":0,"texture":"#0"},"north":{"uv":[7.375,7.625,7.875,8.125],"tintindex":0,"rotation":0,"texture":"#0"},"west":{"uv":[6.25,8.0,6.5,8.5],"tintindex":0,"rotation":0,"texture":"#0"},"up":{"uv":[8.625,2.875,8.125,2.625],"tintindex":0,"rotation":0,"texture":"#0"},"down":{"uv":[8.625,2.875,8.125,3.125],"tintindex":0,"rotation":0,"texture":"#0"}},"rotation":{"origin":[5.9979095,16.998604,8.0],"angle":-22.5,"axis":"z"}},{"from":[11.495795,17.75878,7.6666665],"to":[12.829128,19.092113,8.333333],"faces":{"east":{"uv":[8.25,0.0,8.5,0.5],"tintindex":0,"rotation":0,"texture":"#0"},"south":{"uv":[7.75,6.75,8.25,7.25],"tintindex":0,"rotation":0,"texture":"#0"},"north":{"uv":[7.75,6.25,8.25,6.75],"tintindex":0,"rotation":0,"texture":"#0"},"west":{"uv":[8.25,0.5,8.5,1.0],"tintindex":0,"rotation":0,"texture":"#0"},"up":{"uv":[8.75,1.25,8.25,1.0],"tintindex":0,"rotation":0,"texture":"#0"},"down":{"uv":[8.75,1.25,8.25,1.5],"tintindex":0,"rotation":0,"texture":"#0"}},"rotation":{"origin":[5.9979095,16.998604,8.0],"angle":22.5,"axis":"z"}},{"from":[4.4142137,13.873774,7.4714046],"to":[11.747547,14.873774,8.471404],"faces":{"east":{"uv":[7.75,7.25,8.125,7.625],"tintindex":0,"rotation":0,"texture":"#0"},"south":{"uv":[5.625,1.5,8.375,1.875],"tintindex":0,"rotation":0,"texture":"#0"},"north":{"uv":[5.125,2.875,7.875,3.25],"tintindex":0,"rotation":0,"texture":"#0"},"west":{"uv":[7.875,4.875,8.25,5.25],"tintindex":0,"rotation":0,"texture":"#0"},"up":{"uv":[8.375,2.25,5.625,1.875],"tintindex":0,"rotation":0,"texture":"#0"},"down":{"uv":[8.375,2.25,5.625,2.625],"tintindex":0,"rotation":0,"texture":"#0"}},"rotation":{"origin":[8.414214,14.373774,7.9714046],"angle":45.0,"axis":"x"}},{"from":[4.4142137,13.411237,6.3556123],"to":[11.747547,13.411237,8.022279],"faces":{"up":{"uv":[4.75,3.25,7.5,3.875],"tintindex":0,"rotation":180,"texture":"#0"},"down":{"uv":[4.75,3.25,7.5,3.875],"tintindex":0,"rotation":0,"texture":"#0"}},"rotation":{"origin":[8.08088,13.411237,7.3556123],"angle":-22.5,"axis":"x"}},{"from":[3.9817739,18.684895,7.6666665],"to":[5.3151073,20.35156,8.333333],"faces":{"east":{"uv":[4.5,7.875,4.25,8.5],"tintindex":0,"rotation":0,"texture":"#0"},"south":{"uv":[8.0,3.25,7.5,3.875],"tintindex":0,"rotation":0,"texture":"#0"},"north":{"uv":[7.875,5.0,7.375,5.625],"tintindex":0,"rotation":0,"texture":"#0"},"west":{"uv":[8.125,2.625,7.875,3.25],"tintindex":0,"rotation":0,"texture":"#0"},"up":{"uv":[8.125,5.5,8.625,5.25],"tintindex":0,"rotation":0,"texture":"#0"},"down":{"uv":[8.125,5.5,8.625,5.75],"tintindex":0,"rotation":0,"texture":"#0"}}},{"from":[8.882131,13.4237385,7.6666665],"to":[10.215465,14.757072,8.333333],"faces":{"east":{"uv":[8.0,3.5,8.25,4.0],"tintindex":0,"rotation":0,"texture":"#0"},"south":{"uv":[6.875,7.625,7.375,8.125],"tintindex":0,"rotation":0,"texture":"#0"},"north":{"uv":[6.375,7.5,6.875,8.0],"tintindex":0,"rotation":0,"texture":"#0"},"west":{"uv":[4.75,8.0,5.0,8.5],"tintindex":0,"rotation":0,"texture":"#0"},"up":{"uv":[8.5,4.25,8.0,4.0],"tintindex":0,"rotation":0,"texture":"#0"},"down":{"uv":[6.25,8.0,5.75,8.25],"tintindex":0,"rotation":0,"texture":"#0"}},"rotation":{"origin":[5.9979095,16.998604,8.0],"angle":45.0,"axis":"z"}},{"from":[6.4142137,7.758961,6.1127024],"to":[9.747547,9.425628,6.1127024],"faces":{"south":{"uv":[7.25,5.625,6.0,6.25],"tintindex":0,"rotation":0,"texture":"#0"},"north":{"uv":[6.0,5.625,7.25,6.25],"tintindex":0,"rotation":0,"texture":"#0"}},"rotation":{"origin":[8.08088,8.592295,6.1127024],"angle":22.5,"axis":"x"}},{"from":[8.018227,16.018227,8.366667],"to":[12.018227,23.018227,8.366667],"faces":{"south":{"uv":[3.5,0.0,2.0,2.625],"tintindex":0,"rotation":0,"texture":"#0"},"north":{"uv":[3.5,2.625,2.0,5.25],"tintindex":0,"rotation":0,"texture":"#0"}}},{"from":[6.3312426,20.33473,7.0],"to":[7.664576,23.33473,9.0],"faces":{"east":{"uv":[6.0,6.0,5.25,7.125],"tintindex":0,"rotation":0,"texture":"#0"},"south":{"uv":[2.5,6.75,2.0,7.875],"tintindex":0,"rotation":0,"texture":"#0"},"north":{"uv":[4.75,6.0,4.25,7.125],"tintindex":0,"rotation":0,"texture":"#0"},"west":{"uv":[6.75,4.5,6.0,5.625],"tintindex":0,"rotation":0,"texture":"#0"},"up":{"uv":[4.25,7.875,4.75,7.125],"tintindex":0,"rotation":0,"texture":"#0"},"down":{"uv":[7.25,6.25,7.75,7.0],"tintindex":0,"rotation":0,"texture":"#0"}}},{"from":[4.780558,17.994741,7.6666665],"to":[6.1138916,19.328075,8.333333],"faces":{"east":{"uv":[6.5,8.0,6.25,8.5],"tintindex":0,"rotation":0,"texture":"#0"},"south":{"uv":[8.25,0.0,7.75,0.5],"tintindex":0,"rotation":0,"texture":"#0"},"north":{"uv":[7.875,7.625,7.375,8.125],"tintindex":0,"rotation":0,"texture":"#0"},"west":{"uv":[5.25,8.0,5.0,8.5],"tintindex":0,"rotation":0,"texture":"#0"},"up":{"uv":[8.125,2.875,8.625,2.625],"tintindex":0,"rotation":0,"texture":"#0"},"down":{"uv":[8.125,2.875,8.625,3.125],"tintindex":0,"rotation":0,"texture":"#0"}},"rotation":{"origin":[5.9979095,16.998604,8.0],"angle":22.5,"axis":"z"}},{"from":[2.8660717,19.291113,7.6666665],"to":[4.199405,20.624447,8.333333],"faces":{"east":{"uv":[8.5,0.5,8.25,1.0],"tintindex":0,"rotation":0,"texture":"#0"},"south":{"uv":[8.25,6.75,7.75,7.25],"tintindex":0,"rotation":0,"texture":"#0"},"north":{"uv":[8.25,6.25,7.75,6.75],"tintindex":0,"rotation":0,"texture":"#0"},"west":{"uv":[8.5,0.0,8.25,0.5],"tintindex":0,"rotation":0,"texture":"#0"},"up":{"uv":[8.25,1.25,8.75,1.0],"tintindex":0,"rotation":0,"texture":"#0"},"down":{"uv":[8.25,1.25,8.75,1.5],"tintindex":0,"rotation":0,"texture":"#0"}},"rotation":{"origin":[5.9979095,16.998604,8.0],"angle":-22.5,"axis":"z"}},{"from":[7.666667,-8.333334,7.1666665],"to":[9.0,16.666668,8.5],"faces":{"east":{"uv":[0.5,0.0,1.0,9.375],"tintindex":0,"rotation":0,"texture":"#0"},"south":{"uv":[1.0,0.0,1.5,9.375],"tintindex":0,"rotation":0,"texture":"#0"},"north":{"uv":[0.0,0.0,0.5,9.375],"tintindex":0,"rotation":0,"texture":"#0"},"west":{"uv":[1.5,0.0,2.0,9.375],"tintindex":0,"rotation":0,"texture":"#0"},"up":{"uv":[2.5,8.375,2.0,7.875],"tintindex":0,"rotation":0,"texture":"#0"},"down":{"uv":[3.0,7.875,2.5,8.375],"tintindex":0,"rotation":0,"texture":"#0"}},"rotation":{"origin":[8.0,17.666668,7.5],"angle":-45.0,"axis":"y"}},{"from":[8.335424,23.33473,7.3333335],"to":[9.335424,29.001396,8.666667],"faces":{"east":{"uv":[4.75,4.5,5.25,6.75],"tintindex":0,"rotation":0,"texture":"#0"},"south":{"uv":[3.875,6.0,4.25,8.125],"tintindex":0,"rotation":0,"texture":"#0"},"north":{"uv":[3.5,6.0,3.875,8.125],"tintindex":0,"rotation":0,"texture":"#0"},"west":{"uv":[5.125,0.0,5.625,2.25],"tintindex":0,"rotation":0,"texture":"#0"},"up":{"uv":[3.5,7.75,3.125,7.25],"tintindex":0,"rotation":0,"texture":"#0"},"down":{"uv":[3.5,7.75,3.125,8.25],"tintindex":0,"rotation":0,"texture":"#0"}}},{"from":[8.69729,14.799603,7.6666665],"to":[10.030624,16.132938,8.333333],"faces":{"east":{"uv":[7.875,5.75,8.125,6.25],"tintindex":0,"rotation":0,"texture":"#0"},"south":{"uv":[5.875,7.5,6.375,8.0],"tintindex":0,"rotation":0,"texture":"#0"},"north":{"uv":[7.5,3.875,8.0,4.375],"tintindex":0,"rotation":0,"texture":"#0"},"west":{"uv":[7.875,7.625,8.125,8.125],"tintindex":0,"rotation":0,"texture":"#0"},"up":{"uv":[7.625,1.5,7.125,1.25],"tintindex":0,"rotation":0,"texture":"#0"},"down":{"uv":[8.5,3.25,8.0,3.5],"tintindex":0,"rotation":0,"texture":"#0"}},"rotation":{"origin":[5.9979095,16.998604,8.0],"angle":22.5,"axis":"z"}},{"from":[3.9817739,16.018227,8.366667],"to":[7.981774,23.018227,8.366667],"faces":{"south":{"uv":[2.0,0.0,3.5,2.625],"tintindex":0,"rotation":0,"texture":"#0"},"north":{"uv":[2.0,2.625,3.5,5.25],"tintindex":0,"rotation":0,"texture":"#0"}}},{"from":[10.42167,11.72907,5.333333],"to":[10.42167,17.062405,10.666666],"faces":{"east":{"uv":[8.75,0.0,10.75,2.0],"tintindex":0,"rotation":0,"texture":"#0"},"west":{"uv":[8.75,0.0,10.75,2.0],"tintindex":0,"rotation":0,"texture":"#0"}},"rotation":{"origin":[5.9979095,16.998604,8.0],"angle":22.5,"axis":"z"}},{"from":[6.4142137,9.362195,6.4316053],"to":[9.747547,13.028862,6.4316053],"faces":{"south":{"uv":[3.5,4.625,4.75,6.0],"tintindex":0,"rotation":0,"texture":"#0"},"north":{"uv":[3.5,3.25,4.75,4.625],"tintindex":0,"rotation":0,"texture":"#0"}}},{"from":[4.6117387,16.255123,7.6666665],"to":[5.945072,17.588455,8.333333],"faces":{"east":{"uv":[5.0,8.0,4.75,8.5],"tintindex":0,"rotation":0,"texture":"#0"},"south":{"uv":[7.375,7.625,6.875,8.125],"tintindex":0,"rotation":0,"texture":"#0"},"north":{"uv":[6.875,7.5,6.375,8.0],"tintindex":0,"rotation":0,"texture":"#0"},"west":{"uv":[8.25,3.5,8.0,4.0],"tintindex":0,"rotation":0,"texture":"#0"},"up":{"uv":[8.0,4.25,8.5,4.0],"tintindex":0,"rotation":0,"texture":"#0"},"down":{"uv":[5.75,8.0,6.25,8.25],"tintindex":0,"rotation":0,"texture":"#0"}},"rotation":{"origin":[5.9979095,16.998604,8.0],"angle":-45.0,"axis":"z"}},{"from":[6.7828045,22.48625,7.6666665],"to":[8.1161375,23.819584,8.333333],"faces":{"east":{"uv":[6.5,8.0,6.75,8.5],"tintindex":0,"rotation":0,"texture":"#0"},"south":{"uv":[7.75,1.0,8.25,1.5],"tintindex":0,"rotation":0,"texture":"#0"},"north":{"uv":[7.75,0.5,8.25,1.0],"tintindex":0,"rotation":0,"texture":"#0"},"west":{"uv":[8.125,5.75,8.375,6.25],"tintindex":0,"rotation":0,"texture":"#0"},"up":{"uv":[7.25,8.375,6.75,8.125],"tintindex":0,"rotation":0,"texture":"#0"},"down":{"uv":[7.75,8.125,7.25,8.375],"tintindex":0,"rotation":0,"texture":"#0"}},"rotation":{"origin":[5.9979095,16.998604,8.0],"angle":-22.5,"axis":"z"}},{"from":[5.344621,22.777645,7.6666665],"to":[6.6779547,24.110977,8.333333],"faces":{"east":{"uv":[8.125,7.25,8.375,7.75],"tintindex":0,"rotation":0,"texture":"#0"},"south":{"uv":[5.25,7.75,5.75,8.25],"tintindex":0,"rotation":0,"texture":"#0"},"north":{"uv":[7.75,4.375,8.25,4.875],"tintindex":0,"rotation":0,"texture":"#0"},"west":{"uv":[7.75,8.125,8.0,8.625],"tintindex":0,"rotation":0,"texture":"#0"},"up":{"uv":[8.625,8.0,8.125,7.75],"tintindex":0,"rotation":0,"texture":"#0"},"down":{"uv":[8.5,8.125,8.0,8.375],"tintindex":0,"rotation":0,"texture":"#0"}},"rotation":{"origin":[5.9979095,16.998604,8.0],"angle":-45.0,"axis":"z"}},{"from":[3.9817739,16.018227,7.633333],"to":[7.981774,23.018227,7.633333],"faces":{"south":{"uv":[3.5,2.625,2.0,5.25],"tintindex":0,"rotation":0,"texture":"#0"},"north":{"uv":[3.5,0.0,2.0,2.625],"tintindex":0,"rotation":0,"texture":"#0"}}},{"from":[8.333333,-7.0,9.0],"to":[8.333333,-5.333334,10.333334],"faces":{"east":{"uv":[4.75,7.375,5.25,8.0],"tintindex":0,"rotation":0,"texture":"#0"},"west":{"uv":[5.25,7.375,4.75,8.0],"tintindex":0,"rotation":0,"texture":"#0"}},"rotation":{"origin":[8.0,17.666668,8.5],"angle":45.0,"axis":"y"}},{"from":[8.333333,-7.0,5.6666665],"to":[8.333333,-5.333334,7.0],"faces":{"east":{"uv":[5.25,7.375,4.75,8.0],"tintindex":0,"rotation":0,"texture":"#0"},"west":{"uv":[4.75,7.375,5.25,8.0],"tintindex":0,"rotation":0,"texture":"#0"}},"rotation":{"origin":[8.0,17.666668,7.5],"angle":-45.0,"axis":"y"}},{"from":[5.664576,16.331938,7.6666665],"to":[6.9979095,17.665272,8.333333],"faces":{"east":{"uv":[8.125,7.625,7.875,8.125],"tintindex":0,"rotation":0,"texture":"#0"},"south":{"uv":[6.375,7.5,5.875,8.0],"tintindex":0,"rotation":0,"texture":"#0"},"north":{"uv":[8.0,3.875,7.5,4.375],"tintindex":0,"rotation":0,"texture":"#0"},"west":{"uv":[8.125,5.75,7.875,6.25],"tintindex":0,"rotation":0,"texture":"#0"},"up":{"uv":[7.125,1.5,7.625,1.25],"tintindex":0,"rotation":0,"texture":"#0"},"down":{"uv":[8.0,3.25,8.5,3.5],"tintindex":0,"rotation":0,"texture":"#0"}},"rotation":{"origin":[5.9979095,16.998604,8.0],"angle":-22.5,"axis":"z"}},{"from":[0.31510735,17.35156,8.0],"to":[4.6484404,21.684895,8.0],"faces":{"south":{"uv":[3.5,0.0,5.125,1.625],"tintindex":0,"rotation":0,"texture":"#0"},"north":{"uv":[5.125,0.0,3.5,1.625],"tintindex":0,"rotation":0,"texture":"#0"}}},{"from":[7.666667,-7.0,9.0],"to":[7.666667,-5.333334,10.333334],"faces":{"east":{"uv":[4.75,7.375,5.25,8.0],"tintindex":0,"rotation":0,"texture":"#0"},"west":{"uv":[5.25,7.375,4.75,8.0],"tintindex":0,"rotation":0,"texture":"#0"}},"rotation":{"origin":[8.0,17.666668,8.5],"angle":-45.0,"axis":"y"}},{"from":[8.335424,20.33473,7.0],"to":[9.668757,23.33473,9.0],"faces":{"east":{"uv":[6.0,4.5,6.75,5.625],"tintindex":0,"rotation":0,"texture":"#0"},"south":{"uv":[2.0,6.75,2.5,7.875],"tintindex":0,"rotation":0,"texture":"#0"},"north":{"uv":[4.25,6.0,4.75,7.125],"tintindex":0,"rotation":0,"texture":"#0"},"west":{"uv":[5.25,6.0,6.0,7.125],"tintindex":0,"rotation":0,"texture":"#0"},"up":{"uv":[4.75,7.875,4.25,7.125],"tintindex":0,"rotation":0,"texture":"#0"},"down":{"uv":[7.75,6.25,7.25,7.0],"tintindex":0,"rotation":0,"texture":"#0"}}},{"from":[6.664576,23.33473,7.3333335],"to":[7.664576,29.001396,8.666667],"faces":{"east":{"uv":[5.625,0.0,5.125,2.25],"tintindex":0,"rotation":0,"texture":"#0"},"south":{"uv":[4.25,6.0,3.875,8.125],"tintindex":0,"rotation":0,"texture":"#0"},"north":{"uv":[3.875,6.0,3.5,8.125],"tintindex":0,"rotation":0,"texture":"#0"},"west":{"uv":[5.25,4.5,4.75,6.75],"tintindex":0,"rotation":0,"texture":"#0"},"up":{"uv":[3.125,7.75,3.5,7.25],"tintindex":0,"rotation":0,"texture":"#0"},"down":{"uv":[3.125,7.75,3.5,8.25],"tintindex":0,"rotation":0,"texture":"#0"}}},{"from":[7.666667,-7.0,5.6666665],"to":[7.666667,-5.333334,7.0],"faces":{"east":{"uv":[5.25,7.375,4.75,8.0],"tintindex":0,"rotation":0,"texture":"#0"},"west":{"uv":[4.75,7.375,5.25,8.0],"tintindex":0,"rotation":0,"texture":"#0"}},"rotation":{"origin":[8.0,17.666668,7.5],"angle":45.0,"axis":"y"}},{"from":[6.4142137,11.028862,6.098272],"to":[8.08088,12.695528,6.4316053],"faces":{"east":{"uv":[3.0,7.875,3.125,8.5],"tintindex":0,"rotation":0,"texture":"#0"},"south":{"uv":[2.875,4.625,3.5,5.25],"tintindex":0,"rotation":0,"texture":"#0"},"north":{"uv":[6.75,5.0,7.375,5.625],"tintindex":0,"rotation":0,"texture":"#0"},"west":{"uv":[3.125,8.25,3.25,8.875],"tintindex":0,"rotation":0,"texture":"#0"},"up":{"uv":[8.625,4.375,8.0,4.25],"tintindex":0,"rotation":0,"texture":"#0"},"down":{"uv":[8.75,3.125,8.125,3.25],"tintindex":0,"rotation":0,"texture":"#0"}}},{"from":[8.018227,16.018227,7.633333],"to":[12.018227,23.018227,7.633333],"faces":{"south":{"uv":[2.0,2.625,3.5,5.25],"tintindex":0,"rotation":0,"texture":"#0"},"north":{"uv":[2.0,0.0,3.5,2.625],"tintindex":0,"rotation":0,"texture":"#0"}}},{"from":[10.684894,18.684895,7.6666665],"to":[12.018227,20.35156,8.333333],"faces":{"east":{"uv":[7.875,2.625,8.125,3.25],"tintindex":0,"rotation":0,"texture":"#0"},"south":{"uv":[7.5,3.25,8.0,3.875],"tintindex":0,"rotation":0,"texture":"#0"},"north":{"uv":[7.375,5.0,7.875,5.625],"tintindex":0,"rotation":0,"texture":"#0"},"west":{"uv":[4.25,7.875,4.5,8.5],"tintindex":0,"rotation":0,"texture":"#0"},"up":{"uv":[8.625,5.5,8.125,5.25],"tintindex":0,"rotation":0,"texture":"#0"},"down":{"uv":[8.625,5.5,8.125,5.75],"tintindex":0,"rotation":0,"texture":"#0"}}},{"from":[5.2735305,13.261404,5.333333],"to":[5.2735305,18.594738,10.666666],"faces":{"east":{"uv":[10.75,0.0,8.75,2.0],"tintindex":0,"rotation":0,"texture":"#0"},"west":{"uv":[10.75,0.0,8.75,2.0],"tintindex":0,"rotation":0,"texture":"#0"}},"rotation":{"origin":[5.9979095,16.998604,8.0],"angle":-22.5,"axis":"z"}}],"display":{"gui":{"rotation":[30,225,0]}}}