{"textures":{"2":"modelengine:entity/azriel"},"elements":[{"from":[0.0,-1.0,6.0],"to":[6.0,2.0,11.0],"faces":{"east":{"uv":[9.8125,3.0,9.5,3.1875],"tintindex":0,"rotation":0,"texture":"#2"},"south":{"uv":[9.25,8.25,8.875,8.4375],"tintindex":0,"rotation":0,"texture":"#2"},"north":{"uv":[8.8125,7.125,8.4375,7.3125],"tintindex":0,"rotation":0,"texture":"#2"},"west":{"uv":[3.3125,9.5,3.0,9.6875],"tintindex":0,"rotation":0,"texture":"#2"},"up":{"uv":[8.9375,4.75,9.3125,4.4375],"tintindex":0,"rotation":0,"texture":"#2"},"down":{"uv":[9.3125,4.875,9.6875,5.1875],"tintindex":0,"rotation":0,"texture":"#2"}}},{"from":[-5.0,-1.0,6.0],"to":[0.0,-1.0,11.0],"faces":{"up":{"uv":[9.4375,1.1875,9.75,0.875],"tintindex":0,"rotation":0,"texture":"#2"},"down":{"uv":[9.4375,0.875,9.75,1.1875],"tintindex":0,"rotation":0,"texture":"#2"}}},{"from":[6.0,-1.0,6.0],"to":[8.0,8.0,11.0],"faces":{"east":{"uv":[7.5625,9.25,7.25,9.8125],"tintindex":0,"rotation":0,"texture":"#2"},"south":{"uv":[3.125,8.75,3.0,9.3125],"tintindex":0,"rotation":0,"texture":"#2"},"north":{"uv":[7.9375,8.5,7.8125,9.0625],"tintindex":0,"rotation":0,"texture":"#2"},"west":{"uv":[7.25,9.25,6.9375,9.8125],"tintindex":0,"rotation":0,"texture":"#2"},"up":{"uv":[2.125,7.5625,2.25,7.25],"tintindex":0,"rotation":0,"texture":"#2"},"down":{"uv":[0.875,9.5,1.0,9.8125],"tintindex":0,"rotation":0,"texture":"#2"}}}],"display":{"gui":{"rotation":[30,225,0]}}}