{"textures":{"0":"modelengine:entity/poring"},"elements":[{"from":[7.0,8.0,7.0],"to":[10.0,11.0,10.0],"faces":{"east":{"uv":[6.75,6.5,7.75,7.5],"tintindex":0,"rotation":0,"texture":"#0"},"south":{"uv":[3.0,7.25,4.0,8.25],"tintindex":0,"rotation":0,"texture":"#0"},"north":{"uv":[6.75,5.5,7.75,6.5],"tintindex":0,"rotation":0,"texture":"#0"},"west":{"uv":[4.0,7.25,5.0,8.25],"tintindex":0,"rotation":0,"texture":"#0"},"up":{"uv":[8.25,5.25,7.25,4.25],"tintindex":0,"rotation":0,"texture":"#0"},"down":{"uv":[6.0,7.25,5.0,8.25],"tintindex":0,"rotation":0,"texture":"#0"}}},{"from":[10.5,11.5,10.5],"to":[6.5,7.5,6.5],"faces":{"east":{"uv":[15.0,1.0,16.0,0.0],"tintindex":0,"rotation":0,"texture":"#0"},"south":{"uv":[15.0,1.0,16.0,0.0],"tintindex":0,"rotation":0,"texture":"#0"},"north":{"uv":[15.0,1.0,16.0,0.0],"tintindex":0,"rotation":0,"texture":"#0"},"west":{"uv":[15.0,1.0,16.0,0.0],"tintindex":0,"rotation":0,"texture":"#0"},"up":{"uv":[15.0,1.0,16.0,2.0],"tintindex":0,"rotation":0,"texture":"#0"},"down":{"uv":[15.0,8.5,16.0,7.5],"tintindex":0,"rotation":0,"texture":"#0"}}}],"display":{"gui":{"rotation":[30,225,0]}}}