{"textures":{"0":"modelengine:entity/poring"},"elements":[{"from":[2.0,8.0,2.0],"to":[14.0,20.0,14.0],"faces":{"east":{"uv":[0.0,0.0,3.0,3.0],"tintindex":0,"rotation":0,"texture":"#0"},"south":{"uv":[0.0,0.0,3.0,3.0],"tintindex":0,"rotation":0,"texture":"#0"},"north":{"uv":[0.0,0.0,3.0,3.0],"tintindex":0,"rotation":0,"texture":"#0"},"west":{"uv":[0.0,0.0,3.0,3.0],"tintindex":0,"rotation":0,"texture":"#0"},"up":{"uv":[3.0,9.0,0.0,6.0],"tintindex":0,"rotation":0,"texture":"#0"},"down":{"uv":[9.0,0.0,6.0,3.0],"tintindex":0,"rotation":0,"texture":"#0"}}},{"from":[14.5,20.5,14.5],"to":[1.5,7.5,1.5],"faces":{"east":{"uv":[12.75,3.25,16.0,0.0],"tintindex":0,"rotation":0,"texture":"#0"},"south":{"uv":[12.75,3.25,16.0,0.0],"tintindex":0,"rotation":0,"texture":"#0"},"north":{"uv":[12.75,3.25,16.0,0.0],"tintindex":0,"rotation":0,"texture":"#0"},"west":{"uv":[12.75,3.25,16.0,0.0],"tintindex":0,"rotation":0,"texture":"#0"},"up":{"uv":[12.75,3.25,16.0,6.5],"tintindex":0,"rotation":0,"texture":"#0"},"down":{"uv":[12.75,9.75,16.0,6.5],"tintindex":0,"rotation":0,"texture":"#0"}}}],"display":{"gui":{"rotation":[30,225,0]}}}