{"textures":{"0":"modelengine:entity/poring"},"elements":[{"from":[6.5,6.5,6.5],"to":[9.5,9.5,9.5],"faces":{"east":{"uv":[6.75,6.5,7.75,7.5],"tintindex":0,"rotation":0,"texture":"#0"},"south":{"uv":[3.0,7.25,4.0,8.25],"tintindex":0,"rotation":0,"texture":"#0"},"north":{"uv":[6.75,5.5,7.75,6.5],"tintindex":0,"rotation":0,"texture":"#0"},"west":{"uv":[4.0,7.25,5.0,8.25],"tintindex":0,"rotation":0,"texture":"#0"},"up":{"uv":[8.25,5.25,7.25,4.25],"tintindex":0,"rotation":0,"texture":"#0"},"down":{"uv":[6.0,7.25,5.0,8.25],"tintindex":0,"rotation":0,"texture":"#0"}}}],"display":{"gui":{"rotation":[30,225,0]}}}