{"textures":{"0":"modelengine:entity/poring"},"elements":[{"from":[2.0,5.5,8.0],"to":[7.0,10.5,8.0],"faces":{"south":{"uv":[9.0,0.0,10.25,1.25],"tintindex":0,"rotation":0,"texture":"#0"},"north":{"uv":[6.0,4.25,7.25,5.5],"tintindex":0,"rotation":0,"texture":"#0"}}},{"from":[9.0,5.5,8.0],"to":[14.0,10.5,8.0],"faces":{"south":{"uv":[9.0,0.0,10.25,1.25],"tintindex":0,"rotation":0,"texture":"#0"},"north":{"uv":[6.0,4.25,7.25,5.5],"tintindex":0,"rotation":0,"texture":"#0"}}}],"display":{"gui":{"rotation":[30,225,0]}}}