{"textures":{"0":"modelengine:entity/artichoke_stage"},"elements":[{"from":[6.5,11.0,6.5],"to":[9.5,14.0,9.5],"faces":{"east":{"uv":[0.1875,4.0,0.375,4.1875],"tintindex":0,"rotation":0,"texture":"#0"},"south":{"uv":[0.1875,4.0,0.375,4.1875],"tintindex":0,"rotation":0,"texture":"#0"},"north":{"uv":[0.1875,4.0,0.375,4.1875],"tintindex":0,"rotation":0,"texture":"#0"},"west":{"uv":[0.1875,4.0,0.375,4.1875],"tintindex":0,"rotation":0,"texture":"#0"},"up":{"uv":[0.0,4.0,0.1875,4.1875],"tintindex":0,"rotation":0,"texture":"#0"},"down":{"uv":[0.0,4.1875,0.1875,4.375],"tintindex":0,"rotation":0,"texture":"#0"}}},{"from":[6.0,8.0,6.0],"to":[10.0,12.0,10.0],"faces":{"east":{"uv":[0.25,3.4375,0.5,3.6875],"tintindex":0,"rotation":0,"texture":"#0"},"south":{"uv":[0.25,3.4375,0.5,3.6875],"tintindex":0,"rotation":0,"texture":"#0"},"north":{"uv":[0.25,3.4375,0.5,3.6875],"tintindex":0,"rotation":0,"texture":"#0"},"west":{"uv":[0.25,3.4375,0.5,3.6875],"tintindex":0,"rotation":0,"texture":"#0"},"down":{"uv":[0.0,3.6875,0.25,3.9375],"tintindex":0,"rotation":0,"texture":"#0"}}},{"from":[10.0,11.0,6.0],"to":[6.0,12.0,10.0],"faces":{"east":{"uv":[0.5,3.4375,0.25,3.5],"tintindex":0,"rotation":0,"texture":"#0"},"south":{"uv":[0.5,3.4375,0.25,3.5],"tintindex":0,"rotation":0,"texture":"#0"},"north":{"uv":[0.5,3.4375,0.25,3.5],"tintindex":0,"rotation":0,"texture":"#0"},"west":{"uv":[0.5,3.4375,0.25,3.5],"tintindex":0,"rotation":0,"texture":"#0"},"down":{"uv":[0.0,3.4375,0.25,3.6875],"tintindex":0,"rotation":0,"texture":"#0"}}}],"display":{"gui":{"rotation":[30,225,0]}}}