{"textures":{"0":"modelengine:entity/corn_stage"},"elements":[{"from":[3.0,1.0,3.0],"to":[13.0,11.0,13.0],"faces":{"east":{"uv":[0.625,2.625,1.25,3.25],"tintindex":0,"rotation":0,"texture":"#0"},"south":{"uv":[0.625,2.625,1.25,3.25],"tintindex":0,"rotation":0,"texture":"#0"},"north":{"uv":[0.625,2.625,1.25,3.25],"tintindex":0,"rotation":0,"texture":"#0"},"west":{"uv":[0.625,2.625,1.25,3.25],"tintindex":0,"rotation":0,"texture":"#0"},"up":{"uv":[0.0,2.625,0.625,3.25],"tintindex":0,"rotation":0,"texture":"#0"},"down":{"uv":[0.0,3.25,0.625,3.875],"tintindex":0,"rotation":0,"texture":"#0"}}},{"from":[13.0,1.0,3.0],"to":[13.0,8.0,13.0],"faces":{"east":{"uv":[1.25,3.125,1.875,3.5625],"tintindex":0,"rotation":0,"texture":"#0"},"west":{"uv":[1.25,3.125,1.875,3.5625],"tintindex":0,"rotation":0,"texture":"#0"}},"rotation":{"origin":[13.0,1.0,8.0],"angle":-22.5,"axis":"z"}},{"from":[15.679001,7.466067,3.0],"to":[23.679,7.466067,13.0],"faces":{"up":{"uv":[1.25,2.625,1.875,3.125],"tintindex":0,"rotation":90,"texture":"#0"},"down":{"uv":[1.25,2.625,1.875,3.125],"tintindex":0,"rotation":90,"texture":"#0"}},"rotation":{"origin":[15.679001,7.466067,8.0],"angle":-45.0,"axis":"z"}},{"from":[4.0,11.0,4.0],"to":[12.0,16.0,12.0],"faces":{"east":{"uv":[1.5625,2.0625,2.0625,2.375],"tintindex":0,"rotation":0,"texture":"#0"},"south":{"uv":[1.5625,2.0625,2.0625,2.375],"tintindex":0,"rotation":0,"texture":"#0"},"north":{"uv":[1.5625,2.0625,2.0625,2.375],"tintindex":0,"rotation":0,"texture":"#0"},"west":{"uv":[1.5625,2.0625,2.0625,2.375],"tintindex":0,"rotation":0,"texture":"#0"},"up":{"uv":[0.5625,2.0625,1.0625,2.5625],"tintindex":0,"rotation":0,"texture":"#0"},"down":{"uv":[1.0625,2.0625,1.5625,2.5625],"tintindex":0,"rotation":0,"texture":"#0"}}},{"from":[3.0,1.0,3.0],"to":[13.0,11.0,3.0],"faces":{"south":{"uv":[1.25,3.25,0.625,3.875],"tintindex":0,"rotation":0,"texture":"#0"},"north":{"uv":[1.25,3.25,0.625,3.875],"tintindex":0,"rotation":0,"texture":"#0"}},"rotation":{"origin":[8.0,1.0,3.0],"angle":-22.5,"axis":"x"}},{"from":[-7.6771526,7.466832,3.0],"to":[0.3228469,7.466832,13.0],"faces":{"up":{"uv":[1.25,3.125,1.875,2.625],"tintindex":0,"rotation":90,"texture":"#0"},"down":{"uv":[1.25,3.125,1.875,2.625],"tintindex":0,"rotation":90,"texture":"#0"}},"rotation":{"origin":[0.3228469,7.466832,8.0],"angle":45.0,"axis":"z"}},{"from":[3.0,1.0,3.0],"to":[3.0,8.0,13.0],"faces":{"east":{"uv":[1.25,3.125,1.875,3.5625],"tintindex":0,"rotation":0,"texture":"#0"},"west":{"uv":[1.25,3.125,1.875,3.5625],"tintindex":0,"rotation":0,"texture":"#0"}},"rotation":{"origin":[3.0,1.0,8.0],"angle":22.5,"axis":"z"}},{"from":[3.0,1.0,13.0],"to":[13.0,11.0,13.0],"faces":{"south":{"uv":[0.625,3.25,1.25,3.875],"tintindex":0,"rotation":0,"texture":"#0"},"north":{"uv":[0.625,3.25,1.25,3.875],"tintindex":0,"rotation":0,"texture":"#0"}},"rotation":{"origin":[8.0,1.0,13.0],"angle":22.5,"axis":"x"}}],"display":{"gui":{"rotation":[30,225,0]}}}