{"textures":{"0":"modelengine:entity/bean_stage"},"elements":[{"from":[3.975,1.0,8.0],"to":[12.025,7.0,18.0],"faces":{"east":{"uv":[1.75,3.375,1.125,3.75],"tintindex":0,"rotation":0,"texture":"#0"},"south":{"uv":[1.0,3.0,1.5,3.375],"tintindex":0,"rotation":0,"texture":"#0"},"north":{"uv":[0.625,3.375,1.125,3.75],"tintindex":0,"rotation":0,"texture":"#0"},"west":{"uv":[1.125,3.375,1.75,3.75],"tintindex":0,"rotation":0,"texture":"#0"},"up":{"uv":[0.5,3.375,0.0,2.75],"tintindex":0,"rotation":0,"texture":"#0"},"down":{"uv":[1.0,2.75,0.5,3.375],"tintindex":0,"rotation":0,"texture":"#0"}},"rotation":{"origin":[4.0,1.0,8.0],"angle":-22.5,"axis":"x"}},{"from":[6.0,1.0999999,-2.75],"to":[11.0,7.1,2.25],"faces":{"east":{"uv":[0.0,1.5,0.3125,1.875],"tintindex":0,"rotation":0,"texture":"#0"},"south":{"uv":[0.625,1.125,0.9375,1.5],"tintindex":0,"rotation":0,"texture":"#0"},"north":{"uv":[0.9375,1.5,0.625,1.875],"tintindex":0,"rotation":0,"texture":"#0"},"west":{"uv":[0.625,1.5,0.9375,1.875],"tintindex":0,"rotation":0,"texture":"#0"},"up":{"uv":[0.3125,1.5,0.0,1.1875],"tintindex":0,"rotation":0,"texture":"#0"},"down":{"uv":[0.625,1.1875,0.3125,1.5],"tintindex":0,"rotation":0,"texture":"#0"}},"rotation":{"origin":[8.0,4.0,-0.75],"angle":-45.0,"axis":"y"}},{"from":[8.0,-2.0,20.5],"to":[8.0,4.0,26.5],"faces":{"east":{"uv":[0.375,3.375,0.0,3.75],"tintindex":0,"rotation":0,"texture":"#0"},"west":{"uv":[0.0,3.375,0.375,3.75],"tintindex":0,"rotation":0,"texture":"#0"}},"rotation":{"origin":[4.0,-2.0,10.5],"angle":-45.0,"axis":"x"}},{"from":[4.0,1.0,0.0],"to":[12.0,7.0,8.0],"faces":{"east":{"uv":[1.5,2.25,1.0,2.625],"tintindex":0,"rotation":0,"texture":"#0"},"south":{"uv":[1.0,1.875,1.5,2.25],"tintindex":0,"rotation":0,"texture":"#0"},"north":{"uv":[0.5,2.375,1.0,2.75],"tintindex":0,"rotation":0,"texture":"#0"},"west":{"uv":[1.0,2.25,1.5,2.625],"tintindex":0,"rotation":0,"texture":"#0"},"up":{"uv":[0.5,2.375,0.0,1.875],"tintindex":0,"rotation":0,"texture":"#0"},"down":{"uv":[1.0,1.875,0.5,2.375],"tintindex":0,"rotation":0,"texture":"#0"}}}],"display":{"gui":{"rotation":[30,225,0]}}}