{"textures":{"0":"modelengine:entity/garlic_stage"},"elements":[{"from":[1.0,2.0,1.0],"to":[15.0,10.0,15.0],"faces":{"east":{"uv":[1.75,3.875,2.625,4.375],"tintindex":0,"rotation":0,"texture":"#0"},"south":{"uv":[1.75,3.875,2.625,4.375],"tintindex":0,"rotation":0,"texture":"#0"},"north":{"uv":[1.75,3.875,2.625,4.375],"tintindex":0,"rotation":0,"texture":"#0"},"west":{"uv":[1.75,3.875,2.625,4.375],"tintindex":0,"rotation":0,"texture":"#0"},"up":{"uv":[0.0,3.875,0.875,4.75],"tintindex":0,"rotation":0,"texture":"#0"},"down":{"uv":[0.875,3.875,1.75,4.75],"tintindex":0,"rotation":0,"texture":"#0"}}},{"from":[2.0,1.0,2.0],"to":[14.0,2.0,14.0],"faces":{"east":{"uv":[1.8125,4.375,2.5625,4.4375],"tintindex":0,"rotation":0,"texture":"#0"},"south":{"uv":[1.8125,4.375,2.5625,4.4375],"tintindex":0,"rotation":0,"texture":"#0"},"north":{"uv":[1.8125,4.375,2.5625,4.4375],"tintindex":0,"rotation":0,"texture":"#0"},"west":{"uv":[1.8125,4.375,2.5625,4.4375],"tintindex":0,"rotation":0,"texture":"#0"},"up":{"uv":[0.9375,3.9375,1.6875,4.6875],"tintindex":0,"rotation":0,"texture":"#0"},"down":{"uv":[0.9375,3.9375,1.6875,4.6875],"tintindex":0,"rotation":0,"texture":"#0"}}},{"from":[8.0,12.0,3.0],"to":[8.0,18.0,13.0],"faces":{"east":{"uv":[0.0,2.75,0.625,3.125],"tintindex":0,"rotation":0,"texture":"#0"},"west":{"uv":[0.625,2.75,0.0,3.125],"tintindex":0,"rotation":0,"texture":"#0"}},"rotation":{"origin":[8.0,12.0,8.0],"angle":22.5,"axis":"y"}},{"from":[4.0,10.0,4.0],"to":[12.0,12.0,12.0],"faces":{"east":{"uv":[1.0,3.1875,1.5,3.3125],"tintindex":0,"rotation":0,"texture":"#0"},"south":{"uv":[1.0,3.1875,1.5,3.3125],"tintindex":0,"rotation":0,"texture":"#0"},"north":{"uv":[1.0,3.1875,1.5,3.3125],"tintindex":0,"rotation":0,"texture":"#0"},"west":{"uv":[1.0,3.1875,1.5,3.3125],"tintindex":0,"rotation":0,"texture":"#0"},"up":{"uv":[0.0,3.1875,0.5,3.6875],"tintindex":0,"rotation":0,"texture":"#0"},"down":{"uv":[0.5,3.1875,1.0,3.6875],"tintindex":0,"rotation":0,"texture":"#0"}}},{"from":[3.0,12.0,8.0],"to":[13.0,18.0,8.0],"faces":{"south":{"uv":[0.625,2.75,0.0,3.125],"tintindex":0,"rotation":0,"texture":"#0"},"north":{"uv":[0.0,2.75,0.625,3.125],"tintindex":0,"rotation":0,"texture":"#0"}},"rotation":{"origin":[8.0,12.0,8.0],"angle":-22.5,"axis":"y"}}],"display":{"gui":{"rotation":[30,225,0]}}}