{
	"texture_size": [64, 64],
	"textures": {
		"3": "item/crossbow"
	},
	"elements": [
		{
			"from": [-1, 8.95, 7.5],
			"to": [17, 8.95, 8.5],
			"rotation": {"angle": 0, "axis": "y", "origin": [2, 8.75, 7.5]},
			"faces": {
				"north": {"uv": [8.5, 6.75, 13, 6.75], "texture": "#3"},
				"east": {"uv": [3.75, 4.5, 4, 4.5], "texture": "#3"},
				"south": {"uv": [9.5, 2.25, 14, 2.25], "texture": "#3"},
				"west": {"uv": [3.75, 4.75, 4, 4.75], "texture": "#3"},
				"up": {"uv": [8.25, 6.25, 3.75, 6], "texture": "#3"},
				"down": {"uv": [8.25, 6.5, 3.75, 6.75], "texture": "#3"}
			}
		},
		{
			"from": [6, 5, 1],
			"to": [10, 6, 11],
			"rotation": {"angle": 0, "axis": "y", "origin": [0.5, 6, 0]},
			"faces": {
				"north": {"uv": [3.25, 8.75, 4.25, 9], "texture": "#3"},
				"east": {"uv": [7.25, 7, 9.75, 7.25], "texture": "#3"},
				"south": {"uv": [4.5, 8.75, 5.5, 9], "texture": "#3"},
				"west": {"uv": [7.5, 5.25, 10, 5.5], "texture": "#3"},
				"up": {"uv": [2.25, 7, 1.25, 4.5], "texture": "#3"},
				"down": {"uv": [3.5, 4.5, 2.5, 7], "texture": "#3"}
			}
		},
		{
			"from": [6, 6, 1],
			"to": [10, 8, 15],
			"rotation": {"angle": 0, "axis": "y", "origin": [0.5, 6, 0]},
			"faces": {
				"north": {"uv": [2, 8.25, 3, 8.75], "texture": "#3"},
				"east": {"uv": [3.75, 5.25, 7.25, 5.75], "texture": "#3"},
				"south": {"uv": [8.25, 2.25, 9.25, 2.75], "texture": "#3"},
				"west": {"uv": [5.5, 1.5, 9, 2], "texture": "#3"},
				"up": {"uv": [5.25, 5, 4.25, 1.5], "texture": "#3"},
				"down": {"uv": [1, 4.5, 0, 8], "texture": "#3"}
			}
		},
		{
			"from": [5, 8, 13],
			"to": [11, 9, 15],
			"rotation": {"angle": 0, "axis": "y", "origin": [0.5, 6, 0]},
			"faces": {
				"north": {"uv": [8.5, 5.75, 10, 6], "texture": "#3"},
				"east": {"uv": [3.5, 9.25, 4, 9.5], "texture": "#3"},
				"south": {"uv": [8.5, 6.25, 10, 6.5], "texture": "#3"},
				"west": {"uv": [4.25, 9.25, 4.75, 9.5], "texture": "#3"},
				"up": {"uv": [5.25, 7.5, 3.75, 7], "texture": "#3"},
				"down": {"uv": [7, 7, 5.5, 7.5], "texture": "#3"}
			}
		},
		{
			"from": [6, 7, 0],
			"to": [10, 9, 2],
			"rotation": {"angle": 0, "axis": "y", "origin": [0, 6.5, 0.5]},
			"faces": {
				"north": {"uv": [8.25, 3, 9.25, 3.5], "texture": "#3"},
				"east": {"uv": [5.75, 8.75, 6.25, 9.25], "texture": "#3"},
				"south": {"uv": [8.25, 3.75, 9.25, 4.25], "texture": "#3"},
				"west": {"uv": [2, 9, 2.5, 9.5], "texture": "#3"},
				"up": {"uv": [9.25, 5, 8.25, 4.5], "texture": "#3"},
				"down": {"uv": [9.25, 7.5, 8.25, 8], "texture": "#3"}
			}
		},
		{
			"from": [-2.99264, 6.75, 6.15685],
			"to": [-0.49264, 9.25, 8.65685],
			"rotation": {"angle": 0, "axis": "y", "origin": [-0.24264, 9, 7.65685]},
			"faces": {
				"north": {"uv": [7.25, 7.5, 8, 8.25], "texture": "#3"},
				"east": {"uv": [3.75, 7.75, 4.5, 8.5], "texture": "#3"},
				"south": {"uv": [4.75, 7.75, 5.5, 8.5], "texture": "#3"},
				"west": {"uv": [5.75, 7.75, 6.5, 8.5], "texture": "#3"},
				"up": {"uv": [0.75, 9, 0, 8.25], "texture": "#3"},
				"down": {"uv": [1.75, 8.25, 1, 9], "texture": "#3"}
			}
		},
		{
			"from": [4.00736, 6.75, -0.34315],
			"to": [6.00736, 9.5, 3.15685],
			"rotation": {"angle": 0, "axis": "y", "origin": [-0.24264, 9, 7.65685]},
			"faces": {
				"north": {"uv": [6.75, 8.5, 7.25, 9.25], "texture": "#3"},
				"east": {"uv": [1.25, 7.25, 2.25, 8], "texture": "#3"},
				"south": {"uv": [7.5, 8.5, 8, 9.25], "texture": "#3"},
				"west": {"uv": [2.5, 7.25, 3.5, 8], "texture": "#3"},
				"up": {"uv": [8.75, 9.25, 8.25, 8.25], "texture": "#3"},
				"down": {"uv": [9, 0, 8.5, 1], "texture": "#3"}
			}
		},
		{
			"from": [-5.16726, 7, 7.38173],
			"to": [-3.16726, 9, 9.38173],
			"rotation": {"angle": -22.5, "axis": "y", "origin": [-0.27817, 7.5, 9.19239]},
			"faces": {
				"north": {"uv": [9, 8.25, 9.5, 8.75], "texture": "#3"},
				"east": {"uv": [9, 9, 9.5, 9.5], "texture": "#3"},
				"south": {"uv": [0, 9.25, 0.5, 9.75], "texture": "#3"},
				"west": {"uv": [9.25, 0, 9.75, 0.5], "texture": "#3"},
				"up": {"uv": [1.25, 9.75, 0.75, 9.25], "texture": "#3"},
				"down": {"uv": [9.75, 0.75, 9.25, 1.25], "texture": "#3"}
			}
		},
		{
			"from": [-6, 7, 0],
			"to": [4, 9, 2],
			"rotation": {"angle": 45, "axis": "y", "origin": [4, 8, 0]},
			"faces": {
				"north": {"uv": [5.5, 2.25, 8, 2.75], "texture": "#3"},
				"east": {"uv": [9.25, 1.5, 9.75, 2], "texture": "#3"},
				"south": {"uv": [5.5, 3, 8, 3.5], "texture": "#3"},
				"west": {"uv": [2.75, 9.25, 3.25, 9.75], "texture": "#3"},
				"up": {"uv": [8, 4.25, 5.5, 3.75], "texture": "#3"},
				"down": {"uv": [8, 4.5, 5.5, 5], "texture": "#3"}
			}
		},
		{
			"from": [16.49264, 6.75, 6.15685],
			"to": [18.99264, 9.25, 8.65685],
			"rotation": {"angle": 0, "axis": "y", "origin": [16.24264, 9, 7.65685]},
			"faces": {
				"north": {"uv": [8, 7.5, 7.25, 8.25], "texture": "#3"},
				"east": {"uv": [6.5, 7.75, 5.75, 8.5], "texture": "#3"},
				"south": {"uv": [5.5, 7.75, 4.75, 8.5], "texture": "#3"},
				"west": {"uv": [4.5, 7.75, 3.75, 8.5], "texture": "#3"},
				"up": {"uv": [0, 9, 0.75, 8.25], "texture": "#3"},
				"down": {"uv": [1, 8.25, 1.75, 9], "texture": "#3"}
			}
		},
		{
			"from": [9.99264, 6.75, -0.34315],
			"to": [11.99264, 9.5, 3.15685],
			"rotation": {"angle": 0, "axis": "y", "origin": [16.24264, 9, 7.65685]},
			"faces": {
				"north": {"uv": [7.25, 8.5, 6.75, 9.25], "texture": "#3"},
				"east": {"uv": [3.5, 7.25, 2.5, 8], "texture": "#3"},
				"south": {"uv": [8, 8.5, 7.5, 9.25], "texture": "#3"},
				"west": {"uv": [2.25, 7.25, 1.25, 8], "texture": "#3"},
				"up": {"uv": [8.25, 9.25, 8.75, 8.25], "texture": "#3"},
				"down": {"uv": [8.5, 0, 9, 1], "texture": "#3"}
			}
		},
		{
			"from": [19.16726, 7, 7.38173],
			"to": [21.16726, 9, 9.38173],
			"rotation": {"angle": 22.5, "axis": "y", "origin": [16.27817, 7.5, 9.19239]},
			"faces": {
				"north": {"uv": [9.5, 8.25, 9, 8.75], "texture": "#3"},
				"east": {"uv": [9.75, 0, 9.25, 0.5], "texture": "#3"},
				"south": {"uv": [0.5, 9.25, 0, 9.75], "texture": "#3"},
				"west": {"uv": [9.5, 9, 9, 9.5], "texture": "#3"},
				"up": {"uv": [0.75, 9.75, 1.25, 9.25], "texture": "#3"},
				"down": {"uv": [9.25, 0.75, 9.75, 1.25], "texture": "#3"}
			}
		},
		{
			"from": [12, 7, 0],
			"to": [22, 9, 2],
			"rotation": {"angle": -45, "axis": "y", "origin": [12, 8, 0]},
			"faces": {
				"north": {"uv": [8, 2.25, 5.5, 2.75], "texture": "#3"},
				"east": {"uv": [3.25, 9.25, 2.75, 9.75], "texture": "#3"},
				"south": {"uv": [8, 3, 5.5, 3.5], "texture": "#3"},
				"west": {"uv": [9.75, 1.5, 9.25, 2], "texture": "#3"},
				"up": {"uv": [5.5, 4.25, 8, 3.75], "texture": "#3"},
				"down": {"uv": [5.5, 4.5, 8, 5], "texture": "#3"}
			}
		}
	],
	"gui_light": "front",
	"display": {
		"thirdperson_righthand": {
			"rotation": [0, -10, 0],
			"translation": [0, 0.5, 1],
			"scale": [0.8, 0.8, 0.8]
		},
		"thirdperson_lefthand": {
			"rotation": [0, -10, 0],
			"translation": [0, 0.5, 1],
			"scale": [0.8, 0.8, 0.8]
		},
		"firstperson_righthand": {
			"rotation": [0, -10, 0],
			"translation": [1.5, 0, 0],
			"scale": [0.8, 0.8, 0.8]
		},
		"firstperson_lefthand": {
			"rotation": [0, -10, 0],
			"translation": [1.5, 0, 0],
			"scale": [0.8, 0.8, 0.8]
		},
		"ground": {
			"translation": [0, -1.75, 0],
			"scale": [0.7, 0.7, 0.7]
		},
		"gui": {
			"rotation": [90, 45, 0],
			"translation": [1, -1, 0],
			"scale": [0.7, 0.7, 0.7]
		},
		"fixed": {
			"rotation": [-90, -130, 0],
			"translation": [-1, -0.5, 0],
			"scale": [0.8, 0.8, 0.8]
		}
	},
	"groups": [
		{
			"name": "string",
			"origin": [6.5, 1.5, 3],
			"color": 0,
			"nbt": "{}",
			"children": [0]
		},
		{
			"name": "handle",
			"origin": [0, 1, 0],
			"color": 0,
			"nbt": "{}",
			"children": [1, 2, 3]
		},
		{
			"name": "bow",
			"origin": [3, 1.5, 9.25],
			"color": 0,
			"nbt": "{}",
			"children": [
				4,
				{
					"name": "right",
					"origin": [3, 1.5, 9.25],
					"color": 0,
					"nbt": "{}",
					"children": [5, 6, 7, 8]
				},
				{
					"name": "right",
					"origin": [3, 1.5, 9.25],
					"color": 0,
					"nbt": "{}",
					"children": [9, 10, 11, 12]
				}
			]
		}
	]
}