{
	"texture_size": [32, 32],
	"textures": {
		"1": "item/horn",
		"particle": "item/horn"
	},
	"elements": [
		{
			"from": [5.5, 3, 2],
			"to": [10.5, 9, 7],
			"rotation": {"angle": 0, "axis": "y", "origin": [7.5, 0, 15.25]},
			"faces": {
				"north": {"uv": [0, 0, 2.5, 3], "texture": "#1"},
				"east": {"uv": [3, 0, 5.5, 3], "texture": "#1"},
				"south": {"uv": [0, 3.5, 2.5, 6.5], "texture": "#1"},
				"west": {"uv": [3, 3.5, 5.5, 6.5], "texture": "#1"},
				"up": {"uv": [8.5, 2.5, 6, 0], "texture": "#1"},
				"down": {"uv": [8.5, 3, 6, 5.5], "texture": "#1"}
			}
		},
		{
			"from": [6, 1.5, 4],
			"to": [10, 4.5, 9],
			"rotation": {"angle": 0, "axis": "x", "origin": [8, 3, 6.5]},
			"faces": {
				"north": {"uv": [4.5, 9, 6.5, 10.5], "texture": "#1"},
				"east": {"uv": [2.5, 7, 5, 8.5], "texture": "#1"},
				"south": {"uv": [0, 10, 2, 11.5], "texture": "#1"},
				"west": {"uv": [8.5, 6, 11, 7.5], "texture": "#1"},
				"up": {"uv": [8, 8.5, 6, 6], "texture": "#1"},
				"down": {"uv": [2, 7, 0, 9.5], "texture": "#1"}
			}
		},
		{
			"from": [6.5, 0.25, 6],
			"to": [9.5, 3.5, 10.75],
			"rotation": {"angle": 0, "axis": "y", "origin": [7, -0.5, 15.125]},
			"faces": {
				"north": {"uv": [7, 10, 8.5, 11.5], "texture": "#1"},
				"east": {"uv": [8.5, 8, 11, 9.5], "texture": "#1"},
				"south": {"uv": [9, 10, 10.5, 11.5], "texture": "#1"},
				"west": {"uv": [9, 0, 11.5, 1.5], "texture": "#1"},
				"up": {"uv": [10.5, 4.5, 9, 2], "texture": "#1"},
				"down": {"uv": [4, 9, 2.5, 11.5], "texture": "#1"}
			}
		},
		{
			"from": [7, -0.11732, 11.82612],
			"to": [9, 2.38268, 14.82612],
			"rotation": {"angle": -45, "axis": "x", "origin": [8, 2.25, 10.5]},
			"faces": {
				"north": {"uv": [2, 12, 3, 13.5], "texture": "#1"},
				"east": {"uv": [11, 2, 12.5, 3.5], "texture": "#1"},
				"south": {"uv": [6, 13.5, 7.5, 15.5], "texture": "#1"},
				"west": {"uv": [11, 4, 12.5, 5.5], "texture": "#1"},
				"up": {"uv": [9, 13.5, 8, 12], "texture": "#1"},
				"down": {"uv": [10.5, 12, 9.5, 13.5], "texture": "#1"}
			}
		},
		{
			"from": [6.75, 1, 10],
			"to": [9.25, 3.75, 12.75],
			"rotation": {"angle": -22.5, "axis": "x", "origin": [8, 2.625, 11.625]},
			"faces": {
				"north": {"uv": [4.5, 11, 6, 12.5], "texture": "#1"},
				"east": {"uv": [11, 10, 12.5, 11.5], "texture": "#1"},
				"south": {"uv": [11.5, 6, 13, 7.5], "texture": "#1"},
				"west": {"uv": [11.5, 8, 13, 9.5], "texture": "#1"},
				"up": {"uv": [1.5, 13.5, 0, 12], "texture": "#1"},
				"down": {"uv": [13.5, 0, 12, 1.5], "texture": "#1"}
			}
		}
	],
	"gui_light": "front",
	"overrides": [
		{"predicate": {"tooting": 1}, "model": "item/tooting_goat_horn"}
	],
	"display": {
		"thirdperson_righthand": {
			"rotation": [-20, 0, 0],
			"translation": [0, 3.25, -1],
			"scale": [0.6, 0.6, 0.6]
		},
		"thirdperson_lefthand": {
			"rotation": [-20, 0, 0],
			"translation": [0, 3.25, -1],
			"scale": [0.6, 0.6, 0.6]
		},
		"firstperson_righthand": {
			"rotation": [-10, 0, 0],
			"translation": [0, 3.25, -0.75],
			"scale": [0.7, 0.7, 0.7]
		},
		"firstperson_lefthand": {
			"rotation": [-10, 0, 0],
			"translation": [0, 3.25, -0.75],
			"scale": [0.7, 0.7, 0.7]
		},
		"ground": {
			"translation": [0, 2, 0],
			"scale": [0.6, 0.6, 0.6]
		},
		"gui": {
			"rotation": [19, 90, 0],
			"translation": [-0.25, 3, 0]
		},
		"head": {
			"translation": [0, 13.25, 0]
		},
		"fixed": {
			"rotation": [0, -90, 0],
			"translation": [0, 3.25, 0]
		}
	},
	"groups": [
		{
			"name": "horn",
			"origin": [7, -0.5, 15.25],
			"color": 0,
			"nbt": "{}",
			"children": [0, 1, 2, 3, 4]
		}
	]
}