{
	"texture_size": [32, 32],
	"textures": {
		"2": "item/golden/golden_hoe",
		"particle": "item/golden/golden_hoe"
	},
	"elements": [
		{
			"from": [7, -4, 7.25],
			"to": [9, -2, 8.75],
			"rotation": {"angle": 45, "axis": "z", "origin": [8, -3, 8.5]},
			"faces": {
				"north": {"uv": [5, 0, 6.5, 1.5], "texture": "#2"},
				"east": {"uv": [7, 0, 8, 1.5], "texture": "#2"},
				"south": {"uv": [5, 2, 6.5, 3.5], "texture": "#2"},
				"west": {"uv": [7, 2, 8, 3.5], "texture": "#2"},
				"up": {"uv": [8, 8, 6.5, 7], "texture": "#2"},
				"down": {"uv": [3, 8, 1.5, 9], "texture": "#2"}
			}
		},
		{
			"from": [7.25, -3, 7.5],
			"to": [8.75, 9.25, 8.5],
			"rotation": {"angle": 0, "axis": "y", "origin": [6.75, 0, 7.25]},
			"faces": {
				"north": {"uv": [0, 0, 1, 6], "texture": "#2"},
				"east": {"uv": [3, 0, 3.5, 6], "texture": "#2"},
				"south": {"uv": [1.5, 0, 2.5, 6], "texture": "#2"},
				"west": {"uv": [4, 0, 4.5, 6], "texture": "#2"},
				"up": {"uv": [10, 6.5, 9, 6], "texture": "#2"},
				"down": {"uv": [4, 9.5, 3, 10], "texture": "#2"}
			}
		},
		{
			"from": [7, 7.5, 7],
			"to": [10.5, 8.75, 9],
			"rotation": {"angle": 0, "axis": "z", "origin": [7.5, 8.75, 7]},
			"faces": {
				"north": {"uv": [1.5, 6.5, 3.5, 7.5], "texture": "#2"},
				"east": {"uv": [0, 9, 1, 10], "texture": "#2"},
				"south": {"uv": [4, 6.5, 6, 7.5], "texture": "#2"},
				"west": {"uv": [9, 3, 10, 4], "texture": "#2"},
				"up": {"uv": [8.5, 5, 6.5, 4], "texture": "#2"},
				"down": {"uv": [8.5, 5.5, 6.5, 6.5], "texture": "#2"}
			}
		},
		{
			"from": [10.5, 7.5, 7],
			"to": [13.5, 8.75, 9],
			"rotation": {"angle": -22.5, "axis": "z", "origin": [10.5, 8.75, 7]},
			"faces": {
				"north": {"uv": [3.5, 8, 5, 9], "texture": "#2"},
				"east": {"uv": [9, 4.5, 10, 5.5], "texture": "#2"},
				"south": {"uv": [8.5, 0, 10, 1], "texture": "#2"},
				"west": {"uv": [1.5, 9.5, 2.5, 10.5], "texture": "#2"},
				"up": {"uv": [10, 2.5, 8.5, 1.5], "texture": "#2"},
				"down": {"uv": [7, 8.5, 5.5, 9.5], "texture": "#2"}
			}
		}
	],
	"gui_light": "front",
	"display": {
		"thirdperson_righthand": {
			"rotation": [0, 90, 0],
			"translation": [0, 8, 1.25],
			"scale": [1.2, 1.2, 1.2]
		},
		"thirdperson_lefthand": {
			"rotation": [0, -90, 0],
			"translation": [0, 8, 1.25],
			"scale": [1.2, 1.2, 1.2]
		},
		"firstperson_righthand": {
			"rotation": [0, 90, 22],
			"translation": [0, 6.5, 2]
		},
		"firstperson_lefthand": {
			"rotation": [18.25, -90, 0],
			"translation": [0, 7, 2]
		},
		"ground": {
			"rotation": [0, 0, 45],
			"translation": [-3.25, 4, 0],
			"scale": [0.8, 0.8, 0.8]
		},
		"gui": {
			"rotation": [0, 180, 45],
			"translation": [3.75, 3, 0],
			"scale": [1.1, 1.1, 1.1]
		},
		"fixed": {
			"rotation": [0, 0, 45],
			"translation": [-4.25, 4, 0],
			"scale": [1.3, 1.3, 1.3]
		}
	},
	"groups": [
		{
			"name": "handle",
			"origin": [8, 8, 8.25],
			"color": 0,
			"nbt": "{}",
			"children": [
				0,
				{
					"name": "grip",
					"origin": [8, 8, 8.25],
					"color": 0,
					"nbt": "{}",
					"children": [1]
				}
			]
		},
		{
			"name": "blade",
			"origin": [6.335, 0, 7],
			"color": 0,
			"nbt": "{}",
			"children": [2, 3]
		}
	]
}