{
	"texture_size": [32, 32],
	"textures": {
		"1": "item/iron/iron_pickaxe"
	},
	"elements": [
		{
			"from": [7, -4, 7.25],
			"to": [9, -2, 8.75],
			"rotation": {"angle": 45, "axis": "z", "origin": [8, -3, 8.5]},
			"faces": {
				"north": {"uv": [5, 0, 6.5, 1.5], "texture": "#1"},
				"east": {"uv": [1.5, 6.5, 2.5, 8], "texture": "#1"},
				"south": {"uv": [5, 2, 6.5, 3.5], "texture": "#1"},
				"west": {"uv": [3, 6.5, 4, 8], "texture": "#1"},
				"up": {"uv": [8, 5, 6.5, 4], "texture": "#1"},
				"down": {"uv": [6, 6.5, 4.5, 7.5], "texture": "#1"}
			}
		},
		{
			"from": [7.25, -3, 7.5],
			"to": [8.75, 9.5, 8.5],
			"rotation": {"angle": 0, "axis": "y", "origin": [6.75, 0, 7.25]},
			"faces": {
				"north": {"uv": [0, 0, 1, 6], "texture": "#1"},
				"east": {"uv": [3, 0, 3.5, 6], "texture": "#1"},
				"south": {"uv": [1.5, 0, 2.5, 6], "texture": "#1"},
				"west": {"uv": [4, 0, 4.5, 6], "texture": "#1"},
				"up": {"uv": [4, 9, 3, 8.5], "texture": "#1"},
				"down": {"uv": [8, 9.5, 7, 10], "texture": "#1"}
			}
		},
		{
			"from": [7, 7, 7.25],
			"to": [9, 9, 8.75],
			"rotation": {"angle": 0, "axis": "z", "origin": [13.25, 8, 7.25]},
			"faces": {
				"north": {"uv": [7, 3.5, 8, 2.5], "texture": "#1"},
				"east": {"uv": [7.5, 6.5, 8.5, 5.5], "texture": "#1"},
				"south": {"uv": [7.5, 8, 8.5, 7], "texture": "#1"},
				"west": {"uv": [8, 1, 9, 0], "texture": "#1"},
				"up": {"uv": [7, 9, 6, 8], "texture": "#1"},
				"down": {"uv": [5.5, 8, 4.5, 9], "texture": "#1"}
			}
		},
		{
			"from": [6, 7.25, 7.5],
			"to": [8, 8.75, 8.5],
			"rotation": {"angle": 0, "axis": "z", "origin": [9, 8.75, 7]},
			"faces": {
				"north": {"uv": [1.5, 8.5, 2.5, 9.5], "texture": "#1"},
				"east": {"uv": [1.5, 10, 2, 11], "texture": "#1"},
				"south": {"uv": [8.5, 1.5, 9.5, 2.5], "texture": "#1"},
				"west": {"uv": [10, 8, 10.5, 9], "texture": "#1"},
				"up": {"uv": [11, 2.5, 10, 2], "texture": "#1"},
				"down": {"uv": [11, 9.5, 10, 10], "texture": "#1"}
			}
		},
		{
			"from": [2, 7.5, 7.5],
			"to": [6, 8.75, 8.5],
			"rotation": {"angle": 45, "axis": "z", "origin": [6, 8.75, 7]},
			"faces": {
				"north": {"uv": [8.5, 3, 10.5, 3.5], "texture": "#1"},
				"east": {"uv": [8.5, 10.5, 9, 11], "texture": "#1"},
				"south": {"uv": [8.5, 4, 10.5, 4.5], "texture": "#1"},
				"west": {"uv": [9.5, 10.5, 10, 11], "texture": "#1"},
				"up": {"uv": [9.5, 9, 7.5, 8.5], "texture": "#1"},
				"down": {"uv": [11, 5, 9, 5.5], "texture": "#1"}
			}
		},
		{
			"from": [8, 7.25, 7.5],
			"to": [10, 8.75, 8.5],
			"rotation": {"angle": 0, "axis": "z", "origin": [7, 8.75, 7]},
			"faces": {
				"north": {"uv": [0, 9, 1, 10], "texture": "#1"},
				"east": {"uv": [0, 10.5, 0.5, 11.5], "texture": "#1"},
				"south": {"uv": [5.5, 9.5, 6.5, 10.5], "texture": "#1"},
				"west": {"uv": [2.5, 10.5, 3, 11.5], "texture": "#1"},
				"up": {"uv": [4.5, 11, 3.5, 10.5], "texture": "#1"},
				"down": {"uv": [8, 10.5, 7, 11], "texture": "#1"}
			}
		},
		{
			"from": [10, 7.5, 7.5],
			"to": [14, 8.75, 8.5],
			"rotation": {"angle": -45, "axis": "z", "origin": [10, 8.75, 7]},
			"faces": {
				"north": {"uv": [9, 6, 11, 6.5], "texture": "#1"},
				"east": {"uv": [10.5, 10.5, 11, 11], "texture": "#1"},
				"south": {"uv": [9, 7, 11, 7.5], "texture": "#1"},
				"west": {"uv": [11, 3, 11.5, 3.5], "texture": "#1"},
				"up": {"uv": [11.5, 0.5, 9.5, 0], "texture": "#1"},
				"down": {"uv": [5, 9.5, 3, 10], "texture": "#1"}
			}
		}
	],
	"gui_light": "front",
	"display": {
		"thirdperson_righthand": {
			"rotation": [0, 90, 0],
			"translation": [0, 8, 1.25],
			"scale": [1.2, 1.2, 1.2]
		},
		"thirdperson_lefthand": {
			"rotation": [0, -90, 0],
			"translation": [0, 8, 1.25],
			"scale": [1.2, 1.2, 1.2]
		},
		"firstperson_righthand": {
			"rotation": [0, 90, 22],
			"translation": [0, 6.5, 2]
		},
		"firstperson_lefthand": {
			"rotation": [18.25, -90, 0],
			"translation": [0, 7, 2]
		},
		"ground": {
			"rotation": [0, 0, 45],
			"translation": [-3.25, 4, 0],
			"scale": [0.8, 0.8, 0.8]
		},
		"gui": {
			"rotation": [0, 180, 45],
			"translation": [3.75, 3, 0],
			"scale": [1.1, 1.1, 1.1]
		},
		"fixed": {
			"rotation": [0, 0, 45],
			"translation": [-4.25, 4, 0],
			"scale": [1.3, 1.3, 1.3]
		}
	},
	"groups": [
		{
			"name": "handle",
			"origin": [8, 8, 8.25],
			"color": 0,
			"nbt": "{}",
			"children": [
				0,
				{
					"name": "grip",
					"origin": [8, 8, 8.25],
					"color": 0,
					"nbt": "{}",
					"children": [1]
				}
			]
		},
		{
			"name": "blade",
			"origin": [6.335, 0, 7],
			"color": 0,
			"nbt": "{}",
			"children": [2, 3, 4, 5, 6]
		}
	]
}