{
	"texture_size": [32, 32],
	"textures": {
		"2": "item/name_tag",
		"particle": "item/name_tag"
	},
	"elements": [
		{
			"from": [5.5, 3, 7.5],
			"to": [10.5, 12, 8.5],
			"rotation": {"angle": 0, "axis": "y", "origin": [6.5, 4, 7.5]},
			"faces": {
				"north": {"uv": [0, 0, 2.5, 4.5], "texture": "#2"},
				"east": {"uv": [0, 5, 0.5, 9.5], "texture": "#2"},
				"south": {"uv": [3, 0, 5.5, 4.5], "texture": "#2"},
				"west": {"uv": [1, 5, 1.5, 9.5], "texture": "#2"},
				"up": {"uv": [4.5, 5.5, 2, 5], "texture": "#2"},
				"down": {"uv": [7.5, 5, 5, 5.5], "texture": "#2"}
			}
		},
		{
			"from": [6, 12, 7.5],
			"to": [10, 13.25, 8.5],
			"rotation": {"angle": 0, "axis": "y", "origin": [6.5, 4, 7.5]},
			"faces": {
				"north": {"uv": [6, 0, 8, 0.5], "texture": "#2"},
				"east": {"uv": [9, 6, 9.5, 6.5], "texture": "#2"},
				"south": {"uv": [6, 1, 8, 1.5], "texture": "#2"},
				"west": {"uv": [8, 9, 8.5, 9.5], "texture": "#2"},
				"up": {"uv": [4, 6.5, 2, 6], "texture": "#2"},
				"down": {"uv": [8, 2, 6, 2.5], "texture": "#2"}
			}
		},
		{
			"from": [6, 1.75, 7.5],
			"to": [10, 3, 8.5],
			"rotation": {"angle": 0, "axis": "y", "origin": [6.5, 4, 7.5]},
			"faces": {
				"north": {"uv": [6, 3, 8, 3.5], "texture": "#2"},
				"east": {"uv": [9, 9, 9.5, 9.5], "texture": "#2"},
				"south": {"uv": [6, 4, 8, 4.5], "texture": "#2"},
				"west": {"uv": [9.5, 0, 10, 0.5], "texture": "#2"},
				"up": {"uv": [6.5, 6.5, 4.5, 6], "texture": "#2"},
				"down": {"uv": [4, 7, 2, 7.5], "texture": "#2"}
			}
		},
		{
			"from": [7.38478, 12, 6.07926],
			"to": [8.38478, 13, 9.07926],
			"rotation": {"angle": -22.5, "axis": "y", "origin": [6.88478, 11, 8.07926]},
			"faces": {
				"north": {"uv": [9.5, 1, 10, 1.5], "texture": "#2"},
				"east": {"uv": [4.5, 7, 6, 7.5], "texture": "#2"},
				"south": {"uv": [9.5, 2, 10, 2.5], "texture": "#2"},
				"west": {"uv": [7, 6, 8.5, 6.5], "texture": "#2"},
				"up": {"uv": [7, 8.5, 6.5, 7], "texture": "#2"},
				"down": {"uv": [8, 7, 7.5, 8.5], "texture": "#2"}
			}
		},
		{
			"from": [7.38478, 12.75, 5.57926],
			"to": [8.38478, 15.25, 6.57926],
			"rotation": {"angle": -22.5, "axis": "y", "origin": [6.88478, 11, 8.07926]},
			"faces": {
				"north": {"uv": [8.5, 4, 9, 5.5], "texture": "#2"},
				"east": {"uv": [8.5, 7, 9, 8.5], "texture": "#2"},
				"south": {"uv": [2, 9, 2.5, 10.5], "texture": "#2"},
				"west": {"uv": [3, 9, 3.5, 10.5], "texture": "#2"},
				"up": {"uv": [10, 5.5, 9.5, 5], "texture": "#2"},
				"down": {"uv": [10, 7, 9.5, 7.5], "texture": "#2"}
			}
		},
		{
			"from": [7.38478, 12.75, 8.57926],
			"to": [8.38478, 15.25, 9.57926],
			"rotation": {"angle": -22.5, "axis": "y", "origin": [6.88478, 11, 8.07926]},
			"faces": {
				"north": {"uv": [4, 9, 4.5, 10.5], "texture": "#2"},
				"east": {"uv": [5, 9, 5.5, 10.5], "texture": "#2"},
				"south": {"uv": [6, 9, 6.5, 10.5], "texture": "#2"},
				"west": {"uv": [7, 9, 7.5, 10.5], "texture": "#2"},
				"up": {"uv": [10, 8.5, 9.5, 8], "texture": "#2"},
				"down": {"uv": [0.5, 10, 0, 10.5], "texture": "#2"}
			}
		},
		{
			"from": [7.38478, 15, 6.07926],
			"to": [8.38478, 16, 9.07926],
			"rotation": {"angle": -22.5, "axis": "y", "origin": [6.88478, 11, 8.07926]},
			"faces": {
				"north": {"uv": [9.5, 3, 10, 3.5], "texture": "#2"},
				"east": {"uv": [2, 8, 3.5, 8.5], "texture": "#2"},
				"south": {"uv": [9.5, 4, 10, 4.5], "texture": "#2"},
				"west": {"uv": [4, 8, 5.5, 8.5], "texture": "#2"},
				"up": {"uv": [9, 1.5, 8.5, 0], "texture": "#2"},
				"down": {"uv": [9, 2, 8.5, 3.5], "texture": "#2"}
			}
		}
	],
	"gui_light": "front",
	"display": {
		"thirdperson_righthand": {
			"rotation": [180, 0, -135],
			"translation": [0, 2, 0.75],
			"scale": [0.5, 0.5, 0.5]
		},
		"thirdperson_lefthand": {
			"rotation": [180, 0, -135],
			"translation": [0, 2, 0.75],
			"scale": [0.5, 0.5, 0.5]
		},
		"firstperson_righthand": {
			"rotation": [4, -55, -12.5],
			"translation": [-0.25, 3, 1.5],
			"scale": [0.6, 0.6, 0.6]
		},
		"firstperson_lefthand": {
			"rotation": [4, -55, -12.5],
			"translation": [-0.25, 3, 1.5],
			"scale": [0.6, 0.6, 0.6]
		},
		"ground": {
			"rotation": [0, 0, 45],
			"translation": [0, 1, 0],
			"scale": [0.6, 0.6, 0.6]
		},
		"gui": {
			"rotation": [0, 0, -45],
			"translation": [-0.5, -0.5, 0]
		},
		"fixed": {
			"rotation": [-180, 0, 135],
			"translation": [0.5, -0.5, 0],
			"scale": [1.2, 1.2, 1.2]
		}
	},
	"groups": [
		{
			"name": "group",
			"origin": [6.5, 0, 7.5],
			"color": 0,
			"nbt": "{}",
			"children": [0, 1, 2]
		},
		{
			"name": "ring",
			"origin": [6.98045, 7.25, 7.84829],
			"color": 0,
			"nbt": "{}",
			"children": [3, 4, 5, 6]
		}
	]
}