{
	"texture_size": [32, 32],
	"textures": {
		"2": "item/netherite/netherite_shovel",
		"particle": "item/netherite/netherite_shovel"
	},
	"elements": [
		{
			"from": [7, -4, 7.25],
			"to": [9, -2, 8.75],
			"rotation": {"angle": 45, "axis": "z", "origin": [8, -3, 8.5]},
			"faces": {
				"north": {"uv": [0, 4.5, 1.5, 6], "texture": "#2"},
				"east": {"uv": [6, 5, 7, 6.5], "texture": "#2"},
				"south": {"uv": [2, 5, 3.5, 6.5], "texture": "#2"},
				"west": {"uv": [0, 6.5, 1, 8], "texture": "#2"},
				"up": {"uv": [8.5, 1, 7, 0], "texture": "#2"},
				"down": {"uv": [3, 7, 1.5, 8], "texture": "#2"}
			}
		},
		{
			"from": [7.25, -3, 7.5],
			"to": [8.75, 5, 8.5],
			"rotation": {"angle": 0, "axis": "y", "origin": [6.75, 0, 7.25]},
			"faces": {
				"north": {"uv": [0, 0, 1, 4], "texture": "#2"},
				"east": {"uv": [4, 5, 4.5, 9], "texture": "#2"},
				"south": {"uv": [1.5, 0, 2.5, 4], "texture": "#2"},
				"west": {"uv": [5, 5, 5.5, 9], "texture": "#2"},
				"up": {"uv": [2, 10, 1, 9.5], "texture": "#2"},
				"down": {"uv": [3.5, 9.5, 2.5, 10], "texture": "#2"}
			}
		},
		{
			"from": [7, 5, 7.5],
			"to": [9, 6, 8.5],
			"rotation": {"angle": 0, "axis": "z", "origin": [12.75, 4, 7.25]},
			"faces": {
				"north": {"uv": [4, 9.5, 5, 10], "texture": "#2"},
				"east": {"uv": [9.5, 10.5, 10, 11], "texture": "#2"},
				"south": {"uv": [9.5, 5, 10.5, 5.5], "texture": "#2"},
				"west": {"uv": [10.5, 10.5, 11, 11], "texture": "#2"},
				"up": {"uv": [10.5, 6.5, 9.5, 6], "texture": "#2"},
				"down": {"uv": [10.5, 7, 9.5, 7.5], "texture": "#2"}
			}
		},
		{
			"from": [6, 6, 7.735],
			"to": [10, 9.42, 8.265],
			"rotation": {"angle": 0, "axis": "z", "origin": [7, 3.75, 6.985]},
			"faces": {
				"north": {"uv": [3, 0, 5, 1.5], "texture": "#2"},
				"east": {"uv": [7.5, 6.5, 8, 8], "texture": "#2"},
				"south": {"uv": [3, 2.5, 5, 4], "texture": "#2"},
				"west": {"uv": [0, 8.5, 0.5, 10], "texture": "#2"},
				"up": {"uv": [3, 9, 1, 8.5], "texture": "#2"},
				"down": {"uv": [10.5, 1.5, 8.5, 2], "texture": "#2"}
			}
		},
		{
			"from": [6, 8.25, 7.75],
			"to": [7.83, 11.08, 8.25],
			"rotation": {"angle": 45, "axis": "z", "origin": [8, 10.25, 8]},
			"faces": {
				"north": {"uv": [7, 1.5, 8, 3.5], "texture": "#2"},
				"east": {"uv": [6, 9, 6.5, 10.5], "texture": "#2"},
				"south": {"uv": [6, 7, 7, 9], "texture": "#2"},
				"west": {"uv": [7, 9, 7.5, 10.5], "texture": "#2"},
				"up": {"uv": [11, 4, 10, 3.5], "texture": "#2"},
				"down": {"uv": [9, 10, 8, 10.5], "texture": "#2"}
			}
		},
		{
			"from": [6, 8.25, 7.75],
			"to": [8.83, 10.08, 8.25],
			"rotation": {"angle": 45, "axis": "z", "origin": [8, 10.25, 8]},
			"faces": {
				"north": {"uv": [7, 3.5, 9, 4.5], "texture": "#2"},
				"east": {"uv": [10, 9, 10.5, 10], "texture": "#2"},
				"south": {"uv": [7, 5, 9, 6], "texture": "#2"},
				"west": {"uv": [1, 10.5, 1.5, 11.5], "texture": "#2"},
				"up": {"uv": [10.5, 0.5, 9, 0], "texture": "#2"},
				"down": {"uv": [9.5, 9, 8, 9.5], "texture": "#2"}
			}
		},
		{
			"from": [7.29, 9, 7.749],
			"to": [8.71, 10.715, 8.251],
			"rotation": {"angle": 0, "axis": "z", "origin": [8.04, 10.25, 7.999]},
			"faces": {
				"north": {"uv": [2, 10.5, 2.5, 11.5], "texture": "#2"},
				"east": {"uv": [3, 10.5, 3.5, 11.5], "texture": "#2"},
				"south": {"uv": [4, 10.5, 4.5, 11.5], "texture": "#2"},
				"west": {"uv": [5, 10.5, 5.5, 11.5], "texture": "#2"},
				"up": {"uv": [0.5, 11.5, 0, 11], "texture": "#2"},
				"down": {"uv": [11.5, 0, 11, 0.5], "texture": "#2"}
			}
		}
	],
	"gui_light": "front",
	"display": {
		"thirdperson_righthand": {
			"rotation": [0, 90, 0],
			"translation": [0, 8, 1.25],
			"scale": [1.2, 1.2, 1.2]
		},
		"thirdperson_lefthand": {
			"rotation": [0, -90, 0],
			"translation": [0, 8, 1.25],
			"scale": [1.2, 1.2, 1.2]
		},
		"firstperson_righthand": {
			"rotation": [0, 90, 22],
			"translation": [0, 6.5, 2]
		},
		"firstperson_lefthand": {
			"rotation": [18.25, -90, 0],
			"translation": [0, 7, 2]
		},
		"ground": {
			"rotation": [0, 0, 45],
			"translation": [-3.25, 4, 0],
			"scale": [0.8, 0.8, 0.8]
		},
		"gui": {
			"rotation": [0, 180, 45],
			"translation": [3.75, 3, 0],
			"scale": [1.1, 1.1, 1.1]
		},
		"fixed": {
			"rotation": [0, 0, 45],
			"translation": [-4.25, 4, 0],
			"scale": [1.3, 1.3, 1.3]
		}
	},
	"groups": [
		{
			"name": "handle",
			"origin": [8, 8, 8.25],
			"color": 0,
			"nbt": "{}",
			"children": [
				0,
				{
					"name": "grip",
					"origin": [8, 8, 8.25],
					"color": 0,
					"nbt": "{}",
					"children": [1]
				}
			]
		},
		{
			"name": "blade",
			"origin": [6.335, 0, 7],
			"color": 0,
			"nbt": "{}",
			"children": [2, 3, 4, 5, 6]
		}
	]
}