{
	"texture_size": [32, 32],
	"textures": {
		"0": "item/netherite/netherite_sword",
		"particle": "item/netherite/netherite_sword"
	},
	"elements": [
		{
			"from": [7, -4, 7.25],
			"to": [9, -2, 8.75],
			"rotation": {"angle": 45, "axis": "z", "origin": [8, -3, 8.5]},
			"faces": {
				"north": {"uv": [7.5, 4, 9, 5.5], "texture": "#0"},
				"east": {"uv": [5, 7.5, 6, 8.5], "texture": "#0"},
				"south": {"uv": [7.5, 5.5, 9, 7], "texture": "#0"},
				"west": {"uv": [6.5, 7.5, 7.5, 8.5], "texture": "#0"},
				"up": {"uv": [9, 8.5, 8, 7.5], "texture": "#0"},
				"down": {"uv": [1, 8.5, 0, 9.5], "texture": "#0"}
			}
		},
		{
			"from": [5, 1, 7.375],
			"to": [8, 2.25, 8.625],
			"rotation": {"angle": -22.5, "axis": "z", "origin": [8, 1, 7.375]},
			"faces": {
				"north": {"uv": [8.5, 2, 10, 2.5], "texture": "#0"},
				"east": {"uv": [9, 6, 10, 6.5], "texture": "#0"},
				"south": {"uv": [9, 3, 10.5, 3.5], "texture": "#0"},
				"west": {"uv": [7, 9, 8, 9.5], "texture": "#0"},
				"up": {"uv": [5, 7, 3.5, 6], "texture": "#0"},
				"down": {"uv": [7, 6, 5.5, 7], "texture": "#0"}
			}
		},
		{
			"from": [8, 1, 7.375],
			"to": [11, 2.25, 8.625],
			"rotation": {"angle": 22.5, "axis": "z", "origin": [8, 1, 7.375]},
			"faces": {
				"north": {"uv": [10, 2, 8.5, 2.5], "texture": "#0"},
				"east": {"uv": [8, 9, 7, 9.5], "texture": "#0"},
				"south": {"uv": [10.5, 3, 9, 3.5], "texture": "#0"},
				"west": {"uv": [10, 6, 9, 6.5], "texture": "#0"},
				"up": {"uv": [3.5, 7, 5, 6], "texture": "#0"},
				"down": {"uv": [5.5, 6, 7, 7], "texture": "#0"}
			}
		},
		{
			"from": [7.25, -3, 7.5],
			"to": [8.75, 2, 8.5],
			"rotation": {"angle": 0, "axis": "y", "origin": [6.75, 0, 7.25]},
			"faces": {
				"north": {"uv": [4, 0, 5, 2.5], "texture": "#0"},
				"east": {"uv": [4, 3, 5, 5.5], "texture": "#0"},
				"south": {"uv": [0, 5.5, 1, 8], "texture": "#0"},
				"west": {"uv": [5.5, 0, 6.5, 2.5], "texture": "#0"},
				"up": {"uv": [8, 1, 7, 0], "texture": "#0"},
				"down": {"uv": [8, 1.5, 7, 2.5], "texture": "#0"}
			}
		},
		{
			"from": [6.585, 2, 7.75],
			"to": [9.415, 12, 8.25],
			"rotation": {"angle": 0, "axis": "y", "origin": [6.335, -1, 7]},
			"faces": {
				"north": {"uv": [0, 0, 1.5, 5], "texture": "#0"},
				"east": {"uv": [1.5, 5.5, 2, 10.5], "texture": "#0"},
				"south": {"uv": [2.5, 0, 4, 5], "texture": "#0"},
				"west": {"uv": [2.5, 5.5, 3, 10.5], "texture": "#0"},
				"up": {"uv": [5, 9.5, 3.5, 9], "texture": "#0"},
				"down": {"uv": [10.5, 4, 9, 4.5], "texture": "#0"}
			}
		},
		{
			"from": [7, 11, 7.7495],
			"to": [9, 13, 8.2505],
			"rotation": {"angle": 45, "axis": "z", "origin": [8, 12, 7.9995]},
			"faces": {
				"north": {"uv": [7.5, 2.5, 9, 4], "texture": "#0"},
				"east": {"uv": [8.5, 9, 9, 10], "texture": "#0"},
				"south": {"uv": [3.5, 7.5, 5, 9], "texture": "#0"},
				"west": {"uv": [9.5, 7, 10, 8], "texture": "#0"},
				"up": {"uv": [10.5, 9, 9.5, 8.5], "texture": "#0"},
				"down": {"uv": [10.5, 9.5, 9.5, 10], "texture": "#0"}
			}
		}
	],
	"gui_light": "front",
	"display": {
		"thirdperson_righthand": {
			"rotation": [0, 90, 0],
			"translation": [0, 8, 1.25],
			"scale": [1.2, 1.2, 1.2]
		},
		"thirdperson_lefthand": {
			"rotation": [0, 90, 0],
			"translation": [0, 8, 1.25],
			"scale": [1.2, 1.2, 1.2]
		},
		"firstperson_righthand": {
			"rotation": [0, 90, 22],
			"translation": [0, 6.5, 2]
		},
		"firstperson_lefthand": {
			"rotation": [0, 90, 22],
			"translation": [0, 6.5, 2]
		},
		"ground": {
			"rotation": [0, 0, 45],
			"translation": [-0.75, 4, 0],
			"scale": [0.8, 0.8, 0.8]
		},
		"gui": {
			"rotation": [0, 0, -45],
			"translation": [2.75, 2.75, 0],
			"scale": [1.1, 1.1, 1.1]
		},
		"fixed": {
			"rotation": [0, 0, 45],
			"translation": [-3, 2.75, 0],
			"scale": [1.3, 1.3, 1.3]
		}
	},
	"groups": [
		{
			"name": "handle",
			"origin": [8, 8, 8.25],
			"color": 0,
			"nbt": "{}",
			"children": [
				0,
				1,
				2,
				{
					"name": "grip",
					"origin": [8, 8, 8.25],
					"color": 0,
					"nbt": "{}",
					"children": [3]
				}
			]
		},
		{
			"name": "blade",
			"origin": [6.335, 0, 7],
			"color": 0,
			"nbt": "{}",
			"children": [4, 5]
		}
	]
}