{
	"parent": "item/bucket",
	"textures": {
		"1": "item/bucket/bucket_base",
		"2": "item/bucket/water",
		"6": "item/bucket/bucket_puffer_fish_big",
		"particle": "item/bucket/bucket_base"
	},
	"elements": [
		{
			"name": "back",
			"from": [5.5, 0.5, 10],
			"to": [10.5, 6.5, 11],
			"rotation": {"angle": 0, "axis": "y", "origin": [8, 5.25, 8.48097]},
			"faces": {
				"north": {"uv": [0, 0, 2.5, 3], "texture": "#1"},
				"east": {"uv": [5, 6, 5.5, 9], "texture": "#1"},
				"south": {"uv": [3, 0, 5.5, 3], "texture": "#1"},
				"west": {"uv": [6, 6, 6.5, 9], "texture": "#1"},
				"up": {"uv": [4.5, 7.5, 2, 7], "texture": "#1"},
				"down": {"uv": [10, 4.5, 7.5, 5], "texture": "#1"}
			}
		},
		{
			"name": "front",
			"from": [5.5, 0.5, 5],
			"to": [10.5, 6.5, 6],
			"rotation": {"angle": 0, "axis": "y", "origin": [8, 5.25, 7.51903]},
			"faces": {
				"north": {"uv": [5.5, 0, 3, 3], "texture": "#1"},
				"east": {"uv": [5.5, 6, 5, 9], "texture": "#1"},
				"south": {"uv": [2.5, 0, 0, 3], "texture": "#1"},
				"west": {"uv": [6.5, 6, 6, 9], "texture": "#1"},
				"up": {"uv": [4.5, 7, 2, 7.5], "texture": "#1"},
				"down": {"uv": [10, 5, 7.5, 4.5], "texture": "#1"}
			}
		},
		{
			"name": "side",
			"from": [10, 0.5, 6],
			"to": [11, 6.5, 10],
			"rotation": {"angle": 0, "axis": "y", "origin": [8, 5.25, 7.51903]},
			"faces": {
				"north": {"uv": [0, 7, 0.5, 10], "texture": "#1"},
				"east": {"uv": [0, 3.5, 2, 6.5], "texture": "#1"},
				"south": {"uv": [1, 7, 1.5, 10], "texture": "#1"},
				"west": {"uv": [2.5, 3.5, 4.5, 6.5], "texture": "#1"},
				"up": {"uv": [2.5, 10, 2, 8], "texture": "#1"},
				"down": {"uv": [3.5, 8, 3, 10], "texture": "#1"}
			}
		},
		{
			"name": "side",
			"from": [5, 0.5, 6],
			"to": [6, 6.5, 10],
			"rotation": {"angle": 0, "axis": "y", "origin": [8, 5.25, 7.51903]},
			"faces": {
				"north": {"uv": [0.5, 7, 0, 10], "texture": "#1"},
				"east": {"uv": [4.5, 3.5, 2.5, 6.5], "texture": "#1"},
				"south": {"uv": [1.5, 7, 1, 10], "texture": "#1"},
				"west": {"uv": [2, 3.5, 0, 6.5], "texture": "#1"},
				"up": {"uv": [2, 10, 2.5, 8], "texture": "#1"},
				"down": {"uv": [3, 8, 3.5, 10], "texture": "#1"}
			}
		},
		{
			"name": "bottom",
			"from": [6, 0.5, 6],
			"to": [10, 1.5, 10],
			"rotation": {"angle": 0, "axis": "y", "origin": [8.5, 5.25, 6.98097]},
			"faces": {
				"north": {"uv": [7, 8, 9, 8.5], "texture": "#1"},
				"east": {"uv": [8.5, 0, 10.5, 0.5], "texture": "#1"},
				"south": {"uv": [8.5, 1, 10.5, 1.5], "texture": "#1"},
				"west": {"uv": [7, 9, 9, 9.5], "texture": "#1"},
				"up": {"uv": [7, 5.5, 5, 3.5], "texture": "#1"},
				"down": {"uv": [8, 0, 6, 2], "texture": "#1"}
			}
		},
		{
			"name": "handleside",
			"from": [10.5, 6.5, 7.5],
			"to": [11, 9, 8.5],
			"rotation": {"angle": 0, "axis": "y", "origin": [8, 5.25, 7.51903]},
			"faces": {
				"north": {"uv": [4, 8, 4.5, 9.5], "texture": "#1"},
				"east": {"uv": [5, 9.5, 5.5, 11], "texture": "#1"},
				"south": {"uv": [6, 9.5, 6.5, 11], "texture": "#1"},
				"west": {"uv": [9.5, 8, 10, 9.5], "texture": "#1"},
				"up": {"uv": [10, 2.5, 9.5, 2], "texture": "#1"},
				"down": {"uv": [4.5, 10, 4, 10.5], "texture": "#1"}
			}
		},
		{
			"name": "handleside",
			"from": [5, 6.5, 7.5],
			"to": [5.5, 9, 8.5],
			"rotation": {"angle": 0, "axis": "y", "origin": [8, 5.25, 7.51903]},
			"faces": {
				"north": {"uv": [4.5, 8, 4, 9.5], "texture": "#1"},
				"east": {"uv": [10, 8, 9.5, 9.5], "texture": "#1"},
				"south": {"uv": [6.5, 9.5, 6, 11], "texture": "#1"},
				"west": {"uv": [5.5, 9.5, 5, 11], "texture": "#1"},
				"up": {"uv": [9.5, 2.5, 10, 2], "texture": "#1"},
				"down": {"uv": [4, 10, 4.5, 10.5], "texture": "#1"}
			}
		},
		{
			"name": "handle",
			"from": [5.01, 9, 7.5],
			"to": [10.99, 10, 8.5],
			"rotation": {"angle": 0, "axis": "y", "origin": [8.01, 5.25, 7.51903]},
			"faces": {
				"north": {"uv": [6, 2.5, 9, 3], "texture": "#1"},
				"east": {"uv": [7, 10, 7.5, 10.5], "texture": "#1"},
				"south": {"uv": [7, 6, 10, 6.5], "texture": "#1"},
				"west": {"uv": [8, 10, 8.5, 10.5], "texture": "#1"},
				"up": {"uv": [10, 7.5, 7, 7], "texture": "#1"},
				"down": {"uv": [10.5, 3.5, 7.5, 4], "texture": "#1"}
			}
		},
		{
			"from": [6, 1.5, 6],
			"to": [10, 5.5, 10],
			"rotation": {"angle": 0, "axis": "y", "origin": [7, 0, 7]},
			"faces": {
				"north": {"uv": [0, 0, 4, 4], "texture": "#2"},
				"east": {"uv": [0, 5, 4, 9], "texture": "#2"},
				"south": {"uv": [5, 0, 9, 4], "texture": "#2"},
				"west": {"uv": [5, 5, 9, 9], "texture": "#2"},
				"up": {"uv": [4, 14, 0, 10], "texture": "#2"},
				"down": {"uv": [14, 0, 10, 4], "texture": "#2"}
			}
		},
		{
			"name": "fin_right",
			"from": [9.64, 6.74, 6.31333],
			"to": [10.46, 7.15, 7.13333],
			"rotation": {"angle": 22.5, "axis": "x", "origin": [8, 5.92, 7.5]},
			"faces": {
				"north": {"uv": [13, 1, 14, 1.5], "texture": "#6"},
				"east": {"uv": [12, 1, 13, 1.5], "texture": "#6"},
				"south": {"uv": [15, 1, 16, 1.5], "texture": "#6"},
				"west": {"uv": [14, 1, 15, 1.5], "texture": "#6"},
				"up": {"uv": [14, 1, 13, 0], "texture": "#6"},
				"down": {"uv": [15, 0, 14, 1], "texture": "#6"}
			}
		},
		{
			"name": "fin_left",
			"from": [5.54, 6.74, 6.31333],
			"to": [6.36, 7.15, 7.13333],
			"rotation": {"angle": 22.5, "axis": "x", "origin": [8, 5.92, 7.5]},
			"faces": {
				"north": {"uv": [13, 2.5, 14, 3], "texture": "#6"},
				"east": {"uv": [12, 2.5, 13, 3], "texture": "#6"},
				"south": {"uv": [15, 2.5, 16, 3], "texture": "#6"},
				"west": {"uv": [14, 2.5, 15, 3], "texture": "#6"},
				"up": {"uv": [14, 2.5, 13, 1.5], "texture": "#6"},
				"down": {"uv": [15, 1.5, 14, 2.5], "texture": "#6"}
			}
		},
		{
			"name": "body",
			"from": [6.36, 4.28, 5.89923],
			"to": [9.64, 7.56, 9.17923],
			"rotation": {"angle": 22.5, "axis": "x", "origin": [8, 5.92, 7.5]},
			"faces": {
				"north": {"uv": [4, 4, 8, 8], "texture": "#6"},
				"east": {"uv": [0, 4, 4, 8], "texture": "#6"},
				"south": {"uv": [12, 4, 16, 8], "texture": "#6"},
				"west": {"uv": [8, 4, 12, 8], "texture": "#6"},
				"up": {"uv": [8, 4, 4, 0], "texture": "#6"},
				"down": {"uv": [12, 0, 8, 4], "texture": "#6"}
			}
		},
		{
			"name": "body",
			"from": [6.36, 7.56, 7.53923],
			"to": [9.64, 7.97, 7.94923],
			"rotation": {"angle": 22.5, "axis": "x", "origin": [8, 5.92, 7.5]},
			"faces": {
				"north": {"uv": [7.5, 8.5, 11.5, 9], "texture": "#6"},
				"east": {"uv": [7, 8.5, 7.5, 9], "texture": "#6"},
				"south": {"uv": [7.5, 8.5, 11.5, 9], "texture": "#6"},
				"west": {"uv": [11.5, 8.5, 12, 9], "texture": "#6"},
				"up": {"uv": [11.5, 8.5, 7.5, 8], "texture": "#6"},
				"down": {"uv": [15.5, 8, 11.5, 8.5], "texture": "#6"}
			}
		},
		{
			"name": "body",
			"from": [6.36, 3.87, 7.53923],
			"to": [9.64, 4.28, 7.53923],
			"rotation": {"angle": 22.5, "axis": "x", "origin": [8, 5.92, 7.5]},
			"faces": {
				"north": {"uv": [7.5, 10, 11.5, 10.5], "texture": "#6"},
				"east": {"uv": [7.5, 10, 7.5, 10.5], "texture": "#6"},
				"south": {"uv": [11.5, 10, 15.5, 10.5], "texture": "#6"},
				"west": {"uv": [11.5, 10, 11.5, 10.5], "texture": "#6"},
				"up": {"uv": [11.5, 10, 7.5, 10], "texture": "#6"},
				"down": {"uv": [15.5, 10, 11.5, 10], "texture": "#6"}
			}
		},
		{
			"name": "top_front_spikes",
			"from": [6.36, 8.06336, 6.57023],
			"to": [9.64, 8.47336, 6.57023],
			"rotation": {"angle": 0, "axis": "y", "origin": [8, 5.92, 8]},
			"faces": {
				"north": {"uv": [7.5, 8.5, 11.5, 9], "texture": "#6"},
				"east": {"uv": [7.5, 8.5, 7.5, 9], "texture": "#6"},
				"south": {"uv": [11.5, 8.5, 7.5, 9], "texture": "#6"},
				"west": {"uv": [11.5, 8.5, 11.5, 9], "texture": "#6"},
				"up": {"uv": [11.5, 8.5, 7.5, 8.5], "texture": "#6"},
				"down": {"uv": [7.5, 8.5, 11.5, 8.5], "texture": "#6"}
			}
		},
		{
			"name": "left_front_spikes",
			"from": [5.94664, 4.08866, 6.60829],
			"to": [6.35664, 7.36866, 6.60829],
			"rotation": {"angle": 22.5, "axis": "x", "origin": [8, 5.92, 8]},
			"faces": {
				"north": {"uv": [0.5, 8.5, 1, 12.5], "texture": "#6"},
				"east": {"uv": [0.5, 8.5, 0.5, 12.5], "texture": "#6"},
				"south": {"uv": [0.5, 8.5, 1, 12.5], "texture": "#6"},
				"west": {"uv": [1, 8.5, 1, 12.5], "texture": "#6"},
				"up": {"uv": [1, 8.5, 0.5, 8.5], "texture": "#6"},
				"down": {"uv": [1.5, 8.5, 1, 8.5], "texture": "#6"}
			}
		},
		{
			"name": "right_front_spikes",
			"from": [9.64, 4.08866, 5.93729],
			"to": [10.05, 7.36866, 5.93729],
			"rotation": {"angle": 22.5, "axis": "x", "origin": [8, 5.92, 8]},
			"faces": {
				"north": {"uv": [2.5, 8.5, 3, 12.5], "texture": "#6"},
				"east": {"uv": [2.5, 8.5, 2.5, 12.5], "texture": "#6"},
				"south": {"uv": [2.5, 8.5, 3, 12.5], "texture": "#6"},
				"west": {"uv": [3, 8.5, 3, 12.5], "texture": "#6"},
				"up": {"uv": [3, 8.5, 2.5, 8.5], "texture": "#6"},
				"down": {"uv": [3.5, 8.5, 3, 8.5], "texture": "#6"}
			}
		},
		{
			"name": "bottom_front_spikes",
			"from": [6.36, 3.67866, 5.93729],
			"to": [9.64, 4.08866, 5.93729],
			"rotation": {"angle": 22.5, "axis": "x", "origin": [8, 5.92, 8]},
			"faces": {
				"north": {"uv": [7.5, 10, 11.5, 10.5], "texture": "#6"},
				"east": {"uv": [7.5, 10, 7.5, 10.5], "texture": "#6"},
				"south": {"uv": [11.5, 10, 15.5, 10.5], "texture": "#6"},
				"west": {"uv": [11.5, 10, 11.5, 10.5], "texture": "#6"},
				"up": {"uv": [11.5, 10, 7.5, 10], "texture": "#6"},
				"down": {"uv": [15.5, 10, 11.5, 10], "texture": "#6"}
			}
		},
		{
			"name": "top_back_spikes",
			"from": [6.36, 7.72422, 8.57025],
			"to": [9.64, 8.13422, 8.57025],
			"rotation": {"angle": 45, "axis": "x", "origin": [8, 5.92, 8]},
			"faces": {
				"north": {"uv": [11.5, 9, 15.5, 9.5], "texture": "#6"},
				"east": {"uv": [11.5, 9, 11.5, 9.5], "texture": "#6"},
				"south": {"uv": [12, 9, 16, 9.5], "texture": "#6"},
				"west": {"uv": [15.5, 9, 15.5, 9.5], "texture": "#6"},
				"up": {"uv": [15.5, 9, 11.5, 9], "texture": "#6"},
				"down": {"uv": [19.5, 9, 15.5, 9], "texture": "#6"}
			}
		},
		{
			"name": "left_back_spikes",
			"from": [5.93223, 4.08866, 8.46186],
			"to": [6.34223, 7.36866, 8.46186],
			"rotation": {"angle": 22.5, "axis": "x", "origin": [8, 5.92, 8]},
			"faces": {
				"north": {"uv": [4.5, 8.5, 5, 12.5], "texture": "#6"},
				"east": {"uv": [4.5, 8.5, 4.5, 12.5], "texture": "#6"},
				"south": {"uv": [4.5, 8.5, 5, 12.5], "texture": "#6"},
				"west": {"uv": [5, 8.5, 5, 12.5], "texture": "#6"},
				"up": {"uv": [5, 8.5, 4.5, 8.5], "texture": "#6"},
				"down": {"uv": [5.5, 8.5, 5, 8.5], "texture": "#6"}
			}
		},
		{
			"name": "right_back_spikes",
			"from": [9.65777, 4.08866, 8.46186],
			"to": [10.06777, 7.36866, 8.46186],
			"rotation": {"angle": 22.5, "axis": "x", "origin": [8, 5.92, 8]},
			"faces": {
				"north": {"uv": [4.5, 8.5, 5, 12.5], "texture": "#6"},
				"east": {"uv": [4.5, 8.5, 4.5, 12.5], "texture": "#6"},
				"south": {"uv": [4.5, 8.5, 5, 12.5], "texture": "#6"},
				"west": {"uv": [5, 8.5, 5, 12.5], "texture": "#6"},
				"up": {"uv": [5, 8.5, 4.5, 8.5], "texture": "#6"},
				"down": {"uv": [5.5, 8.5, 5, 8.5], "texture": "#6"}
			}
		},
		{
			"name": "bottom_back_spikes",
			"from": [6.36, 3.67866, 9.21729],
			"to": [9.64, 4.08866, 9.21729],
			"rotation": {"angle": 22.5, "axis": "x", "origin": [8, 5.92, 8]},
			"faces": {
				"north": {"uv": [7.5, 10, 11.5, 10.5], "texture": "#6"},
				"east": {"uv": [7.5, 10, 7.5, 10.5], "texture": "#6"},
				"south": {"uv": [11.5, 10, 15.5, 10.5], "texture": "#6"},
				"west": {"uv": [11.5, 10, 11.5, 10.5], "texture": "#6"},
				"up": {"uv": [11.5, 10, 7.5, 10], "texture": "#6"},
				"down": {"uv": [15.5, 10, 11.5, 10], "texture": "#6"}
			}
		}
	],
	"gui_light": "front",
	"display": {
		"thirdperson_righthand": {
			"rotation": [-112, 180, -180],
			"translation": [0, -3, -1],
			"scale": [0.8, 0.8, 0.8]
		},
		"thirdperson_lefthand": {
			"rotation": [-112, 180, -180],
			"translation": [0, -3, -1],
			"scale": [0.8, 0.8, 0.8]
		},
		"firstperson_righthand": {
			"rotation": [8.5, -4, 3],
			"translation": [1.5, 2.75, -1.5],
			"scale": [0.8, 0.8, 0.8]
		},
		"firstperson_lefthand": {
			"rotation": [8.5, -4, 3],
			"translation": [1.5, 2.75, -1.5],
			"scale": [0.8, 0.8, 0.8]
		},
		"ground": {
			"translation": [0, 4, 0],
			"scale": [0.7, 0.7, 0.7]
		},
		"gui": {
			"rotation": [30, -145, 0],
			"translation": [0, 3.5, 0],
			"scale": [1.3, 1.3, 1.3]
		},
		"fixed": {
			"rotation": [-90, 0, 0],
			"translation": [0, 0, -13.5],
			"scale": [1.8, 1.8, 1.8]
		}
	},
	"groups": [
		{
			"name": "bucket",
			"origin": [8, 5.25, 7.51903],
			"color": 0,
			"nbt": "{}",
			"children": [
				0,
				1,
				2,
				3,
				4,
				{
					"name": "handle",
					"origin": [8, 5.25, 7.51903],
					"color": 0,
					"nbt": "{}",
					"children": [5, 6, 7]
				}
			]
		},
		{
			"name": "liquid",
			"origin": [8, 8, 8],
			"color": 0,
			"nbt": "{}",
			"children": [8]
		},
		{
			"name": "pufferfish",
			"origin": [8, 0, 1.47923],
			"color": 0,
			"nbt": "{}",
			"children": [
				{
					"name": "fin_right",
					"origin": [4, 7, -0.52077],
					"color": 0,
					"nbt": "{}",
					"children": [9]
				},
				{
					"name": "fin_left",
					"origin": [12, 7, -0.52077],
					"color": 0,
					"nbt": "{}",
					"children": [10]
				},
				{
					"name": "body",
					"origin": [8, 0, 1.47923],
					"color": 0,
					"nbt": "{}",
					"children": [
						11,
						12,
						13,
						{
							"name": "top_front_spikes",
							"origin": [8, 8, -2.52077],
							"rotation": [-45, 0, 0],
							"color": 0,
							"nbt": "{}",
							"children": [14]
						},
						{
							"name": "left_front_spikes",
							"origin": [4, 4, -2.52077],
							"rotation": [0, -45, 0],
							"color": 0,
							"nbt": "{}",
							"children": [15]
						},
						{
							"name": "right_front_spikes",
							"origin": [12, 4, -2.52077],
							"rotation": [0, 45, 0],
							"color": 0,
							"nbt": "{}",
							"children": [16]
						},
						{
							"name": "bottom_front_spikes",
							"origin": [8, 0, -2.52077],
							"rotation": [45, 0, 0],
							"color": 0,
							"nbt": "{}",
							"children": [17]
						},
						{
							"name": "top_back_spikes",
							"origin": [8, 8, 5.47923],
							"rotation": [45, 0, 0],
							"color": 0,
							"nbt": "{}",
							"children": [18]
						},
						{
							"name": "left_back_spikes",
							"origin": [4, 4, 5.47923],
							"rotation": [0, 45, 0],
							"color": 0,
							"nbt": "{}",
							"children": [19]
						},
						{
							"name": "right_back_spikes",
							"origin": [12, 4, 5.47923],
							"rotation": [0, -45, 0],
							"color": 0,
							"nbt": "{}",
							"children": [20]
						},
						{
							"name": "bottom_back_spikes",
							"origin": [8, 0, 5.47923],
							"rotation": [-45, 0, 0],
							"color": 0,
							"nbt": "{}",
							"children": [21]
						}
					]
				}
			]
		}
	]
}