{
	"parent": "item/bucket",
	"textures": {
		"1": "item/bucket/bucket_base",
		"2": "item/bucket/water",
		"6": "item/bucket/bucket_salmon",
		"particle": "item/bucket/bucket_base"
	},
	"elements": [
		{
			"name": "back",
			"from": [5.5, 0.5, 10],
			"to": [10.5, 6.5, 11],
			"rotation": {"angle": 0, "axis": "y", "origin": [8, 5.25, 8.48097]},
			"faces": {
				"north": {"uv": [0, 0, 2.5, 3], "texture": "#1"},
				"east": {"uv": [5, 6, 5.5, 9], "texture": "#1"},
				"south": {"uv": [3, 0, 5.5, 3], "texture": "#1"},
				"west": {"uv": [6, 6, 6.5, 9], "texture": "#1"},
				"up": {"uv": [4.5, 7.5, 2, 7], "texture": "#1"},
				"down": {"uv": [10, 4.5, 7.5, 5], "texture": "#1"}
			}
		},
		{
			"name": "front",
			"from": [5.5, 0.5, 5],
			"to": [10.5, 6.5, 6],
			"rotation": {"angle": 0, "axis": "y", "origin": [8, 5.25, 7.51903]},
			"faces": {
				"north": {"uv": [5.5, 0, 3, 3], "texture": "#1"},
				"east": {"uv": [5.5, 6, 5, 9], "texture": "#1"},
				"south": {"uv": [2.5, 0, 0, 3], "texture": "#1"},
				"west": {"uv": [6.5, 6, 6, 9], "texture": "#1"},
				"up": {"uv": [4.5, 7, 2, 7.5], "texture": "#1"},
				"down": {"uv": [10, 5, 7.5, 4.5], "texture": "#1"}
			}
		},
		{
			"name": "side",
			"from": [10, 0.5, 6],
			"to": [11, 6.5, 10],
			"rotation": {"angle": 0, "axis": "y", "origin": [8, 5.25, 7.51903]},
			"faces": {
				"north": {"uv": [0, 7, 0.5, 10], "texture": "#1"},
				"east": {"uv": [0, 3.5, 2, 6.5], "texture": "#1"},
				"south": {"uv": [1, 7, 1.5, 10], "texture": "#1"},
				"west": {"uv": [2.5, 3.5, 4.5, 6.5], "texture": "#1"},
				"up": {"uv": [2.5, 10, 2, 8], "texture": "#1"},
				"down": {"uv": [3.5, 8, 3, 10], "texture": "#1"}
			}
		},
		{
			"name": "side",
			"from": [5, 0.5, 6],
			"to": [6, 6.5, 10],
			"rotation": {"angle": 0, "axis": "y", "origin": [8, 5.25, 7.51903]},
			"faces": {
				"north": {"uv": [0.5, 7, 0, 10], "texture": "#1"},
				"east": {"uv": [4.5, 3.5, 2.5, 6.5], "texture": "#1"},
				"south": {"uv": [1.5, 7, 1, 10], "texture": "#1"},
				"west": {"uv": [2, 3.5, 0, 6.5], "texture": "#1"},
				"up": {"uv": [2, 10, 2.5, 8], "texture": "#1"},
				"down": {"uv": [3, 8, 3.5, 10], "texture": "#1"}
			}
		},
		{
			"name": "bottom",
			"from": [6, 0.5, 6],
			"to": [10, 1.5, 10],
			"rotation": {"angle": 0, "axis": "y", "origin": [8.5, 5.25, 6.98097]},
			"faces": {
				"north": {"uv": [7, 8, 9, 8.5], "texture": "#1"},
				"east": {"uv": [8.5, 0, 10.5, 0.5], "texture": "#1"},
				"south": {"uv": [8.5, 1, 10.5, 1.5], "texture": "#1"},
				"west": {"uv": [7, 9, 9, 9.5], "texture": "#1"},
				"up": {"uv": [7, 5.5, 5, 3.5], "texture": "#1"},
				"down": {"uv": [8, 0, 6, 2], "texture": "#1"}
			}
		},
		{
			"name": "handleside",
			"from": [10.5, 6.5, 7.5],
			"to": [11, 9, 8.5],
			"rotation": {"angle": 0, "axis": "y", "origin": [8, 5.25, 7.51903]},
			"faces": {
				"north": {"uv": [4, 8, 4.5, 9.5], "texture": "#1"},
				"east": {"uv": [5, 9.5, 5.5, 11], "texture": "#1"},
				"south": {"uv": [6, 9.5, 6.5, 11], "texture": "#1"},
				"west": {"uv": [9.5, 8, 10, 9.5], "texture": "#1"},
				"up": {"uv": [10, 2.5, 9.5, 2], "texture": "#1"},
				"down": {"uv": [4.5, 10, 4, 10.5], "texture": "#1"}
			}
		},
		{
			"name": "handleside",
			"from": [5, 6.5, 7.5],
			"to": [5.5, 9, 8.5],
			"rotation": {"angle": 0, "axis": "y", "origin": [8, 5.25, 7.51903]},
			"faces": {
				"north": {"uv": [4.5, 8, 4, 9.5], "texture": "#1"},
				"east": {"uv": [10, 8, 9.5, 9.5], "texture": "#1"},
				"south": {"uv": [6.5, 9.5, 6, 11], "texture": "#1"},
				"west": {"uv": [5.5, 9.5, 5, 11], "texture": "#1"},
				"up": {"uv": [9.5, 2.5, 10, 2], "texture": "#1"},
				"down": {"uv": [4, 10, 4.5, 10.5], "texture": "#1"}
			}
		},
		{
			"name": "handle",
			"from": [5.01, 9, 7.5],
			"to": [10.99, 10, 8.5],
			"rotation": {"angle": 0, "axis": "y", "origin": [8.01, 5.25, 7.51903]},
			"faces": {
				"north": {"uv": [6, 2.5, 9, 3], "texture": "#1"},
				"east": {"uv": [7, 10, 7.5, 10.5], "texture": "#1"},
				"south": {"uv": [7, 6, 10, 6.5], "texture": "#1"},
				"west": {"uv": [8, 10, 8.5, 10.5], "texture": "#1"},
				"up": {"uv": [10, 7.5, 7, 7], "texture": "#1"},
				"down": {"uv": [10.5, 3.5, 7.5, 4], "texture": "#1"}
			}
		},
		{
			"from": [6, 1.5, 6],
			"to": [10, 5.5, 10],
			"rotation": {"angle": 0, "axis": "y", "origin": [7, 0, 7]},
			"faces": {
				"north": {"uv": [0, 0, 4, 4], "texture": "#2"},
				"east": {"uv": [0, 5, 4, 9], "texture": "#2"},
				"south": {"uv": [5, 0, 9, 4], "texture": "#2"},
				"west": {"uv": [5, 5, 9, 9], "texture": "#2"},
				"up": {"uv": [4, 14, 0, 10], "texture": "#2"},
				"down": {"uv": [14, 0, 10, 4], "texture": "#2"}
			}
		},
		{
			"name": "fin_back_1",
			"from": [9.2, 4.67, 8.75],
			"to": [10.1744, 5.6444, 8.75],
			"rotation": {"angle": 22.5, "axis": "x", "origin": [8.4446, 6.0462, 9.73833]},
			"faces": {
				"north": {"uv": [3, 2, 4, 3], "rotation": 270, "texture": "#6"},
				"east": {"uv": [3, 2, 3, 1], "rotation": 180, "texture": "#6"},
				"south": {"uv": [4, 2, 3, 3], "rotation": 90, "texture": "#6"},
				"west": {"uv": [3, 1, 3, 2], "texture": "#6"},
				"up": {"uv": [4, 2, 4, 3], "rotation": 90, "texture": "#6"},
				"down": {"uv": [3, 2, 3, 3], "rotation": 90, "texture": "#6"}
			}
		},
		{
			"name": "head",
			"from": [7.0256, 0.35, 8.2628],
			"to": [8.9744, 1.8116, 9.2372],
			"rotation": {"angle": 22.5, "axis": "x", "origin": [8.4446, 6.0462, 9.73833]},
			"faces": {
				"north": {"uv": [13.5, 1.5, 15, 3.5], "rotation": 270, "texture": "#6"},
				"east": {"uv": [13.5, 1.5, 12.5, 0], "rotation": 180, "texture": "#6"},
				"south": {"uv": [11, 1.5, 12.5, 3.5], "rotation": 90, "texture": "#6"},
				"west": {"uv": [14.5, 0, 13.5, 1.5], "texture": "#6"},
				"up": {"uv": [15, 1.5, 16, 3.5], "rotation": 90, "texture": "#6"},
				"down": {"uv": [12.5, 1.5, 13.5, 3.5], "rotation": 90, "texture": "#6"}
			}
		},
		{
			"name": "body_back",
			"from": [6.782, 6.33873, 7.98166],
			"to": [9.218, 10.23633, 9.44326],
			"rotation": {"angle": 45, "axis": "x", "origin": [8.4566, 6.2962, 7.98833]},
			"faces": {
				"north": {"uv": [5.5, 10.5, 9.5, 13], "rotation": 270, "texture": "#6"},
				"east": {"uv": [5.5, 10.5, 4, 6.5], "rotation": 180, "texture": "#6"},
				"south": {"uv": [0, 10.5, 4, 13], "rotation": 90, "texture": "#6"},
				"west": {"uv": [7, 6.5, 5.5, 10.5], "texture": "#6"},
				"up": {"uv": [9.5, 10.5, 11, 13], "rotation": 90, "texture": "#6"},
				"down": {"uv": [4, 10.5, 5.5, 13], "rotation": 90, "texture": "#6"}
			}
		},
		{
			"name": "tail",
			"from": [6.782, 8.52917, 11.29177],
			"to": [9.218, 8.52917, 14.21497],
			"rotation": {"angle": 0, "axis": "x", "origin": [8.4446, 8.5462, 11.23833]},
			"faces": {
				"north": {"uv": [13, 8, 13, 10.5], "rotation": 270, "texture": "#6"},
				"east": {"uv": [13, 8, 13, 5], "rotation": 90, "texture": "#6"},
				"south": {"uv": [16, 8, 16, 10.5], "rotation": 90, "texture": "#6"},
				"west": {"uv": [13, 5, 13, 8], "rotation": 90, "texture": "#6"},
				"up": {"uv": [13, 8, 16, 10.5], "rotation": 90, "texture": "#6"},
				"down": {"uv": [16, 8, 13, 10.5], "rotation": 90, "texture": "#6"}
			}
		},
		{
			"name": "fin_back_2",
			"from": [9.2, 6.115, 8.65],
			"to": [10.1744, 8.0638, 8.65],
			"rotation": {"angle": 45, "axis": "x", "origin": [8.4446, 6.2962, 7.98833]},
			"faces": {
				"north": {"uv": [2, 3, 4, 4], "rotation": 270, "texture": "#6"},
				"east": {"uv": [2, 3, 2, 1], "rotation": 180, "texture": "#6"},
				"south": {"uv": [4, 3, 2, 4], "rotation": 90, "texture": "#6"},
				"west": {"uv": [2, 1, 2, 3], "texture": "#6"},
				"up": {"uv": [4, 3, 4, 4], "rotation": 90, "texture": "#6"},
				"down": {"uv": [2, 3, 2, 4], "rotation": 90, "texture": "#6"}
			}
		},
		{
			"name": "body_front",
			"from": [6.78, 1.75, 8.0192],
			"to": [9.22, 5.6476, 9.4808],
			"rotation": {"angle": 22.5, "axis": "x", "origin": [8.4426, 6.0462, 9.73833]},
			"faces": {
				"north": {"uv": [5.5, 4, 9.5, 6.5], "rotation": 270, "texture": "#6"},
				"east": {"uv": [5.5, 4, 4, 0], "rotation": 180, "texture": "#6"},
				"south": {"uv": [0, 4, 4, 6.5], "rotation": 90, "texture": "#6"},
				"west": {"uv": [7, 0, 5.5, 4], "texture": "#6"},
				"up": {"uv": [9.5, 4, 11, 6.5], "rotation": 90, "texture": "#6"},
				"down": {"uv": [4, 4, 5.5, 6.5], "rotation": 90, "texture": "#6"}
			}
		}
	],
	"gui_light": "front",
	"display": {
		"thirdperson_righthand": {
			"rotation": [-112, 180, -180],
			"translation": [0, -3, -1],
			"scale": [0.8, 0.8, 0.8]
		},
		"thirdperson_lefthand": {
			"rotation": [-112, 180, -180],
			"translation": [0, -3, -1],
			"scale": [0.8, 0.8, 0.8]
		},
		"firstperson_righthand": {
			"rotation": [8.5, -4, 3],
			"translation": [1.5, 2.75, -1.5],
			"scale": [0.8, 0.8, 0.8]
		},
		"firstperson_lefthand": {
			"rotation": [8.5, -4, 3],
			"translation": [1.5, 2.75, -1.5],
			"scale": [0.8, 0.8, 0.8]
		},
		"ground": {
			"translation": [0, 4, 0],
			"scale": [0.7, 0.7, 0.7]
		},
		"gui": {
			"rotation": [30, -145, 0],
			"translation": [0, 3.5, 0],
			"scale": [1.3, 1.3, 1.3]
		},
		"fixed": {
			"rotation": [-90, 0, 0],
			"translation": [0, 0, -13.5],
			"scale": [1.8, 1.8, 1.8]
		}
	},
	"groups": [
		{
			"name": "bucket",
			"origin": [8, 5.25, 7.51903],
			"color": 0,
			"nbt": "{}",
			"children": [
				0,
				1,
				2,
				3,
				4,
				{
					"name": "handle",
					"origin": [8, 5.25, 7.51903],
					"color": 0,
					"nbt": "{}",
					"children": [5, 6, 7]
				}
			]
		},
		{
			"name": "liquid",
			"origin": [8, 8, 8],
			"color": 0,
			"nbt": "{}",
			"children": [8]
		},
		{
			"name": "salmon",
			"origin": [8, 0, 0],
			"color": 0,
			"nbt": "{}",
			"children": [
				{
					"name": "fin_back_1",
					"origin": [8, 10.5, 1],
					"color": 0,
					"nbt": "{}",
					"children": [9]
				},
				{
					"name": "head",
					"origin": [8, 6, -4],
					"color": 0,
					"nbt": "{}",
					"children": [10]
				},
				{
					"name": "body_back",
					"origin": [8, 6, 4],
					"color": 0,
					"nbt": "{}",
					"children": [
						11,
						{
							"name": "tail",
							"origin": [8, 6, 11.1089],
							"color": 0,
							"nbt": "{}",
							"children": [12]
						},
						{
							"name": "fin_back_2",
							"origin": [8, 10.5, 3],
							"color": 0,
							"nbt": "{}",
							"children": [13]
						}
					]
				},
				{
					"name": "body_front",
					"origin": [8, 6, -4],
					"color": 0,
					"nbt": "{}",
					"children": [14]
				}
			]
		}
	]
}