{
	"texture_size": [32, 32],
	"textures": {
		"2": "item/shears",
		"particle": "item/shears"
	},
	"elements": [
		{
			"from": [6.5625, 7, 7.75],
			"to": [7.8125, 10, 8.25],
			"rotation": {"angle": 22.5, "axis": "z", "origin": [7.75, 6.25, 8.125]},
			"faces": {
				"north": {"uv": [0, 5, 0.5, 6.5], "texture": "#2"},
				"east": {"uv": [5, 0, 5.5, 1.5], "texture": "#2"},
				"south": {"uv": [1, 5, 1.5, 6.5], "texture": "#2"},
				"west": {"uv": [2, 5, 2.5, 6.5], "texture": "#2"},
				"up": {"uv": [6.5, 4.5, 6, 4], "texture": "#2"},
				"down": {"uv": [5.5, 6, 5, 6.5], "texture": "#2"}
			}
		},
		{
			"from": [5.21802, 9.25915, 7.75],
			"to": [5.71802, 10.55915, 8.25],
			"rotation": {"angle": 0, "axis": "y", "origin": [7.75, 6.25, 8.125]},
			"faces": {
				"north": {"uv": [6, 5, 6.5, 5.5], "texture": "#2"},
				"east": {"uv": [6, 6, 6.5, 6.5], "texture": "#2"},
				"south": {"uv": [0, 7, 0.5, 7.5], "texture": "#2"},
				"west": {"uv": [1, 7, 1.5, 7.5], "texture": "#2"},
				"up": {"uv": [2.5, 7.5, 2, 7], "texture": "#2"},
				"down": {"uv": [3.5, 7, 3, 7.5], "texture": "#2"}
			}
		},
		{
			"from": [7.0625, 10, 7.75],
			"to": [7.8125, 11.2, 8.25],
			"rotation": {"angle": 22.5, "axis": "z", "origin": [7.75, 6.25, 8.125]},
			"faces": {
				"north": {"uv": [4, 7, 4.5, 7.5], "texture": "#2"},
				"east": {"uv": [7, 4, 7.5, 4.5], "texture": "#2"},
				"south": {"uv": [5, 7, 5.5, 7.5], "texture": "#2"},
				"west": {"uv": [7, 5, 7.5, 5.5], "texture": "#2"},
				"up": {"uv": [6.5, 7.5, 6, 7], "texture": "#2"},
				"down": {"uv": [7.5, 6, 7, 6.5], "texture": "#2"}
			}
		},
		{
			"from": [7.0625, 6, 7.75],
			"to": [7.8125, 7, 8.25],
			"rotation": {"angle": 22.5, "axis": "z", "origin": [7.75, 6.25, 8.125]},
			"faces": {
				"north": {"uv": [7, 7, 7.5, 7.5], "texture": "#2"},
				"east": {"uv": [7.5, 0, 8, 0.5], "texture": "#2"},
				"south": {"uv": [7.5, 1, 8, 1.5], "texture": "#2"},
				"west": {"uv": [7.5, 2, 8, 2.5], "texture": "#2"},
				"up": {"uv": [8, 3.5, 7.5, 3], "texture": "#2"},
				"down": {"uv": [0.5, 8, 0, 8.5], "texture": "#2"}
			}
		},
		{
			"from": [8.1875, 7, 7.75],
			"to": [9.4375, 10, 8.25],
			"rotation": {"angle": -22.5, "axis": "z", "origin": [8.25, 6.25, 8.125]},
			"faces": {
				"north": {"uv": [5, 2, 5.5, 3.5], "texture": "#2"},
				"east": {"uv": [3, 5, 3.5, 6.5], "texture": "#2"},
				"south": {"uv": [4, 5, 4.5, 6.5], "texture": "#2"},
				"west": {"uv": [5, 4, 5.5, 5.5], "texture": "#2"},
				"up": {"uv": [1.5, 8.5, 1, 8], "texture": "#2"},
				"down": {"uv": [2.5, 8, 2, 8.5], "texture": "#2"}
			}
		},
		{
			"from": [10.28198, 9.25915, 7.755],
			"to": [10.78198, 10.55915, 8.245],
			"rotation": {"angle": 0, "axis": "y", "origin": [8.25, 6.25, 8.125]},
			"faces": {
				"north": {"uv": [3, 8, 3.5, 8.5], "texture": "#2"},
				"east": {"uv": [4, 8, 4.5, 8.5], "texture": "#2"},
				"south": {"uv": [8, 4, 8.5, 4.5], "texture": "#2"},
				"west": {"uv": [5, 8, 5.5, 8.5], "texture": "#2"},
				"up": {"uv": [8.5, 5.5, 8, 5], "texture": "#2"},
				"down": {"uv": [6.5, 8, 6, 8.5], "texture": "#2"}
			}
		},
		{
			"from": [8.1875, 10, 7.75],
			"to": [8.9375, 11.2, 8.25],
			"rotation": {"angle": -22.5, "axis": "z", "origin": [8.25, 6.25, 8.125]},
			"faces": {
				"north": {"uv": [8, 6, 8.5, 6.5], "texture": "#2"},
				"east": {"uv": [7, 8, 7.5, 8.5], "texture": "#2"},
				"south": {"uv": [8, 7, 8.5, 7.5], "texture": "#2"},
				"west": {"uv": [8, 8, 8.5, 8.5], "texture": "#2"},
				"up": {"uv": [9, 0.5, 8.5, 0], "texture": "#2"},
				"down": {"uv": [9, 1, 8.5, 1.5], "texture": "#2"}
			}
		},
		{
			"from": [8.1875, 6, 7.75],
			"to": [8.9375, 7, 8.25],
			"rotation": {"angle": -22.5, "axis": "z", "origin": [8.25, 6.25, 8.125]},
			"faces": {
				"north": {"uv": [8.5, 2, 9, 2.5], "texture": "#2"},
				"east": {"uv": [8.5, 3, 9, 3.5], "texture": "#2"},
				"south": {"uv": [0, 9, 0.5, 9.5], "texture": "#2"},
				"west": {"uv": [1, 9, 1.5, 9.5], "texture": "#2"},
				"up": {"uv": [2.5, 9.5, 2, 9], "texture": "#2"},
				"down": {"uv": [3.5, 9, 3, 9.5], "texture": "#2"}
			}
		},
		{
			"from": [7.5, 5.25, 7.5],
			"to": [8.5, 6.25, 8.5],
			"rotation": {"angle": 0, "axis": "y", "origin": [0.5, 0, 7]},
			"faces": {
				"north": {"uv": [4, 9, 4.5, 9.5], "texture": "#2"},
				"east": {"uv": [9, 4, 9.5, 4.5], "texture": "#2"},
				"south": {"uv": [5, 9, 5.5, 9.5], "texture": "#2"},
				"west": {"uv": [9, 5, 9.5, 5.5], "texture": "#2"},
				"up": {"uv": [6.5, 9.5, 6, 9], "texture": "#2"},
				"down": {"uv": [9.5, 6, 9, 6.5], "texture": "#2"}
			}
		},
		{
			"from": [8, 4.5, 7.375],
			"to": [9, 5.25, 8.625],
			"rotation": {"angle": 22.5, "axis": "z", "origin": [8.25, 5.25, 7.125]},
			"faces": {
				"north": {"uv": [7, 9, 7.5, 9.5], "texture": "#2"},
				"east": {"uv": [9, 7, 9.5, 7.5], "texture": "#2"},
				"south": {"uv": [8, 9, 8.5, 9.5], "texture": "#2"},
				"west": {"uv": [9, 8, 9.5, 8.5], "texture": "#2"},
				"up": {"uv": [9.5, 9.5, 9, 9], "texture": "#2"},
				"down": {"uv": [10, 0, 9.5, 0.5], "texture": "#2"}
			}
		},
		{
			"from": [7.75, 0.75, 7.375],
			"to": [9.25, 4.5, 8.625],
			"rotation": {"angle": 22.5, "axis": "z", "origin": [8.25, 5.25, 7.125]},
			"faces": {
				"north": {"uv": [0, 0, 1, 2], "texture": "#2"},
				"east": {"uv": [3, 0, 3.5, 2], "texture": "#2"},
				"south": {"uv": [1.5, 0, 2.5, 2], "texture": "#2"},
				"west": {"uv": [3, 2.5, 3.5, 4.5], "texture": "#2"},
				"up": {"uv": [7, 0.5, 6, 0], "texture": "#2"},
				"down": {"uv": [7, 1, 6, 1.5], "texture": "#2"}
			}
		},
		{
			"from": [7, 4.5, 7.375],
			"to": [8, 5.25, 8.625],
			"rotation": {"angle": -22.5, "axis": "z", "origin": [7.75, 5.25, 7.125]},
			"faces": {
				"north": {"uv": [9.5, 1, 10, 1.5], "texture": "#2"},
				"east": {"uv": [9.5, 2, 10, 2.5], "texture": "#2"},
				"south": {"uv": [9.5, 3, 10, 3.5], "texture": "#2"},
				"west": {"uv": [0, 10, 0.5, 10.5], "texture": "#2"},
				"up": {"uv": [1.5, 10.5, 1, 10], "texture": "#2"},
				"down": {"uv": [2.5, 10, 2, 10.5], "texture": "#2"}
			}
		},
		{
			"from": [6.75, 0.75, 7.375],
			"to": [8.25, 4.5, 8.625],
			"rotation": {"angle": -22.5, "axis": "z", "origin": [7.75, 5.25, 7.125]},
			"faces": {
				"north": {"uv": [0, 2.5, 1, 4.5], "texture": "#2"},
				"east": {"uv": [4, 0, 4.5, 2], "texture": "#2"},
				"south": {"uv": [1.5, 2.5, 2.5, 4.5], "texture": "#2"},
				"west": {"uv": [4, 2.5, 4.5, 4.5], "texture": "#2"},
				"up": {"uv": [7, 2.5, 6, 2], "texture": "#2"},
				"down": {"uv": [7, 3, 6, 3.5], "texture": "#2"}
			}
		}
	],
	"gui_light": "front",
	"display": {
		"thirdperson_righthand": {
			"rotation": [-1, -7, -18],
			"translation": [0, 4, 0],
			"scale": [0.8, 0.8, 0.8]
		},
		"thirdperson_lefthand": {
			"rotation": [-1, -7, -18],
			"translation": [0, 4, 0],
			"scale": [0.8, 0.8, 0.8]
		},
		"firstperson_righthand": {
			"rotation": [-25, -48, -16],
			"translation": [0, 5.5, 0]
		},
		"firstperson_lefthand": {
			"rotation": [-25, -48, -16],
			"translation": [0, 5.5, 0]
		},
		"ground": {
			"rotation": [0, 0, 45],
			"translation": [0, 2.25, 0],
			"scale": [0.8, 0.8, 0.8]
		},
		"gui": {
			"rotation": [0, 0, -45],
			"translation": [2, 2, 0],
			"scale": [1.4, 1.4, 1.4]
		},
		"fixed": {
			"rotation": [0, 0, 45],
			"translation": [-2, 2, 0],
			"scale": [1.5, 1.5, 1.5]
		}
	},
	"groups": [
		{
			"name": "blade",
			"origin": [15.4375, 0, 7.125],
			"color": 0,
			"nbt": "{}",
			"children": [
				{
					"name": "r_blade",
					"origin": [15.4375, 0, 7.25],
					"color": 0,
					"nbt": "{}",
					"children": [0, 1, 2, 3]
				},
				{
					"name": "r_blade",
					"origin": [15.4375, 0, 7.25],
					"color": 0,
					"nbt": "{}",
					"children": [4, 5, 6, 7]
				},
				8
			]
		},
		{
			"name": "handle",
			"origin": [8, 8, 8.125],
			"color": 0,
			"nbt": "{}",
			"children": [
				{
					"name": "l",
					"origin": [8, 8, 8.125],
					"color": 0,
					"nbt": "{}",
					"children": [9, 10]
				},
				{
					"name": "l",
					"origin": [8, 8, 8.125],
					"color": 0,
					"nbt": "{}",
					"children": [11, 12]
				}
			]
		}
	]
}