{
	"texture_size": [64, 64],
	"textures": {
		"2": "item/shield2",
		"particle": "item/shield2"
	},
	"elements": [
		{
			"from": [3, 16, 7.745],
			"to": [13, 17, 8.755],
			"rotation": {"angle": 0, "axis": "z", "origin": [1, 10.5, 8.745]},
			"faces": {
				"north": {"uv": [5.5, 3.5, 8, 3.75], "texture": "#2"},
				"east": {"uv": [4, 8, 4.25, 8.25], "texture": "#2"},
				"south": {"uv": [0, 5.75, 2.5, 6], "texture": "#2"},
				"west": {"uv": [8, 5.5, 8.25, 5.75], "texture": "#2"},
				"up": {"uv": [7, 6, 4.5, 5.75], "texture": "#2"},
				"down": {"uv": [8.5, 4, 6, 4.25], "texture": "#2"}
			}
		},
		{
			"from": [2, 8, 7.745],
			"to": [3, 17, 8.755],
			"rotation": {"angle": 0, "axis": "z", "origin": [2, 10.5, 8.745]},
			"faces": {
				"north": {"uv": [2.75, 5.75, 3, 8], "texture": "#2"},
				"east": {"uv": [0, 6.25, 0.25, 8.5], "texture": "#2"},
				"south": {"uv": [6.25, 0, 6.5, 2.25], "texture": "#2"},
				"west": {"uv": [0.5, 6.25, 0.75, 8.5], "texture": "#2"},
				"up": {"uv": [6, 8.25, 5.75, 8], "texture": "#2"},
				"down": {"uv": [8.25, 6, 8, 6.25], "texture": "#2"}
			}
		},
		{
			"from": [13, 8, 7.745],
			"to": [14, 17, 8.755],
			"rotation": {"angle": 0, "axis": "z", "origin": [14, 10.5, 8.745]},
			"faces": {
				"north": {"uv": [1, 6.25, 1.25, 8.5], "texture": "#2"},
				"east": {"uv": [1.5, 6.25, 1.75, 8.5], "texture": "#2"},
				"south": {"uv": [2, 6.25, 2.25, 8.5], "texture": "#2"},
				"west": {"uv": [4.5, 6.25, 4.75, 8.5], "texture": "#2"},
				"up": {"uv": [8.25, 7.75, 8, 7.5], "texture": "#2"},
				"down": {"uv": [8.25, 8, 8, 8.25], "texture": "#2"}
			}
		},
		{
			"from": [2, 2, 7.745],
			"to": [3, 8, 8.755],
			"rotation": {"angle": 22.5, "axis": "z", "origin": [2, 8, 8.745]},
			"faces": {
				"north": {"uv": [5, 6.25, 5.25, 7.75], "texture": "#2"},
				"east": {"uv": [5.5, 6.25, 5.75, 7.75], "texture": "#2"},
				"south": {"uv": [6, 6.25, 6.25, 7.75], "texture": "#2"},
				"west": {"uv": [6.5, 6.25, 6.75, 7.75], "texture": "#2"},
				"up": {"uv": [6.5, 8.25, 6.25, 8], "texture": "#2"},
				"down": {"uv": [8.25, 6.5, 8, 6.75], "texture": "#2"}
			}
		},
		{
			"from": [4.255, -1.04, 7.745],
			"to": [5.255, 2.44, 8.755],
			"rotation": {"angle": 45, "axis": "z", "origin": [4.25, 2.5, 8.745]},
			"faces": {
				"north": {"uv": [6.25, 2.5, 6.5, 3.25], "texture": "#2"},
				"east": {"uv": [7.25, 1.75, 7.5, 2.5], "texture": "#2"},
				"south": {"uv": [7.5, 5.5, 7.75, 6.25], "texture": "#2"},
				"west": {"uv": [7.5, 6.5, 7.75, 7.25], "texture": "#2"},
				"up": {"uv": [7, 8.25, 6.75, 8], "texture": "#2"},
				"down": {"uv": [8.25, 7, 8, 7.25], "texture": "#2"}
			}
		},
		{
			"from": [13, 2, 7.745],
			"to": [14, 8, 8.755],
			"rotation": {"angle": -22.5, "axis": "z", "origin": [14, 8, 8.745]},
			"faces": {
				"north": {"uv": [6.75, 0, 7, 1.5], "texture": "#2"},
				"east": {"uv": [6.75, 1.75, 7, 3.25], "texture": "#2"},
				"south": {"uv": [7, 6.25, 7.25, 7.75], "texture": "#2"},
				"west": {"uv": [7.25, 0, 7.5, 1.5], "texture": "#2"},
				"up": {"uv": [8.5, 0.25, 8.25, 0], "texture": "#2"},
				"down": {"uv": [8.5, 0.5, 8.25, 0.75], "texture": "#2"}
			}
		},
		{
			"from": [10.745, -1.04, 7.745],
			"to": [11.745, 2.44, 8.755],
			"rotation": {"angle": -45, "axis": "z", "origin": [11.75, 2.5, 8.745]},
			"faces": {
				"north": {"uv": [7.5, 7.5, 7.75, 8.25], "texture": "#2"},
				"east": {"uv": [7.75, 0, 8, 0.75], "texture": "#2"},
				"south": {"uv": [7.75, 1, 8, 1.75], "texture": "#2"},
				"west": {"uv": [7.75, 2, 8, 2.75], "texture": "#2"},
				"up": {"uv": [8.5, 1.25, 8.25, 1], "texture": "#2"},
				"down": {"uv": [8.5, 1.5, 8.25, 1.75], "texture": "#2"}
			}
		},
		{
			"from": [6.755, 0, 7.745],
			"to": [9.245, 1, 8.755],
			"rotation": {"angle": 0, "axis": "y", "origin": [1.005, 11.5, 8.745]},
			"faces": {
				"north": {"uv": [7.25, 3, 7.75, 3.25], "texture": "#2"},
				"east": {"uv": [8.25, 2, 8.5, 2.25], "texture": "#2"},
				"south": {"uv": [8, 3, 8.5, 3.25], "texture": "#2"},
				"west": {"uv": [2.5, 8.25, 2.75, 8.5], "texture": "#2"},
				"up": {"uv": [3.75, 8.25, 3.25, 8], "texture": "#2"},
				"down": {"uv": [5.5, 8, 5, 8.25], "texture": "#2"}
			}
		},
		{
			"from": [7, 6, 2],
			"to": [9, 12, 8],
			"rotation": {"angle": 0, "axis": "y", "origin": [7, 3, 7]},
			"faces": {
				"north": {"uv": [4.5, 4, 5, 5.5], "texture": "#2"},
				"east": {"uv": [0, 4, 1.5, 5.5], "texture": "#2"},
				"south": {"uv": [5.25, 4, 5.75, 5.5], "texture": "#2"},
				"west": {"uv": [1.75, 4, 3.25, 5.5], "texture": "#2"},
				"up": {"uv": [6, 1.5, 5.5, 0], "texture": "#2"},
				"down": {"uv": [6, 1.75, 5.5, 3.25], "texture": "#2"}
			}
		},
		{
			"from": [3, 1, 8],
			"to": [13, 16, 8.5],
			"rotation": {"angle": 0, "axis": "z", "origin": [1, 10.5, 9]},
			"faces": {
				"north": {"uv": [0, 0, 2.5, 3.75], "texture": "#2"},
				"east": {"uv": [3.5, 4, 3.75, 7.75], "texture": "#2"},
				"south": {"uv": [2.75, 0, 5.25, 3.75], "texture": "#2"},
				"west": {"uv": [4, 4, 4.25, 7.75], "texture": "#2"},
				"up": {"uv": [8.5, 4.75, 6, 4.5], "texture": "#2"},
				"down": {"uv": [8.5, 5, 6, 5.25], "texture": "#2"}
			}
		}
	],
	"gui_light": "front",
	"overrides": [
		{"model": "item/shield_blocking", "predicate": {"blocking": 1}}
	],
	"display": {
		"thirdperson_righthand": {
			"rotation": [47, 145, 0],
			"translation": [1.5, 0, 0.25]
		},
		"thirdperson_lefthand": {
			"rotation": [47, 145, 0],
			"translation": [1.5, 0, 0.25]
		},
		"firstperson_righthand": {
			"rotation": [0, -178, 0],
			"translation": [-3.25, -2, 0.5]
		},
		"firstperson_lefthand": {
			"rotation": [0, -178, 0],
			"translation": [-3.25, -2, 0.5]
		},
		"ground": {
			"translation": [0, 6.25, 0],
			"scale": [0.8, 0.8, 0.8]
		},
		"gui": {
			"rotation": [16, -30, -4.5],
			"translation": [0, -1, 0],
			"scale": [0.7, 0.7, 0.7]
		},
		"fixed": {
			"rotation": [-180, 0, -180],
			"translation": [0, -1, 0],
			"scale": [0.8, 0.8, 0.8]
		}
	},
	"groups": [
		{
			"name": "frame",
			"origin": [1, 14.5, 8.495],
			"color": 0,
			"nbt": "{}",
			"children": [0, 1, 2, 3, 4, 5, 6, 7]
		},
		{
			"name": "handle",
			"origin": [8, 8, 8],
			"color": 0,
			"nbt": "{}",
			"children": [8]
		},
		{
			"name": "wood",
			"origin": [8, 8, 8],
			"color": 0,
			"nbt": "{}",
			"children": [9]
		}
	]
}