{
	"texture_size": [32, 32],
	"textures": {
		"1": "item/spyglass/spy_glass",
		"particle": "item/spyglass/spy_glass"
	},
	"elements": [
		{
			"from": [7.125, 8.5, 7.125],
			"to": [8.875, 12.5, 8.875],
			"rotation": {"angle": 0, "axis": "y", "origin": [0.125, 0, -0.125]},
			"faces": {
				"north": {"uv": [0, 0.5, 1, 2.5], "texture": "#1"},
				"east": {"uv": [1.5, 0.5, 2.5, 2.5], "texture": "#1"},
				"south": {"uv": [0, 3.5, 1, 5.5], "texture": "#1"},
				"west": {"uv": [3, 0.5, 4, 2.5], "texture": "#1"},
				"up": {"uv": [1.5, 10.5, 0.5, 9.5], "texture": "#1"}
			}
		},
		{
			"from": [7, 12.5, 7],
			"to": [9, 13.5, 9],
			"faces": {
				"north": {"uv": [0, 0, 1, 0.5], "texture": "#1"},
				"east": {"uv": [1.5, 0, 2.5, 0.5], "texture": "#1"},
				"south": {"uv": [0, 3, 1, 3.5], "texture": "#1"},
				"west": {"uv": [3, 0, 4, 0.5], "texture": "#1"},
				"up": {"uv": [1.5, 10.5, 0.5, 9.5], "texture": "#1"},
				"down": {"uv": [7, 7, 6, 8], "texture": "#1"}
			}
		},
		{
			"from": [6.875, 4.5, 6.875],
			"to": [9.125, 8.5, 9.125],
			"rotation": {"angle": 0, "axis": "y", "origin": [0.725, 0, 0.725]},
			"faces": {
				"north": {"uv": [4.5, 0, 5.5, 2], "texture": "#1"},
				"east": {"uv": [1.5, 5, 2.5, 7], "texture": "#1"},
				"south": {"uv": [3, 5, 4, 7], "texture": "#1"},
				"west": {"uv": [4.5, 5, 5.5, 7], "texture": "#1"},
				"up": {"uv": [7, 8, 6, 7], "texture": "#1"},
				"down": {"uv": [1, 7.5, 0, 8.5], "texture": "#1"}
			}
		},
		{
			"from": [6.5, 3.5, 6.625],
			"to": [9.5, 4.5, 9.375],
			"rotation": {"angle": 0, "axis": "y", "origin": [0.85, 0, 0.725]},
			"faces": {
				"north": {"uv": [5.5, 2.5, 7, 3], "texture": "#1"},
				"east": {"uv": [6, 0, 7.5, 0.5], "texture": "#1"},
				"south": {"uv": [6, 4, 7.5, 4.5], "texture": "#1"},
				"west": {"uv": [6, 5.5, 7.5, 6], "texture": "#1"},
				"up": {"uv": [3, 4.5, 1.5, 3], "texture": "#1"},
				"down": {"uv": [5.5, 3, 3.5, 5], "texture": "#1"}
			}
		},
		{
			"from": [6.375, 2.5, 6.325],
			"to": [9.625, 3.5, 9.675],
			"rotation": {"angle": 0, "axis": "y", "origin": [0.975, 0, 0.675]},
			"faces": {
				"north": {"uv": [5.5, 3, 7, 3.5], "texture": "#1"},
				"east": {"uv": [6, 0.5, 7.5, 1], "texture": "#1"},
				"south": {"uv": [6, 4.5, 7.5, 5], "texture": "#1"},
				"west": {"uv": [6, 6, 7.5, 6.5], "texture": "#1"},
				"up": {"uv": [4, 10.5, 2.5, 9], "texture": "#1"},
				"down": {"uv": [6.5, 9, 5, 10.5], "texture": "#1"}
			}
		}
	],
	"gui_light": "front",
	"display": {
		"thirdperson_righthand": {
			"translation": [0, -2.75, 0]
		},
		"thirdperson_lefthand": {
			"translation": [0, -2.75, 0]
		},
		"firstperson_righthand": {
			"rotation": [-180, 0, -180],
			"translation": [0, -1.5, 0]
		},
		"firstperson_lefthand": {
			"rotation": [-180, 0, -180],
			"translation": [0, -1.5, 0]
		},
		"ground": {
			"rotation": [135, 180, 0],
			"translation": [0, 2, 0],
			"scale": [0.9, 0.9, 0.9]
		},
		"gui": {
			"rotation": [-114, -30, 50],
			"translation": [-0.5, -0.75, 0],
			"scale": [1.4, 1.4, 1.4]
		},
		"head": {
			"rotation": [90, 0, 0],
			"translation": [0, 0, -16],
			"scale": [1.6, 1.6, 1.6]
		},
		"fixed": {
			"rotation": [-90, 45, -90],
			"translation": [0.5, -0.25, 0],
			"scale": [1.4, 1.4, 1.4]
		}
	}
}