{
	"texture_size": [32, 32],
	"textures": {
		"1": "item/stone/stone_axe"
	},
	"elements": [
		{
			"from": [7, -4, 7.25],
			"to": [9, -2, 8.75],
			"rotation": {"angle": 45, "axis": "z", "origin": [8, -3, 8.5]},
			"faces": {
				"north": {"uv": [1, 6, 2.5, 7.5], "texture": "#1"},
				"east": {"uv": [6.5, 2, 7.5, 3.5], "texture": "#1"},
				"south": {"uv": [3, 6, 4.5, 7.5], "texture": "#1"},
				"west": {"uv": [6.5, 4, 7.5, 5.5], "texture": "#1"},
				"up": {"uv": [8, 7, 6.5, 6], "texture": "#1"},
				"down": {"uv": [8, 7.5, 6.5, 8.5], "texture": "#1"}
			}
		},
		{
			"from": [7.25, -3, 7.5],
			"to": [8.75, 9, 8.5],
			"rotation": {"angle": 0, "axis": "y", "origin": [6.75, 0, 7.25]},
			"faces": {
				"north": {"uv": [0, 0, 1, 6], "texture": "#1"},
				"east": {"uv": [5.5, 2, 6, 8], "texture": "#1"},
				"south": {"uv": [1.5, 0, 2.5, 6], "texture": "#1"},
				"west": {"uv": [0, 6, 0.5, 12], "texture": "#1"},
				"up": {"uv": [9.5, 9.5, 8.5, 9], "texture": "#1"},
				"down": {"uv": [10.5, 1, 9.5, 1.5], "texture": "#1"}
			}
		},
		{
			"from": [7.24, -1.26, 7.49],
			"to": [8.76, 1.76, 8.51],
			"rotation": {"angle": 0, "axis": "y", "origin": [6.75, 0, 7.25]},
			"faces": {
				"north": {"uv": [11, 0, 12, 2], "texture": "#1"},
				"east": {"uv": [13, 0, 13.5, 2], "texture": "#1"},
				"south": {"uv": [11, 2.5, 12, 4.5], "texture": "#1"},
				"west": {"uv": [13, 2.5, 13.5, 4.5], "texture": "#1"},
				"up": {"uv": [14, 0.5, 15, 0], "texture": "#1"},
				"down": {"uv": [14, 1, 15, 1.5], "texture": "#1"}
			}
		},
		{
			"from": [7, 6.5, 7.25],
			"to": [9, 8.5, 8.75],
			"rotation": {"angle": 0, "axis": "z", "origin": [12.75, 7.5, 7.25]},
			"faces": {
				"north": {"uv": [8, 1, 9, 2], "texture": "#1"},
				"east": {"uv": [8, 2.5, 9, 3.5], "texture": "#1"},
				"south": {"uv": [3.5, 8, 4.5, 9], "texture": "#1"},
				"west": {"uv": [8, 4, 9, 5], "texture": "#1"},
				"up": {"uv": [6, 9, 5, 8], "texture": "#1"},
				"down": {"uv": [9.5, 5.5, 8.5, 6.5], "texture": "#1"}
			}
		},
		{
			"from": [9.2, 5.1, 7.754],
			"to": [12.6, 7.5, 8.254],
			"rotation": {"angle": -22.5, "axis": "z", "origin": [12.6, 7.5, 7.004]},
			"faces": {
				"north": {"uv": [3, 4, 5, 5.5], "texture": "#1"},
				"east": {"uv": [6.5, 9, 7, 10.5], "texture": "#1"},
				"south": {"uv": [5.5, 0, 7.5, 1.5], "texture": "#1"},
				"west": {"uv": [7.5, 9, 8, 10.5], "texture": "#1"},
				"up": {"uv": [10.5, 7.5, 8.5, 7], "texture": "#1"},
				"down": {"uv": [10.5, 8, 8.5, 8.5], "texture": "#1"}
			}
		},
		{
			"from": [9.2, 7.5, 7.746],
			"to": [12.6, 9.9, 8.246],
			"rotation": {"angle": 22.5, "axis": "z", "origin": [12.6, 7.5, 6.996]},
			"faces": {
				"north": {"uv": [3, 0, 5, 1.5], "texture": "#1"},
				"east": {"uv": [1, 9, 1.5, 10.5], "texture": "#1"},
				"south": {"uv": [3, 2, 5, 3.5], "texture": "#1"},
				"west": {"uv": [2, 9, 2.5, 10.5], "texture": "#1"},
				"up": {"uv": [10, 0.5, 8, 0], "texture": "#1"},
				"down": {"uv": [3, 8, 1, 8.5], "texture": "#1"}
			}
		},
		{
			"from": [6, 6.75, 7.75],
			"to": [7, 8.25, 8.25],
			"rotation": {"angle": 0, "axis": "z", "origin": [7, 8, 7]},
			"faces": {
				"north": {"uv": [9.5, 2, 10, 3], "texture": "#1"},
				"east": {"uv": [3, 9.5, 3.5, 10.5], "texture": "#1"},
				"south": {"uv": [9.5, 3.5, 10, 4.5], "texture": "#1"},
				"west": {"uv": [4, 9.5, 4.5, 10.5], "texture": "#1"},
				"up": {"uv": [5.5, 10, 5, 9.5], "texture": "#1"},
				"down": {"uv": [10.5, 5, 10, 5.5], "texture": "#1"}
			}
		}
	],
	"gui_light": "front",
	"display": {
		"thirdperson_righthand": {
			"rotation": [0, 90, 0],
			"translation": [0, 8, 1.25],
			"scale": [1.2, 1.2, 1.2]
		},
		"thirdperson_lefthand": {
			"rotation": [0, -90, 0],
			"translation": [0, 8, 1.25],
			"scale": [1.2, 1.2, 1.2]
		},
		"firstperson_righthand": {
			"rotation": [0, 90, 22],
			"translation": [0, 6.5, 2]
		},
		"firstperson_lefthand": {
			"rotation": [18.25, -90, 0],
			"translation": [0, 7, 2]
		},
		"ground": {
			"rotation": [0, 0, 45],
			"translation": [-3.25, 4, 0],
			"scale": [0.8, 0.8, 0.8]
		},
		"gui": {
			"rotation": [0, 180, 45],
			"translation": [3.75, 3, 0],
			"scale": [1.1, 1.1, 1.1]
		},
		"fixed": {
			"rotation": [0, 0, 45],
			"translation": [-4.25, 4, 0],
			"scale": [1.3, 1.3, 1.3]
		}
	},
	"groups": [
		{
			"name": "handle",
			"origin": [8, 8, 8.25],
			"color": 0,
			"nbt": "{}",
			"children": [
				0,
				{
					"name": "grip",
					"origin": [8, 8, 8.25],
					"color": 0,
					"nbt": "{}",
					"children": [1, 2]
				}
			]
		},
		{
			"name": "blade",
			"origin": [6.335, 0, 7],
			"color": 0,
			"nbt": "{}",
			"children": [3, 4, 5, 6]
		}
	]
}