{
	"parent": "item/bucket",
	"textures": {
		"0": "item/bucket/bucket_tropical_fish_a1",
		"1": "item/bucket/bucket_base",
		"2": "item/bucket/water",
		"particle": "item/bucket/bucket_base"
	},
	"elements": [
		{
			"name": "back",
			"from": [5.5, 0.5, 10],
			"to": [10.5, 6.5, 11],
			"rotation": {"angle": 0, "axis": "y", "origin": [8, 5.25, 8.48097]},
			"faces": {
				"north": {"uv": [0, 0, 2.5, 3], "texture": "#1"},
				"east": {"uv": [5, 6, 5.5, 9], "texture": "#1"},
				"south": {"uv": [3, 0, 5.5, 3], "texture": "#1"},
				"west": {"uv": [6, 6, 6.5, 9], "texture": "#1"},
				"up": {"uv": [4.5, 7.5, 2, 7], "texture": "#1"},
				"down": {"uv": [10, 4.5, 7.5, 5], "texture": "#1"}
			}
		},
		{
			"name": "front",
			"from": [5.5, 0.5, 5],
			"to": [10.5, 6.5, 6],
			"rotation": {"angle": 0, "axis": "y", "origin": [8, 5.25, 7.51903]},
			"faces": {
				"north": {"uv": [5.5, 0, 3, 3], "texture": "#1"},
				"east": {"uv": [5.5, 6, 5, 9], "texture": "#1"},
				"south": {"uv": [2.5, 0, 0, 3], "texture": "#1"},
				"west": {"uv": [6.5, 6, 6, 9], "texture": "#1"},
				"up": {"uv": [4.5, 7, 2, 7.5], "texture": "#1"},
				"down": {"uv": [10, 5, 7.5, 4.5], "texture": "#1"}
			}
		},
		{
			"name": "side",
			"from": [10, 0.5, 6],
			"to": [11, 6.5, 10],
			"rotation": {"angle": 0, "axis": "y", "origin": [8, 5.25, 7.51903]},
			"faces": {
				"north": {"uv": [0, 7, 0.5, 10], "texture": "#1"},
				"east": {"uv": [0, 3.5, 2, 6.5], "texture": "#1"},
				"south": {"uv": [1, 7, 1.5, 10], "texture": "#1"},
				"west": {"uv": [2.5, 3.5, 4.5, 6.5], "texture": "#1"},
				"up": {"uv": [2.5, 10, 2, 8], "texture": "#1"},
				"down": {"uv": [3.5, 8, 3, 10], "texture": "#1"}
			}
		},
		{
			"name": "side",
			"from": [5, 0.5, 6],
			"to": [6, 6.5, 10],
			"rotation": {"angle": 0, "axis": "y", "origin": [8, 5.25, 7.51903]},
			"faces": {
				"north": {"uv": [0.5, 7, 0, 10], "texture": "#1"},
				"east": {"uv": [4.5, 3.5, 2.5, 6.5], "texture": "#1"},
				"south": {"uv": [1.5, 7, 1, 10], "texture": "#1"},
				"west": {"uv": [2, 3.5, 0, 6.5], "texture": "#1"},
				"up": {"uv": [2, 10, 2.5, 8], "texture": "#1"},
				"down": {"uv": [3, 8, 3.5, 10], "texture": "#1"}
			}
		},
		{
			"name": "bottom",
			"from": [6, 0.5, 6],
			"to": [10, 1.5, 10],
			"rotation": {"angle": 0, "axis": "y", "origin": [8.5, 5.25, 6.98097]},
			"faces": {
				"north": {"uv": [7, 8, 9, 8.5], "texture": "#1"},
				"east": {"uv": [8.5, 0, 10.5, 0.5], "texture": "#1"},
				"south": {"uv": [8.5, 1, 10.5, 1.5], "texture": "#1"},
				"west": {"uv": [7, 9, 9, 9.5], "texture": "#1"},
				"up": {"uv": [7, 5.5, 5, 3.5], "texture": "#1"},
				"down": {"uv": [8, 0, 6, 2], "texture": "#1"}
			}
		},
		{
			"name": "handleside",
			"from": [10.5, 6.5, 7.5],
			"to": [11, 9, 8.5],
			"rotation": {"angle": 0, "axis": "y", "origin": [8, 5.25, 7.51903]},
			"faces": {
				"north": {"uv": [4, 8, 4.5, 9.5], "texture": "#1"},
				"east": {"uv": [5, 9.5, 5.5, 11], "texture": "#1"},
				"south": {"uv": [6, 9.5, 6.5, 11], "texture": "#1"},
				"west": {"uv": [9.5, 8, 10, 9.5], "texture": "#1"},
				"up": {"uv": [10, 2.5, 9.5, 2], "texture": "#1"},
				"down": {"uv": [4.5, 10, 4, 10.5], "texture": "#1"}
			}
		},
		{
			"name": "handleside",
			"from": [5, 6.5, 7.5],
			"to": [5.5, 9, 8.5],
			"rotation": {"angle": 0, "axis": "y", "origin": [8, 5.25, 7.51903]},
			"faces": {
				"north": {"uv": [4.5, 8, 4, 9.5], "texture": "#1"},
				"east": {"uv": [10, 8, 9.5, 9.5], "texture": "#1"},
				"south": {"uv": [6.5, 9.5, 6, 11], "texture": "#1"},
				"west": {"uv": [5.5, 9.5, 5, 11], "texture": "#1"},
				"up": {"uv": [9.5, 2.5, 10, 2], "texture": "#1"},
				"down": {"uv": [4, 10, 4.5, 10.5], "texture": "#1"}
			}
		},
		{
			"name": "handle",
			"from": [5.01, 9, 7.5],
			"to": [10.99, 10, 8.5],
			"rotation": {"angle": 0, "axis": "y", "origin": [8.01, 5.25, 7.51903]},
			"faces": {
				"north": {"uv": [6, 2.5, 9, 3], "texture": "#1"},
				"east": {"uv": [7, 10, 7.5, 10.5], "texture": "#1"},
				"south": {"uv": [7, 6, 10, 6.5], "texture": "#1"},
				"west": {"uv": [8, 10, 8.5, 10.5], "texture": "#1"},
				"up": {"uv": [10, 7.5, 7, 7], "texture": "#1"},
				"down": {"uv": [10.5, 3.5, 7.5, 4], "texture": "#1"}
			}
		},
		{
			"from": [6, 1.5, 6],
			"to": [10, 5.5, 10],
			"rotation": {"angle": 0, "axis": "y", "origin": [7, 0, 7]},
			"faces": {
				"north": {"uv": [0, 0, 4, 4], "texture": "#2"},
				"east": {"uv": [0, 5, 4, 9], "texture": "#2"},
				"south": {"uv": [5, 0, 9, 4], "texture": "#2"},
				"west": {"uv": [5, 5, 9, 9], "texture": "#2"},
				"up": {"uv": [4, 14, 0, 10], "texture": "#2"},
				"down": {"uv": [14, 0, 10, 4], "texture": "#2"}
			}
		},
		{
			"name": "tail",
			"from": [8.09789, 4.43175, 9.6161],
			"to": [8.09789, 6.04633, 11.76889],
			"rotation": {"angle": 45, "axis": "x", "origin": [8.09789, 5.64269, 8.80881]},
			"faces": {
				"north": {"uv": [14, 0, 14, 1.5], "texture": "#0"},
				"east": {"uv": [16, 0, 14, 1.5], "texture": "#0"},
				"south": {"uv": [16, 0, 16, 1.5], "texture": "#0"},
				"west": {"uv": [14, 0, 16, 1.5], "texture": "#0"},
				"up": {"uv": [14, 0, 14, -2], "texture": "#0"},
				"down": {"uv": [14, -2, 14, 0], "texture": "#0"}
			}
		},
		{
			"name": "fin_top",
			"from": [8.09789, 6.04633, 6.38692],
			"to": [8.09789, 8.19912, 9.6161],
			"rotation": {"angle": 45, "axis": "x", "origin": [8.09789, 5.64269, 8.80881]},
			"faces": {
				"north": {"uv": [8, 0, 8, 2], "texture": "#0"},
				"east": {"uv": [11, 0, 8, 2], "texture": "#0"},
				"south": {"uv": [11, 0, 11, 2], "texture": "#0"},
				"west": {"uv": [8, 0, 11, 2], "texture": "#0"},
				"up": {"uv": [8, 0, 8, -3], "texture": "#0"},
				"down": {"uv": [8, -3, 8, 0], "texture": "#0"}
			}
		},
		{
			"name": "body",
			"from": [7.55969, 4.43175, 6.38692],
			"to": [8.63608, 6.04633, 9.6161],
			"rotation": {"angle": 45, "axis": "x", "origin": [8.09789, 5.64269, 8.80881]},
			"faces": {
				"north": {"uv": [3, 3, 4, 4.5], "texture": "#0"},
				"east": {"uv": [0, 3, 3, 4.5], "texture": "#0"},
				"south": {"uv": [7, 3, 8, 4.5], "texture": "#0"},
				"west": {"uv": [4, 3, 7, 4.5], "texture": "#0"},
				"up": {"uv": [4, 3, 3, 0], "texture": "#0"},
				"down": {"uv": [5, 0, 4, 3], "texture": "#0"}
			}
		},
		{
			"name": "right_fin",
			"from": [8.63608, 6.0954, 7.64633],
			"to": [9.71247, 6.0954, 8.72272],
			"rotation": {"angle": -22.5, "axis": "x", "origin": [8.09789, 4.73019, 8.24381]},
			"faces": {
				"north": {"uv": [3, 8, 2, 8], "rotation": 180, "texture": "#0"},
				"east": {"uv": [1, 8, 1, 9], "rotation": 270, "texture": "#0"},
				"south": {"uv": [2, 8, 1, 8], "texture": "#0"},
				"west": {"uv": [2, 8, 2, 9], "rotation": 90, "texture": "#0"},
				"up": {"uv": [1, 8, 2, 9], "rotation": 180, "texture": "#0"},
				"down": {"uv": [2, 8, 1, 9], "texture": "#0"}
			}
		},
		{
			"name": "left_fin",
			"from": [6.4833, 6.0954, 7.64633],
			"to": [7.55969, 6.0954, 8.72272],
			"rotation": {"angle": -22.5, "axis": "x", "origin": [8.09789, 4.73019, 8.24381]},
			"faces": {
				"north": {"uv": [3, 6, 2, 6], "rotation": 180, "texture": "#0"},
				"east": {"uv": [1, 6, 1, 7], "rotation": 270, "texture": "#0"},
				"south": {"uv": [2, 6, 1, 6], "texture": "#0"},
				"west": {"uv": [2, 6, 2, 7], "rotation": 90, "texture": "#0"},
				"up": {"uv": [1, 6, 2, 7], "rotation": 180, "texture": "#0"},
				"down": {"uv": [2, 6, 1, 7], "texture": "#0"}
			}
		}
	],
	"gui_light": "front",
	"display": {
		"thirdperson_righthand": {
			"rotation": [-112, 180, -180],
			"translation": [0, -3, -1],
			"scale": [0.8, 0.8, 0.8]
		},
		"thirdperson_lefthand": {
			"rotation": [-112, 180, -180],
			"translation": [0, -3, -1],
			"scale": [0.8, 0.8, 0.8]
		},
		"firstperson_righthand": {
			"rotation": [8.5, -4, 3],
			"translation": [1.5, 2.75, -1.5],
			"scale": [0.8, 0.8, 0.8]
		},
		"firstperson_lefthand": {
			"rotation": [8.5, -4, 3],
			"translation": [1.5, 2.75, -1.5],
			"scale": [0.8, 0.8, 0.8]
		},
		"ground": {
			"translation": [0, 4, 0],
			"scale": [0.7, 0.7, 0.7]
		},
		"gui": {
			"rotation": [30, -145, 0],
			"translation": [0, 3.5, 0],
			"scale": [1.3, 1.3, 1.3]
		},
		"fixed": {
			"rotation": [-90, 0, 0],
			"translation": [0, 0, -13.5],
			"scale": [1.8, 1.8, 1.8]
		}
	},
	"groups": [
		{
			"name": "bucket",
			"origin": [8, 5.25, 7.51903],
			"color": 0,
			"nbt": "{}",
			"children": [
				0,
				1,
				2,
				3,
				4,
				{
					"name": "handle",
					"origin": [8, 5.25, 7.51903],
					"color": 0,
					"nbt": "{}",
					"children": [5, 6, 7]
				}
			]
		},
		{
			"name": "liquid",
			"origin": [8, 8, 8],
			"color": 0,
			"nbt": "{}",
			"children": [8]
		},
		{
			"name": "tropicalfish",
			"origin": [8.46835, 0, 6.95],
			"color": 0,
			"nbt": "{}",
			"children": [
				{
					"name": "tail",
					"origin": [8.46835, 1.5, 9.95],
					"color": 0,
					"nbt": "{}",
					"children": [9]
				},
				{
					"name": "fin_top",
					"origin": [8.46835, 3, 3.95],
					"color": 0,
					"nbt": "{}",
					"children": [10]
				},
				{
					"name": "body",
					"origin": [8.46835, 1.5, 6.95],
					"color": 0,
					"nbt": "{}",
					"children": [
						11,
						{
							"name": "right_fin",
							"origin": [9.46835, 0, 6.95],
							"rotation": [0, -45, 0],
							"color": 0,
							"nbt": "{}",
							"children": [12]
						},
						{
							"name": "left_fin",
							"origin": [7.46835, 0, 6.95],
							"rotation": [0, 45, 0],
							"color": 0,
							"nbt": "{}",
							"children": [13]
						}
					]
				}
			]
		}
	]
}