{"textures":{"1":"modelengine:entity/azriel_sword"},"elements":[{"from":[7.7249985,3.7148666,6.5000763],"to":[7.7249985,6.9648666,9.500076],"faces":{"east":{"uv":[3.0,0.0,4.5,1.625],"tintindex":0,"rotation":0,"texture":"#1"},"west":{"uv":[3.0,1.625,4.5,3.25],"tintindex":0,"rotation":0,"texture":"#1"}}},{"from":[8.275002,3.7148666,6.5000763],"to":[8.275002,6.9648666,9.500076],"faces":{"east":{"uv":[4.5,1.625,3.0,3.25],"tintindex":0,"rotation":0,"texture":"#1"},"west":{"uv":[4.5,0.0,3.0,1.625],"tintindex":0,"rotation":0,"texture":"#1"}}},{"from":[7.5,18.714867,9.250076],"to":[8.5,22.464867,10.000076],"faces":{"east":{"uv":[5.25,7.75,4.875,9.625],"tintindex":0,"rotation":0,"texture":"#1"},"south":{"uv":[7.25,1.875,7.75,3.75],"tintindex":0,"rotation":0,"texture":"#1"},"north":{"uv":[4.0,6.75,4.5,8.625],"tintindex":0,"rotation":0,"texture":"#1"},"west":{"uv":[4.875,7.75,5.25,9.625],"tintindex":0,"rotation":0,"texture":"#1"},"up":{"uv":[7.25,1.25,6.75,0.875],"tintindex":0,"rotation":0,"texture":"#1"},"down":{"uv":[8.5,0.0,8.0,0.375],"tintindex":0,"rotation":0,"texture":"#1"}},"rotation":{"origin":[8.0,21.714867,8.000076],"angle":-45.0,"axis":"x"}},{"from":[7.5,23.964867,7.2500763],"to":[8.5,28.464867,8.750076],"faces":{"east":{"uv":[5.0,3.25,4.25,5.5],"tintindex":0,"rotation":0,"texture":"#1"},"south":{"uv":[3.5,6.75,4.0,9.0],"tintindex":0,"rotation":0,"texture":"#1"},"north":{"uv":[6.25,5.5,6.75,7.75],"tintindex":0,"rotation":0,"texture":"#1"},"west":{"uv":[4.25,3.25,5.0,5.5],"tintindex":0,"rotation":0,"texture":"#1"},"up":{"uv":[5.0,3.25,4.5,2.5],"tintindex":0,"rotation":0,"texture":"#1"},"down":{"uv":[6.25,1.5,5.75,2.25],"tintindex":0,"rotation":0,"texture":"#1"}}},{"from":[6.75,20.464867,6.7500763],"to":[9.25,22.964867,9.250076],"faces":{"east":{"uv":[6.25,3.75,5.0,5.0],"tintindex":0,"rotation":0,"texture":"#1"},"south":{"uv":[5.0,2.5,6.25,3.75],"tintindex":0,"rotation":0,"texture":"#1"},"north":{"uv":[4.5,0.0,5.75,1.25],"tintindex":0,"rotation":0,"texture":"#1"},"west":{"uv":[5.0,3.75,6.25,5.0],"tintindex":0,"rotation":0,"texture":"#1"},"up":{"uv":[6.25,6.25,5.0,5.0],"tintindex":0,"rotation":0,"texture":"#1"},"down":{"uv":[4.75,5.5,3.5,6.75],"tintindex":0,"rotation":0,"texture":"#1"}},"rotation":{"origin":[8.0,21.714867,8.000076],"angle":-45.0,"axis":"x"}},{"from":[7.25,17.464867,7.2500763],"to":[8.75,20.464867,9.250076],"faces":{"east":{"uv":[7.25,1.5,6.25,3.0],"tintindex":0,"rotation":0,"texture":"#1"},"south":{"uv":[5.5,6.25,6.25,7.75],"tintindex":0,"rotation":0,"texture":"#1"},"north":{"uv":[4.75,6.25,5.5,7.75],"tintindex":0,"rotation":0,"texture":"#1"},"west":{"uv":[6.25,1.5,7.25,3.0],"tintindex":0,"rotation":0,"texture":"#1"},"up":{"uv":[7.5,8.375,6.75,7.375],"tintindex":0,"rotation":0,"texture":"#1"},"down":{"uv":[8.25,7.375,7.5,8.375],"tintindex":0,"rotation":0,"texture":"#1"}},"rotation":{"origin":[8.0,21.714867,8.000076],"angle":-45.0,"axis":"x"}},{"from":[7.25,28.464867,7.0000763],"to":[8.75,29.964867,9.000076],"faces":{"east":{"uv":[2.0,7.625,1.0,8.375],"tintindex":0,"rotation":0,"texture":"#1"},"south":{"uv":[5.25,7.75,6.0,8.5],"tintindex":0,"rotation":0,"texture":"#1"},"north":{"uv":[7.75,2.875,8.5,3.625],"tintindex":0,"rotation":0,"texture":"#1"},"west":{"uv":[1.0,7.625,2.0,8.375],"tintindex":0,"rotation":0,"texture":"#1"},"up":{"uv":[2.75,8.625,2.0,7.625],"tintindex":0,"rotation":0,"texture":"#1"},"down":{"uv":[8.5,1.875,7.75,2.875],"tintindex":0,"rotation":0,"texture":"#1"}}},{"from":[7.75,5.2148666,6.5000763],"to":[8.25,20.464867,9.500076],"faces":{"east":{"uv":[3.0,0.0,1.5,7.625],"tintindex":0,"rotation":0,"texture":"#1"},"south":{"uv":[3.25,3.25,3.5,10.875],"tintindex":0,"rotation":0,"texture":"#1"},"north":{"uv":[3.0,3.25,3.25,10.875],"tintindex":0,"rotation":0,"texture":"#1"},"west":{"uv":[1.5,0.0,3.0,7.625],"tintindex":0,"rotation":0,"texture":"#1"},"up":{"uv":[3.0,9.125,2.75,7.625],"tintindex":0,"rotation":0,"texture":"#1"},"down":{"uv":[6.25,7.75,6.0,9.25],"tintindex":0,"rotation":0,"texture":"#1"}}},{"from":[7.0,22.214867,6.7500763],"to":[9.0,23.964867,9.250076],"faces":{"east":{"uv":[6.75,0.0,8.0,0.875],"tintindex":0,"rotation":0,"texture":"#1"},"south":{"uv":[7.25,4.625,8.25,5.5],"tintindex":0,"rotation":0,"texture":"#1"},"north":{"uv":[7.25,3.75,8.25,4.625],"tintindex":0,"rotation":0,"texture":"#1"},"west":{"uv":[6.75,5.5,8.0,6.375],"tintindex":0,"rotation":0,"texture":"#1"},"up":{"uv":[7.25,4.25,6.25,3.0],"tintindex":0,"rotation":0,"texture":"#1"},"down":{"uv":[7.25,4.25,6.25,5.5],"tintindex":0,"rotation":0,"texture":"#1"}}},{"from":[7.25,17.464867,6.7500763],"to":[8.75,20.464867,8.750076],"faces":{"east":{"uv":[6.25,1.5,7.25,3.0],"tintindex":0,"rotation":0,"texture":"#1"},"south":{"uv":[4.75,6.25,5.5,7.75],"tintindex":0,"rotation":0,"texture":"#1"},"north":{"uv":[5.5,6.25,6.25,7.75],"tintindex":0,"rotation":0,"texture":"#1"},"west":{"uv":[7.25,1.5,6.25,3.0],"tintindex":0,"rotation":0,"texture":"#1"},"up":{"uv":[6.75,7.375,7.5,8.375],"tintindex":0,"rotation":0,"texture":"#1"},"down":{"uv":[7.5,8.375,8.25,7.375],"tintindex":0,"rotation":0,"texture":"#1"}},"rotation":{"origin":[8.0,21.714867,8.000076],"angle":45.0,"axis":"x"}},{"from":[7.75,4.556793,7.0294724],"to":[8.25,6.6767883,9.149471],"faces":{"east":{"uv":[6.75,6.375,7.75,7.375],"tintindex":0,"rotation":0,"texture":"#1"},"south":{"uv":[6.25,7.75,6.5,8.75],"tintindex":0,"rotation":0,"texture":"#1"},"north":{"uv":[4.5,6.75,4.75,7.75],"tintindex":0,"rotation":0,"texture":"#1"},"west":{"uv":[7.25,0.875,8.25,1.875],"tintindex":0,"rotation":0,"texture":"#1"},"up":{"uv":[8.0,7.375,7.75,6.375],"tintindex":0,"rotation":0,"texture":"#1"},"down":{"uv":[6.75,7.75,6.5,8.75],"tintindex":0,"rotation":0,"texture":"#1"}},"rotation":{"origin":[8.0,5.306793,8.529472],"angle":-45.0,"axis":"x"}},{"from":[7.5,18.714867,6.0000763],"to":[8.5,22.464867,6.7500763],"faces":{"east":{"uv":[4.875,7.75,5.25,9.625],"tintindex":0,"rotation":0,"texture":"#1"},"south":{"uv":[4.0,6.75,4.5,8.625],"tintindex":0,"rotation":0,"texture":"#1"},"north":{"uv":[7.25,1.875,7.75,3.75],"tintindex":0,"rotation":0,"texture":"#1"},"west":{"uv":[5.25,7.75,4.875,9.625],"tintindex":0,"rotation":0,"texture":"#1"},"up":{"uv":[6.75,0.875,7.25,1.25],"tintindex":0,"rotation":0,"texture":"#1"},"down":{"uv":[8.0,0.375,8.5,0.0],"tintindex":0,"rotation":0,"texture":"#1"}},"rotation":{"origin":[8.0,21.714867,8.000076],"angle":45.0,"axis":"x"}}],"display":{"gui":{"rotation":[30,225,0]}}}