{"textures":{"0":"modelengine:entity/rice_stage"},"elements":[{"from":[8.0,8.0,6.5],"to":[8.0,12.0,9.5],"faces":{"east":{"uv":[0.0,2.0625,0.1875,2.3125],"tintindex":0,"rotation":0,"texture":"#0"},"west":{"uv":[0.0,2.0625,0.1875,2.3125],"tintindex":0,"rotation":0,"texture":"#0"}},"rotation":{"origin":[8.0,8.0,8.0],"angle":22.5,"axis":"x"}},{"from":[8.025,8.0,6.5],"to":[8.025,12.0,9.5],"faces":{"east":{"uv":[0.0,2.0625,0.1875,2.3125],"tintindex":0,"rotation":0,"texture":"#0"},"west":{"uv":[0.0,2.0625,0.1875,2.3125],"tintindex":0,"rotation":0,"texture":"#0"}},"rotation":{"origin":[8.025,8.0,8.0],"angle":-22.5,"axis":"x"}},{"from":[6.5,8.0,8.0],"to":[9.5,12.0,8.0],"faces":{"south":{"uv":[0.0,2.0625,0.1875,2.3125],"tintindex":0,"rotation":0,"texture":"#0"},"north":{"uv":[0.0,2.0625,0.1875,2.3125],"tintindex":0,"rotation":0,"texture":"#0"}},"rotation":{"origin":[8.0,8.0,8.0],"angle":22.5,"axis":"z"}},{"from":[8.0,7.0,6.5],"to":[8.0,13.0,9.5],"faces":{"east":{"uv":[0.1875,2.0625,0.375,2.4375],"tintindex":0,"rotation":0,"texture":"#0"},"west":{"uv":[0.1875,2.0625,0.375,2.4375],"tintindex":0,"rotation":0,"texture":"#0"}},"rotation":{"origin":[8.0,8.0,8.0],"angle":-45.0,"axis":"y"}},{"from":[6.5,8.0,8.025],"to":[9.5,12.0,8.025],"faces":{"south":{"uv":[0.0,2.0625,0.1875,2.3125],"tintindex":0,"rotation":0,"texture":"#0"},"north":{"uv":[0.0,2.0625,0.1875,2.3125],"tintindex":0,"rotation":0,"texture":"#0"}},"rotation":{"origin":[8.0,8.0,8.025],"angle":-22.5,"axis":"z"}},{"from":[8.0,7.0,6.5],"to":[8.0,13.0,9.5],"faces":{"east":{"uv":[0.1875,2.0625,0.375,2.4375],"tintindex":0,"rotation":0,"texture":"#0"},"west":{"uv":[0.1875,2.0625,0.375,2.4375],"tintindex":0,"rotation":0,"texture":"#0"}},"rotation":{"origin":[8.0,8.0,8.0],"angle":45.0,"axis":"y"}}],"display":{"gui":{"rotation":[30,225,0]}}}