{"textures":{"0":"modelengine:entity/parsley_stage"},"elements":[{"from":[5.0,8.0,8.0],"to":[11.0,14.0,8.0],"faces":{"south":{"uv":[0.0,0.75,0.375,1.125],"tintindex":0,"rotation":0,"texture":"#0"},"north":{"uv":[0.375,0.75,0.0,1.125],"tintindex":0,"rotation":0,"texture":"#0"}}},{"from":[8.0,10.0,5.0],"to":[8.0,16.0,11.0],"faces":{"east":{"uv":[0.375,0.75,0.75,1.125],"tintindex":0,"rotation":0,"texture":"#0"},"west":{"uv":[0.75,0.75,0.375,1.125],"tintindex":0,"rotation":0,"texture":"#0"}},"rotation":{"origin":[8.0,10.0,8.0],"angle":-45.0,"axis":"y"}},{"from":[8.0,8.0,5.0],"to":[8.0,14.0,11.0],"faces":{"east":{"uv":[0.375,0.75,0.0,1.125],"tintindex":0,"rotation":0,"texture":"#0"},"west":{"uv":[0.0,0.75,0.375,1.125],"tintindex":0,"rotation":0,"texture":"#0"}}},{"from":[5.0,10.0,8.0],"to":[11.0,16.0,8.0],"faces":{"south":{"uv":[0.375,0.75,0.75,1.125],"tintindex":0,"rotation":0,"texture":"#0"},"north":{"uv":[0.75,0.75,0.375,1.125],"tintindex":0,"rotation":0,"texture":"#0"}},"rotation":{"origin":[8.0,10.0,8.0],"angle":-45.0,"axis":"y"}}],"display":{"gui":{"rotation":[30,225,0]}}}