{"textures":{"1":"modelengine:entity/azriel_follower"},"elements":[{"from":[5.0,7.9671707,2.3076177],"to":[11.0,11.967171,8.307617],"faces":{"east":{"uv":[7.75,6.75,9.25,7.75],"tintindex":0,"rotation":0,"texture":"#1"},"south":{"uv":[7.25,7.75,8.75,8.75],"tintindex":0,"rotation":0,"texture":"#1"},"north":{"uv":[7.75,5.75,9.25,6.75],"tintindex":0,"rotation":0,"texture":"#1"},"west":{"uv":[0.0,8.0,1.5,9.0],"tintindex":0,"rotation":0,"texture":"#1"},"up":{"uv":[5.0,7.5,3.5,6.0],"tintindex":0,"rotation":0,"texture":"#1"},"down":{"uv":[6.5,6.0,5.0,7.5],"tintindex":0,"rotation":0,"texture":"#1"}}},{"from":[6.0,7.0,2.4999995],"to":[10.0,9.0,5.5],"faces":{"east":{"uv":[0.0,10.5,0.75,11.0],"tintindex":0,"rotation":0,"texture":"#1"},"south":{"uv":[10.25,1.75,11.25,2.25],"tintindex":0,"rotation":0,"texture":"#1"},"north":{"uv":[10.0,9.25,11.0,9.75],"tintindex":0,"rotation":0,"texture":"#1"},"west":{"uv":[0.75,10.5,1.5,11.0],"tintindex":0,"rotation":0,"texture":"#1"},"up":{"uv":[3.0,10.0,2.0,9.25],"tintindex":0,"rotation":0,"texture":"#1"},"down":{"uv":[4.0,9.25,3.0,10.0],"tintindex":0,"rotation":0,"texture":"#1"}},"rotation":{"origin":[7.0,8.0,5.0],"angle":-22.5,"axis":"x"}}],"display":{"gui":{"rotation":[30,225,0]}}}