{"textures":{"1":"modelengine:entity/azriel_follower"},"elements":[{"from":[7.0,4.0,4.4999995],"to":[11.0,6.0,7.5],"faces":{"east":{"uv":[10.5,3.5,11.25,4.0],"tintindex":0,"rotation":0,"texture":"#1"},"south":{"uv":[10.25,4.5,11.25,5.0],"tintindex":0,"rotation":0,"texture":"#1"},"north":{"uv":[10.25,2.25,11.25,2.75],"tintindex":0,"rotation":0,"texture":"#1"},"west":{"uv":[10.5,4.0,11.25,4.5],"tintindex":0,"rotation":0,"texture":"#1"},"up":{"uv":[5.0,10.0,4.0,9.25],"tintindex":0,"rotation":0,"texture":"#1"},"down":{"uv":[10.25,6.25,9.25,7.0],"tintindex":0,"rotation":0,"texture":"#1"}},"rotation":{"origin":[8.0,7.0,7.0],"angle":-22.5,"axis":"x"}},{"from":[7.0,4.0,7.5],"to":[11.0,8.0,9.5],"faces":{"east":{"uv":[4.5,10.0,5.0,11.0],"tintindex":0,"rotation":0,"texture":"#1"},"south":{"uv":[8.75,3.75,9.75,4.75],"tintindex":0,"rotation":0,"texture":"#1"},"north":{"uv":[8.75,2.75,9.75,3.75],"tintindex":0,"rotation":0,"texture":"#1"},"west":{"uv":[10.25,6.25,10.75,7.25],"tintindex":0,"rotation":0,"texture":"#1"},"up":{"uv":[11.25,5.5,10.25,5.0],"tintindex":0,"rotation":0,"texture":"#1"},"down":{"uv":[11.25,7.25,10.25,7.75],"tintindex":0,"rotation":0,"texture":"#1"}},"rotation":{"origin":[8.0,7.0,7.0],"angle":-22.5,"axis":"x"}}],"display":{"gui":{"rotation":[30,225,0]}}}