{"textures":{"1":"modelengine:entity/azriel_follower"},"elements":[{"from":[-9.916668,7.5,10.666666],"to":[-5.916667,8.5,13.666666],"faces":{"east":{"uv":[2.75,7.25,3.5,7.5],"tintindex":0,"rotation":0,"texture":"#1"},"south":{"uv":[7.25,10.5,8.25,10.75],"tintindex":0,"rotation":0,"texture":"#1"},"north":{"uv":[10.25,5.5,11.25,5.75],"tintindex":0,"rotation":0,"texture":"#1"},"west":{"uv":[8.0,1.0,8.75,1.25],"tintindex":0,"rotation":0,"texture":"#1"},"up":{"uv":[11.0,9.25,10.0,8.5],"tintindex":0,"rotation":0,"texture":"#1"},"down":{"uv":[11.25,0.0,10.25,0.75],"tintindex":0,"rotation":0,"texture":"#1"}}},{"from":[-9.916668,7.5,5.666667],"to":[6.083333,8.5,10.666666],"faces":{"east":{"uv":[5.25,7.5,6.5,7.75],"tintindex":0,"rotation":0,"texture":"#1"},"south":{"uv":[9.25,6.0,13.25,6.25],"tintindex":0,"rotation":0,"texture":"#1"},"north":{"uv":[9.25,5.75,13.25,6.0],"tintindex":0,"rotation":0,"texture":"#1"},"west":{"uv":[10.25,0.75,11.5,1.0],"tintindex":0,"rotation":0,"texture":"#1"},"up":{"uv":[4.0,1.25,0.0,0.0],"tintindex":0,"rotation":0,"texture":"#1"},"down":{"uv":[4.0,1.25,0.0,2.5],"tintindex":0,"rotation":0,"texture":"#1"}}},{"from":[4.083333,6.500002,4.6666665],"to":[8.083333,9.5,8.666667],"faces":{"east":{"uv":[1.5,10.0,2.5,10.75],"tintindex":0,"rotation":0,"texture":"#1"},"south":{"uv":[2.5,10.0,3.5,10.75],"tintindex":0,"rotation":0,"texture":"#1"},"north":{"uv":[10.0,1.0,11.0,1.75],"tintindex":0,"rotation":0,"texture":"#1"},"west":{"uv":[3.5,10.0,4.5,10.75],"tintindex":0,"rotation":0,"texture":"#1"},"up":{"uv":[2.0,10.0,1.0,9.0],"tintindex":0,"rotation":0,"texture":"#1"},"down":{"uv":[10.25,0.0,9.25,1.0],"tintindex":0,"rotation":0,"texture":"#1"}}}],"display":{"gui":{"rotation":[30,225,0]}}}