{"textures":{"1":"modelengine:entity/azriel_follower"},"elements":[{"from":[4.15,6.1499996,5.7],"to":[8.15,9.15,9.7],"faces":{"east":{"uv":[9.75,7.75,10.75,8.5],"tintindex":0,"rotation":0,"texture":"#1"},"south":{"uv":[8.75,9.75,9.75,10.5],"tintindex":0,"rotation":0,"texture":"#1"},"north":{"uv":[7.75,9.75,8.75,10.5],"tintindex":0,"rotation":0,"texture":"#1"},"west":{"uv":[9.75,9.75,10.75,10.5],"tintindex":0,"rotation":0,"texture":"#1"},"up":{"uv":[9.25,9.75,8.25,8.75],"tintindex":0,"rotation":0,"texture":"#1"},"down":{"uv":[1.0,9.0,0.0,10.0],"tintindex":0,"rotation":0,"texture":"#1"}}},{"from":[-1.8500004,6.1499996,6.7],"to":[4.15,8.15,9.7],"faces":{"east":{"uv":[5.75,10.5,6.5,11.0],"tintindex":0,"rotation":0,"texture":"#1"},"south":{"uv":[0.0,10.0,1.5,10.5],"tintindex":0,"rotation":0,"texture":"#1"},"north":{"uv":[6.0,1.25,7.5,1.75],"tintindex":0,"rotation":0,"texture":"#1"},"west":{"uv":[6.5,10.5,7.25,11.0],"tintindex":0,"rotation":0,"texture":"#1"},"up":{"uv":[5.5,2.5,4.0,1.75],"tintindex":0,"rotation":0,"texture":"#1"},"down":{"uv":[10.25,2.0,8.75,2.75],"tintindex":0,"rotation":0,"texture":"#1"}}}],"display":{"gui":{"rotation":[30,225,0]}}}