{"textures":{"1":"modelengine:entity/azriel_follower"},"elements":[{"from":[9.916667,7.5,5.666667],"to":[25.916668,8.5,10.666666],"faces":{"east":{"uv":[11.5,0.75,10.25,1.0],"tintindex":0,"rotation":0,"texture":"#1"},"south":{"uv":[13.25,6.0,9.25,6.25],"tintindex":0,"rotation":0,"texture":"#1"},"north":{"uv":[13.25,5.75,9.25,6.0],"tintindex":0,"rotation":0,"texture":"#1"},"west":{"uv":[6.5,7.5,5.25,7.75],"tintindex":0,"rotation":0,"texture":"#1"},"up":{"uv":[0.0,1.25,4.0,0.0],"tintindex":0,"rotation":0,"texture":"#1"},"down":{"uv":[0.0,1.25,4.0,2.5],"tintindex":0,"rotation":0,"texture":"#1"}}},{"from":[7.916667,6.500002,4.6666665],"to":[11.916667,9.5,8.666667],"faces":{"east":{"uv":[4.5,10.0,3.5,10.75],"tintindex":0,"rotation":0,"texture":"#1"},"south":{"uv":[3.5,10.0,2.5,10.75],"tintindex":0,"rotation":0,"texture":"#1"},"north":{"uv":[11.0,1.0,10.0,1.75],"tintindex":0,"rotation":0,"texture":"#1"},"west":{"uv":[2.5,10.0,1.5,10.75],"tintindex":0,"rotation":0,"texture":"#1"},"up":{"uv":[1.0,10.0,2.0,9.0],"tintindex":0,"rotation":0,"texture":"#1"},"down":{"uv":[9.25,0.0,10.25,1.0],"tintindex":0,"rotation":0,"texture":"#1"}}},{"from":[21.916668,7.5,10.666666],"to":[25.916668,8.5,13.666666],"faces":{"east":{"uv":[8.75,1.0,8.0,1.25],"tintindex":0,"rotation":0,"texture":"#1"},"south":{"uv":[8.25,10.5,7.25,10.75],"tintindex":0,"rotation":0,"texture":"#1"},"north":{"uv":[11.25,5.5,10.25,5.75],"tintindex":0,"rotation":0,"texture":"#1"},"west":{"uv":[3.5,7.25,2.75,7.5],"tintindex":0,"rotation":0,"texture":"#1"},"up":{"uv":[10.0,9.25,11.0,8.5],"tintindex":0,"rotation":0,"texture":"#1"},"down":{"uv":[10.25,0.0,11.25,0.75],"tintindex":0,"rotation":0,"texture":"#1"}}}],"display":{"gui":{"rotation":[30,225,0]}}}