{"textures":{"1":"modelengine:entity/azriel_follower"},"elements":[{"from":[7.85,6.1499996,5.7],"to":[11.85,9.15,9.7],"faces":{"east":{"uv":[10.75,9.75,9.75,10.5],"tintindex":0,"rotation":0,"texture":"#1"},"south":{"uv":[9.75,9.75,8.75,10.5],"tintindex":0,"rotation":0,"texture":"#1"},"north":{"uv":[8.75,9.75,7.75,10.5],"tintindex":0,"rotation":0,"texture":"#1"},"west":{"uv":[10.75,7.75,9.75,8.5],"tintindex":0,"rotation":0,"texture":"#1"},"up":{"uv":[8.25,9.75,9.25,8.75],"tintindex":0,"rotation":0,"texture":"#1"},"down":{"uv":[0.0,9.0,1.0,10.0],"tintindex":0,"rotation":0,"texture":"#1"}}},{"from":[11.85,6.1499996,6.7],"to":[17.85,8.15,9.7],"faces":{"east":{"uv":[7.25,10.5,6.5,11.0],"tintindex":0,"rotation":0,"texture":"#1"},"south":{"uv":[1.5,10.0,0.0,10.5],"tintindex":0,"rotation":0,"texture":"#1"},"north":{"uv":[7.5,1.25,6.0,1.75],"tintindex":0,"rotation":0,"texture":"#1"},"west":{"uv":[6.5,10.5,5.75,11.0],"tintindex":0,"rotation":0,"texture":"#1"},"up":{"uv":[4.0,2.5,5.5,1.75],"tintindex":0,"rotation":0,"texture":"#1"},"down":{"uv":[8.75,2.0,10.25,2.75],"tintindex":0,"rotation":0,"texture":"#1"}}}],"display":{"gui":{"rotation":[30,225,0]}}}