{"textures":{"1":"modelengine:entity/azriel_follower"},"elements":[{"from":[2.0,4.5,3.5],"to":[10.0,8.5,8.5],"faces":{"east":{"uv":[8.0,0.0,9.25,1.0],"tintindex":0,"rotation":0,"texture":"#1"},"south":{"uv":[5.25,7.75,7.25,8.75],"tintindex":0,"rotation":0,"texture":"#1"},"north":{"uv":[7.5,4.75,9.5,5.75],"tintindex":0,"rotation":0,"texture":"#1"},"west":{"uv":[8.75,1.0,10.0,2.0],"tintindex":0,"rotation":0,"texture":"#1"},"up":{"uv":[8.0,1.25,6.0,0.0],"tintindex":0,"rotation":0,"texture":"#1"},"down":{"uv":[3.5,6.0,1.5,7.25],"tintindex":0,"rotation":0,"texture":"#1"}}},{"from":[2.0,10.894188,2.4270296],"to":[10.0,17.894186,7.4270296],"faces":{"east":{"uv":[6.5,6.0,7.75,7.75],"tintindex":0,"rotation":0,"texture":"#1"},"south":{"uv":[3.5,2.5,5.5,4.25],"tintindex":0,"rotation":0,"texture":"#1"},"north":{"uv":[1.5,2.5,3.5,4.25],"tintindex":0,"rotation":0,"texture":"#1"},"west":{"uv":[1.5,7.25,2.75,9.0],"tintindex":0,"rotation":0,"texture":"#1"},"up":{"uv":[7.5,4.75,5.5,3.5],"tintindex":0,"rotation":0,"texture":"#1"},"down":{"uv":[7.5,4.75,5.5,6.0],"tintindex":0,"rotation":0,"texture":"#1"}},"rotation":{"origin":[8.0,14.394188,3.9270296],"angle":-22.5,"axis":"x"}},{"from":[4.0,8.5,5.5],"to":[8.0,12.5,8.5],"faces":{"east":{"uv":[9.75,3.5,10.5,4.5],"tintindex":0,"rotation":0,"texture":"#1"},"south":{"uv":[8.75,7.75,9.75,8.75],"tintindex":0,"rotation":0,"texture":"#1"},"north":{"uv":[7.25,8.75,8.25,9.75],"tintindex":0,"rotation":0,"texture":"#1"},"west":{"uv":[5.0,9.75,5.75,10.75],"tintindex":0,"rotation":0,"texture":"#1"},"up":{"uv":[6.75,10.5,5.75,9.75],"tintindex":0,"rotation":0,"texture":"#1"},"down":{"uv":[7.75,9.75,6.75,10.5],"tintindex":0,"rotation":0,"texture":"#1"}}},{"from":[4.0,15.845837,3.2856817],"to":[8.0,19.845837,6.2856817],"faces":{"east":{"uv":[9.25,8.75,10.0,9.75],"tintindex":0,"rotation":0,"texture":"#1"},"south":{"uv":[6.25,8.75,7.25,9.75],"tintindex":0,"rotation":0,"texture":"#1"},"north":{"uv":[5.25,8.75,6.25,9.75],"tintindex":0,"rotation":0,"texture":"#1"},"west":{"uv":[9.5,4.75,10.25,5.75],"tintindex":0,"rotation":0,"texture":"#1"},"up":{"uv":[10.25,7.75,9.25,7.0],"tintindex":0,"rotation":0,"texture":"#1"},"down":{"uv":[10.75,2.75,9.75,3.5],"tintindex":0,"rotation":0,"texture":"#1"}},"rotation":{"origin":[6.0,16.845837,2.2856817],"angle":-45.0,"axis":"x"}}],"display":{"gui":{"rotation":[30,225,0]}}}