{"textures":{"0":"modelengine:entity/boreal_druid_mammoth"},"elements":[{"from":[2.75,-6.5,7.0],"to":[13.25,8.0,20.5],"faces":{"east":{"uv":[11.0,7.125,10.15625,8.03125],"tintindex":0,"rotation":0,"texture":"#0"},"south":{"uv":[11.28125,0.0,10.625,0.90625],"tintindex":0,"rotation":0,"texture":"#0"},"north":{"uv":[0.65625,10.5625,0.0,11.46875],"tintindex":0,"rotation":0,"texture":"#0"},"west":{"uv":[10.71875,8.625,9.875,9.53125],"tintindex":0,"rotation":0,"texture":"#0"},"up":{"uv":[10.9375,11.71875,11.59375,10.875],"tintindex":0,"rotation":0,"texture":"#0"},"down":{"uv":[11.0,6.71875,11.65625,7.5625],"tintindex":0,"rotation":0,"texture":"#0"}}},{"from":[2.75,-9.0,20.5],"to":[13.25,-4.0,20.5],"faces":{"south":{"uv":[10.625,1.625,9.96875,1.9375],"tintindex":0,"rotation":0,"texture":"#0"},"north":{"uv":[9.96875,1.625,10.625,1.9375],"tintindex":0,"rotation":0,"texture":"#0"}},"rotation":{"origin":[8.0,-4.0,20.5],"angle":-22.5,"axis":"x"}}],"display":{"gui":{"rotation":[30,225,0]}}}