{"textures":{"0":"modelengine:entity/boreal_druid_mammoth"},"elements":[{"from":[-4.0,-12.0,-11.0],"to":[19.0,8.0,15.0],"faces":{"east":{"uv":[6.03125,11.15625,5.21875,11.78125],"tintindex":0,"rotation":0,"texture":"#0"},"south":{"uv":[3.71875,11.40625,3.0,12.03125],"tintindex":0,"rotation":0,"texture":"#0"},"north":{"uv":[6.75,11.34375,6.03125,11.96875],"tintindex":0,"rotation":0,"texture":"#0"},"west":{"uv":[1.46875,11.15625,0.65625,11.78125],"tintindex":0,"rotation":0,"texture":"#0"},"up":{"uv":[10.71875,9.28125,11.4375,8.46875],"tintindex":0,"rotation":0,"texture":"#0"},"down":{"uv":[10.75,5.09375,11.46875,5.90625],"tintindex":0,"rotation":0,"texture":"#0"}}},{"from":[-6.0,-13.0,-11.5],"to":[3.0,-2.0,-2.5],"faces":{"east":{"uv":[11.875,3.4375,11.59375,3.78125],"tintindex":0,"rotation":0,"texture":"#0"},"south":{"uv":[2.1875,11.3125,1.90625,11.65625],"tintindex":0,"rotation":0,"texture":"#0"},"north":{"uv":[6.28125,7.0,6.0,7.34375],"tintindex":0,"rotation":0,"texture":"#0"},"west":{"uv":[11.5625,1.625,11.28125,1.96875],"tintindex":0,"rotation":0,"texture":"#0"},"up":{"uv":[9.5,6.59375,9.78125,6.3125],"tintindex":0,"rotation":0,"texture":"#0"},"down":{"uv":[0.3125,11.46875,0.59375,11.75],"tintindex":0,"rotation":0,"texture":"#0"}},"rotation":{"origin":[-2.5,-7.5,-8.0],"angle":22.5,"axis":"y"}},{"from":[12.0,-13.0,-11.5],"to":[21.0,-2.0,-2.5],"faces":{"east":{"uv":[12.59375,6.40625,12.3125,6.75],"tintindex":0,"rotation":0,"texture":"#0"},"south":{"uv":[12.59375,6.0625,12.3125,6.40625],"tintindex":0,"rotation":0,"texture":"#0"},"north":{"uv":[2.6875,12.3125,2.40625,12.65625],"tintindex":0,"rotation":0,"texture":"#0"},"west":{"uv":[12.59375,2.875,12.3125,3.21875],"tintindex":0,"rotation":0,"texture":"#0"},"up":{"uv":[7.46875,12.65625,7.75,12.375],"tintindex":0,"rotation":0,"texture":"#0"},"down":{"uv":[7.75,12.375,8.03125,12.65625],"tintindex":0,"rotation":0,"texture":"#0"}},"rotation":{"origin":[17.5,-7.5,-8.0],"angle":-22.5,"axis":"y"}},{"from":[3.0,-13.0,-13.0],"to":[12.0,-2.0,-4.0],"faces":{"east":{"uv":[1.3125,12.3125,1.03125,12.65625],"tintindex":0,"rotation":0,"texture":"#0"},"south":{"uv":[1.03125,12.3125,0.75,12.65625],"tintindex":0,"rotation":0,"texture":"#0"},"north":{"uv":[5.59375,12.28125,5.3125,12.625],"tintindex":0,"rotation":0,"texture":"#0"},"west":{"uv":[12.5625,7.84375,12.28125,8.1875],"tintindex":0,"rotation":0,"texture":"#0"},"up":{"uv":[12.375,2.5625,12.65625,2.28125],"tintindex":0,"rotation":0,"texture":"#0"},"down":{"uv":[7.1875,12.375,7.46875,12.65625],"tintindex":0,"rotation":0,"texture":"#0"}}}],"display":{"gui":{"rotation":[30,225,0]}}}