{"textures":{"0":"modelengine:entity/boreal_druid_mammoth"},"elements":[{"from":[3.1213198,-7.0,2.5453463],"to":[12.787987,11.666667,14.545347],"faces":{"east":{"uv":[6.0,6.40625,4.875,8.15625],"tintindex":0,"rotation":0,"texture":"#0"},"south":{"uv":[7.5,1.84375,6.59375,3.59375],"tintindex":0,"rotation":0,"texture":"#0"},"north":{"uv":[4.03125,6.46875,3.125,8.21875],"tintindex":0,"rotation":0,"texture":"#0"},"west":{"uv":[7.5,5.59375,6.375,7.34375],"tintindex":0,"rotation":0,"texture":"#0"},"up":{"uv":[3.0,10.34375,3.90625,9.21875],"tintindex":0,"rotation":0,"texture":"#0"},"down":{"uv":[0.0,9.4375,0.90625,10.5625],"tintindex":0,"rotation":0,"texture":"#0"}}},{"from":[13.446281,-11.336811,2.5453463],"to":[13.446281,-0.33681107,16.878681],"faces":{"east":{"uv":[8.84375,1.03125,7.5,2.0625],"tintindex":0,"rotation":0,"texture":"#0"},"west":{"uv":[7.5,1.03125,8.84375,2.0625],"tintindex":0,"rotation":0,"texture":"#0"}},"rotation":{"origin":[13.446281,-7.003478,8.545346],"angle":22.5,"axis":"z"}},{"from":[10.666667,-5.0,13.666667],"to":[10.666667,11.666667,19.666668],"faces":{"east":{"uv":[5.21875,9.71875,4.65625,11.28125],"tintindex":0,"rotation":0,"texture":"#0"},"west":{"uv":[4.65625,9.71875,5.21875,11.28125],"tintindex":0,"rotation":0,"texture":"#0"}},"rotation":{"origin":[10.666667,3.333333,16.666668],"angle":-45.0,"axis":"y"}}],"display":{"gui":{"rotation":[30,225,0]}}}