{"textures":{"0":"modelengine:entity/boreal_druid_mammoth"},"elements":[{"from":[3.2120132,-7.0,2.5453463],"to":[12.87868,11.666667,14.545347],"faces":{"east":{"uv":[6.375,5.59375,7.5,7.34375],"tintindex":0,"rotation":0,"texture":"#0"},"south":{"uv":[6.59375,1.84375,7.5,3.59375],"tintindex":0,"rotation":0,"texture":"#0"},"north":{"uv":[3.125,6.46875,4.03125,8.21875],"tintindex":0,"rotation":0,"texture":"#0"},"west":{"uv":[4.875,6.40625,6.0,8.15625],"tintindex":0,"rotation":0,"texture":"#0"},"up":{"uv":[3.90625,10.34375,3.0,9.21875],"tintindex":0,"rotation":0,"texture":"#0"},"down":{"uv":[0.90625,9.4375,0.0,10.5625],"tintindex":0,"rotation":0,"texture":"#0"}}},{"from":[5.333333,-5.0,13.666667],"to":[5.333333,11.666667,19.666668],"faces":{"east":{"uv":[5.21875,9.71875,4.65625,11.28125],"tintindex":0,"rotation":0,"texture":"#0"},"west":{"uv":[4.65625,9.71875,5.21875,11.28125],"tintindex":0,"rotation":0,"texture":"#0"}},"rotation":{"origin":[5.333333,3.333333,16.666668],"angle":45.0,"axis":"y"}},{"from":[2.5537186,-11.336811,2.5453463],"to":[2.5537186,-0.33681107,16.878681],"faces":{"east":{"uv":[8.84375,1.03125,7.5,2.0625],"tintindex":0,"rotation":0,"texture":"#0"},"west":{"uv":[7.5,1.03125,8.84375,2.0625],"tintindex":0,"rotation":0,"texture":"#0"}},"rotation":{"origin":[2.5537186,-7.003478,8.545346],"angle":-22.5,"axis":"z"}}],"display":{"gui":{"rotation":[30,225,0]}}}