{"textures":{"0":"modelengine:entity/boreal_druid_mammoth"},"elements":[{"from":[13.159663,-8.45443,-10.9358425],"to":[13.159663,-2.7044306,5.5641575],"faces":{"east":{"uv":[8.0625,7.34375,6.0,8.0625],"tintindex":0,"rotation":0,"texture":"#0"},"west":{"uv":[6.0,7.34375,8.0625,8.0625],"tintindex":0,"rotation":0,"texture":"#0"}},"rotation":{"origin":[13.159663,-5.5794306,-2.6858425],"angle":-22.5,"axis":"z"}},{"from":[2.360093,-8.45443,-10.9358425],"to":[2.360093,-2.7044306,5.5641575],"faces":{"east":{"uv":[8.0625,7.34375,6.0,8.0625],"tintindex":0,"rotation":0,"texture":"#0"},"west":{"uv":[6.0,7.34375,8.0625,8.0625],"tintindex":0,"rotation":0,"texture":"#0"}},"rotation":{"origin":[2.360093,-5.5794306,-2.6858425],"angle":22.5,"axis":"z"}},{"from":[3.2911277,17.426706,-10.9358425],"to":[9.041127,17.426706,5.5641575],"faces":{"up":{"uv":[4.03125,8.53125,4.75,6.46875],"tintindex":0,"rotation":0,"texture":"#0"},"down":{"uv":[4.03125,6.46875,4.75,8.53125],"tintindex":0,"rotation":0,"texture":"#0"}},"rotation":{"origin":[6.166127,17.426706,-2.6858425],"angle":22.5,"axis":"z"}},{"from":[5.009878,-2.5997648,-15.059437],"to":[10.759878,5.900234,-15.059437],"faces":{"south":{"uv":[10.9375,2.9375,10.21875,4.0],"tintindex":0,"rotation":0,"texture":"#0"},"north":{"uv":[10.21875,2.9375,10.9375,4.0],"tintindex":0,"rotation":0,"texture":"#0"}},"rotation":{"origin":[7.884878,1.6502342,-15.059437],"angle":-22.5,"axis":"x"}},{"from":[5.009878,-5.673277,-15.9358425],"to":[5.009878,5.576723,-10.9358425],"faces":{"east":{"uv":[7.46875,9.46875,6.84375,10.875],"tintindex":0,"rotation":0,"texture":"#0"},"west":{"uv":[6.84375,9.46875,7.46875,10.875],"tintindex":0,"rotation":0,"texture":"#0"}}},{"from":[6.9786286,17.426706,-10.9358425],"to":[12.728628,17.426706,5.5641575],"faces":{"up":{"uv":[4.75,8.53125,4.03125,6.46875],"tintindex":0,"rotation":0,"texture":"#0"},"down":{"uv":[4.75,6.46875,4.03125,8.53125],"tintindex":0,"rotation":0,"texture":"#0"}},"rotation":{"origin":[9.853628,17.426706,-2.6858425],"angle":-22.5,"axis":"z"}},{"from":[1.7598782,-1.4180241,1.8355956],"to":[13.759878,14.581976,16.585596],"faces":{"east":{"uv":[5.96875,0.0,4.125,2.0],"tintindex":0,"rotation":0,"texture":"#0"},"south":{"uv":[4.875,4.40625,6.375,6.40625],"tintindex":0,"rotation":0,"texture":"#0"},"north":{"uv":[1.625,4.8125,3.125,6.8125],"tintindex":0,"rotation":0,"texture":"#0"},"west":{"uv":[4.125,0.0,5.96875,2.0],"tintindex":0,"rotation":0,"texture":"#0"},"up":{"uv":[6.59375,3.84375,5.09375,2.0],"tintindex":0,"rotation":0,"texture":"#0"},"down":{"uv":[7.46875,0.0,5.96875,1.84375],"tintindex":0,"rotation":0,"texture":"#0"}},"rotation":{"origin":[7.759878,6.081976,8.085595],"angle":22.5,"axis":"x"}},{"from":[1.7598782,9.35614,18.642029],"to":[13.759878,9.35614,22.392029],"faces":{"up":{"uv":[8.125,11.0,9.625,10.53125],"tintindex":0,"rotation":0,"texture":"#0"},"down":{"uv":[9.625,10.53125,8.125,11.0],"tintindex":0,"rotation":0,"texture":"#0"}},"rotation":{"origin":[7.759878,9.35614,20.517029],"angle":45.0,"axis":"x"}},{"from":[1.2598782,16.996187,-11.068958],"to":[14.259878,16.996187,-7.5689583],"faces":{"up":{"uv":[11.59375,1.625,9.96875,1.1875],"tintindex":0,"rotation":0,"texture":"#0"},"down":{"uv":[9.96875,1.1875,11.59375,1.625],"tintindex":0,"rotation":0,"texture":"#0"}},"rotation":{"origin":[7.759878,16.996187,-9.318958],"angle":-22.5,"axis":"x"}},{"from":[1.2598782,-9.423277,-10.9358425],"to":[14.259878,-2.923277,-10.9358425],"faces":{"south":{"uv":[1.625,7.59375,0.0,8.40625],"tintindex":0,"rotation":0,"texture":"#0"},"north":{"uv":[0.0,7.59375,1.625,8.40625],"tintindex":0,"rotation":0,"texture":"#0"}}},{"from":[8.009878,16.326723,-10.9358425],"to":[8.009878,20.076723,5.5641575],"faces":{"east":{"uv":[9.625,2.0,11.6875,2.46875],"tintindex":0,"rotation":0,"texture":"#0"},"west":{"uv":[11.6875,2.0,9.625,2.46875],"tintindex":0,"rotation":0,"texture":"#0"}}},{"from":[1.2598782,-2.923277,-10.9358425],"to":[14.259878,16.326723,5.5641575],"faces":{"east":{"uv":[4.125,0.0,2.0625,2.40625],"tintindex":0,"rotation":0,"texture":"#0"},"south":{"uv":[1.625,2.40625,3.25,4.8125],"tintindex":0,"rotation":0,"texture":"#0"},"north":{"uv":[0.0,2.40625,1.625,4.8125],"tintindex":0,"rotation":0,"texture":"#0"},"west":{"uv":[2.0625,0.0,4.125,2.40625],"tintindex":0,"rotation":0,"texture":"#0"},"up":{"uv":[4.875,6.46875,3.25,4.40625],"tintindex":0,"rotation":0,"texture":"#0"},"down":{"uv":[1.625,4.8125,0.0,6.875],"tintindex":0,"rotation":0,"texture":"#0"}}},{"from":[11.009878,-5.673277,-15.9358425],"to":[11.009878,5.576723,-10.9358425],"faces":{"east":{"uv":[7.46875,9.46875,6.84375,10.875],"tintindex":0,"rotation":0,"texture":"#0"},"west":{"uv":[6.84375,9.46875,7.46875,10.875],"tintindex":0,"rotation":0,"texture":"#0"}}},{"from":[8.009878,-7.923277,-10.9358425],"to":[8.009878,-0.9232769,11.5641575],"faces":{"east":{"uv":[6.375,3.84375,9.1875,4.71875],"tintindex":0,"rotation":0,"texture":"#0"},"west":{"uv":[9.1875,3.84375,6.375,4.71875],"tintindex":0,"rotation":0,"texture":"#0"}}}],"display":{"gui":{"rotation":[30,225,0]}}}