{"textures":{"0":"modelengine:entity/boreal_druid_mammoth"},"elements":[{"from":[3.25,-11.0,-2.0],"to":[13.75,8.0,12.0],"faces":{"east":{"uv":[1.125,8.40625,2.0,9.59375],"tintindex":0,"rotation":0,"texture":"#0"},"south":{"uv":[9.96875,0.0,10.625,1.1875],"tintindex":0,"rotation":0,"texture":"#0"},"north":{"uv":[3.90625,9.9375,4.5625,11.125],"tintindex":0,"rotation":0,"texture":"#0"},"west":{"uv":[8.90625,6.625,9.78125,7.8125],"tintindex":0,"rotation":0,"texture":"#0"},"up":{"uv":[11.59375,3.8125,10.9375,2.9375],"tintindex":0,"rotation":0,"texture":"#0"},"down":{"uv":[11.59375,10.0,10.9375,10.875],"tintindex":0,"rotation":0,"texture":"#0"}}},{"from":[4.25,-15.0,12.0],"to":[14.75,-10.0,12.0],"faces":{"south":{"uv":[12.0,4.34375,12.65625,4.65625],"tintindex":0,"rotation":0,"texture":"#0"},"north":{"uv":[12.65625,4.34375,12.0,4.65625],"tintindex":0,"rotation":0,"texture":"#0"}},"rotation":{"origin":[9.5,-10.0,12.0],"angle":-22.5,"axis":"x"}},{"from":[4.206709,-11.0,11.809699],"to":[4.206709,8.0,16.8097],"faces":{"east":{"uv":[0.3125,11.46875,0.0,12.65625],"tintindex":0,"rotation":0,"texture":"#0"},"west":{"uv":[0.0,11.46875,0.3125,12.65625],"tintindex":0,"rotation":0,"texture":"#0"}},"rotation":{"origin":[4.206709,-1.5,14.309699],"angle":22.5,"axis":"y"}}],"display":{"gui":{"rotation":[30,225,0]}}}