{"textures":{"0":"modelengine:entity/boreal_druid_mammoth"},"elements":[{"from":[10.33752,-7.666667,13.5017395],"to":[10.33752,9.0,17.835073],"faces":{"east":{"uv":[9.625,10.53125,10.03125,12.09375],"tintindex":0,"rotation":0,"texture":"#0"},"west":{"uv":[10.03125,10.53125,9.625,12.09375],"tintindex":0,"rotation":0,"texture":"#0"}},"rotation":{"origin":[10.33752,0.6666665,15.668406],"angle":-22.5,"axis":"y"}},{"from":[2.1666665,-7.666667,4.333333],"to":[11.166667,9.0,13.666667],"faces":{"east":{"uv":[8.375,5.59375,7.5,7.15625],"tintindex":0,"rotation":0,"texture":"#0"},"south":{"uv":[5.59375,8.15625,4.75,9.71875],"tintindex":0,"rotation":0,"texture":"#0"},"north":{"uv":[8.90625,7.15625,8.0625,8.71875],"tintindex":0,"rotation":0,"texture":"#0"},"west":{"uv":[8.375,2.0625,7.5,3.625],"tintindex":0,"rotation":0,"texture":"#0"},"up":{"uv":[5.21875,11.15625,6.0625,10.28125],"tintindex":0,"rotation":0,"texture":"#0"},"down":{"uv":[2.1875,10.34375,3.03125,11.21875],"tintindex":0,"rotation":0,"texture":"#0"}}},{"from":[7.3640513,11.359573,4.333333],"to":[14.364052,11.359573,16.0],"faces":{"up":{"uv":[7.46875,11.625,8.125,10.53125],"tintindex":0,"rotation":0,"texture":"#0"},"down":{"uv":[7.46875,10.53125,8.125,11.625],"tintindex":0,"rotation":0,"texture":"#0"}},"rotation":{"origin":[16.864052,11.359573,9.0],"angle":22.5,"axis":"z"}},{"from":[12.123375,-12.476366,4.333333],"to":[12.123375,-3.8097,15.333334],"faces":{"east":{"uv":[9.53125,9.71875,8.5,10.53125],"tintindex":0,"rotation":0,"texture":"#0"},"west":{"uv":[8.5,9.71875,9.53125,10.53125],"tintindex":0,"rotation":0,"texture":"#0"}},"rotation":{"origin":[12.123375,-9.976366,9.0],"angle":22.5,"axis":"z"}}],"display":{"gui":{"rotation":[30,225,0]}}}