{"textures":{"0":"modelengine:entity/boreal_druid_mammoth"},"elements":[{"from":[4.833333,-7.666667,4.333333],"to":[13.833334,9.0,13.666667],"faces":{"east":{"uv":[7.5,2.0625,8.375,3.625],"tintindex":0,"rotation":0,"texture":"#0"},"south":{"uv":[4.75,8.15625,5.59375,9.71875],"tintindex":0,"rotation":0,"texture":"#0"},"north":{"uv":[8.0625,7.15625,8.90625,8.71875],"tintindex":0,"rotation":0,"texture":"#0"},"west":{"uv":[7.5,5.59375,8.375,7.15625],"tintindex":0,"rotation":0,"texture":"#0"},"up":{"uv":[6.0625,11.15625,5.21875,10.28125],"tintindex":0,"rotation":0,"texture":"#0"},"down":{"uv":[3.03125,10.34375,2.1875,11.21875],"tintindex":0,"rotation":0,"texture":"#0"}}},{"from":[3.876625,-12.476366,4.333333],"to":[3.876625,-3.8097,15.333334],"faces":{"east":{"uv":[9.53125,9.71875,8.5,10.53125],"tintindex":0,"rotation":0,"texture":"#0"},"west":{"uv":[8.5,9.71875,9.53125,10.53125],"tintindex":0,"rotation":0,"texture":"#0"}},"rotation":{"origin":[3.876625,-9.976366,9.0],"angle":-22.5,"axis":"z"}},{"from":[5.6624804,-7.666667,13.5017395],"to":[5.6624804,9.0,17.835073],"faces":{"east":{"uv":[9.625,10.53125,10.03125,12.09375],"tintindex":0,"rotation":0,"texture":"#0"},"west":{"uv":[10.03125,10.53125,9.625,12.09375],"tintindex":0,"rotation":0,"texture":"#0"}},"rotation":{"origin":[5.6624804,0.6666665,15.668406],"angle":22.5,"axis":"y"}},{"from":[1.6359482,11.359573,4.333333],"to":[8.635949,11.359573,16.0],"faces":{"up":{"uv":[8.125,11.625,7.46875,10.53125],"tintindex":0,"rotation":0,"texture":"#0"},"down":{"uv":[8.125,10.53125,7.46875,11.625],"tintindex":0,"rotation":0,"texture":"#0"}},"rotation":{"origin":[-0.8640518,11.359573,9.0],"angle":-22.5,"axis":"z"}}],"display":{"gui":{"rotation":[30,225,0]}}}