{"textures":{"0":"modelengine:entity/boreal_druid_mammoth"},"elements":[{"from":[2.25,-11.0,-2.0],"to":[12.75,8.0,12.0],"faces":{"east":{"uv":[9.78125,6.625,8.90625,7.8125],"tintindex":0,"rotation":0,"texture":"#0"},"south":{"uv":[10.625,0.0,9.96875,1.1875],"tintindex":0,"rotation":0,"texture":"#0"},"north":{"uv":[4.5625,9.9375,3.90625,11.125],"tintindex":0,"rotation":0,"texture":"#0"},"west":{"uv":[2.0,8.40625,1.125,9.59375],"tintindex":0,"rotation":0,"texture":"#0"},"up":{"uv":[10.9375,3.8125,11.59375,2.9375],"tintindex":0,"rotation":0,"texture":"#0"},"down":{"uv":[10.9375,10.0,11.59375,10.875],"tintindex":0,"rotation":0,"texture":"#0"}}},{"from":[1.25,-15.0,12.0],"to":[11.75,-10.0,12.0],"faces":{"south":{"uv":[12.65625,4.34375,12.0,4.65625],"tintindex":0,"rotation":0,"texture":"#0"},"north":{"uv":[12.0,4.34375,12.65625,4.65625],"tintindex":0,"rotation":0,"texture":"#0"}},"rotation":{"origin":[6.5,-10.0,12.0],"angle":-22.5,"axis":"x"}},{"from":[11.793291,-11.0,11.809699],"to":[11.793291,8.0,16.8097],"faces":{"east":{"uv":[0.3125,11.46875,0.0,12.65625],"tintindex":0,"rotation":0,"texture":"#0"},"west":{"uv":[0.0,11.46875,0.3125,12.65625],"tintindex":0,"rotation":0,"texture":"#0"}},"rotation":{"origin":[11.793291,-1.5,14.309699],"angle":-22.5,"axis":"y"}}],"display":{"gui":{"rotation":[30,225,0]}}}