{"textures":{"0":"modelengine:entity/boreal_druid_mammoth"},"elements":[{"from":[4.5,-12.5,-14.0],"to":[13.5,-1.5,-5.0],"faces":{"east":{"uv":[12.59375,9.90625,12.3125,10.25],"tintindex":0,"rotation":0,"texture":"#0"},"south":{"uv":[12.59375,7.4375,12.3125,7.78125],"tintindex":0,"rotation":0,"texture":"#0"},"north":{"uv":[12.59375,6.75,12.3125,7.09375],"tintindex":0,"rotation":0,"texture":"#0"},"west":{"uv":[12.59375,7.09375,12.3125,7.4375],"tintindex":0,"rotation":0,"texture":"#0"},"up":{"uv":[12.375,8.46875,12.65625,8.1875],"tintindex":0,"rotation":0,"texture":"#0"},"down":{"uv":[12.375,8.46875,12.65625,8.75],"tintindex":0,"rotation":0,"texture":"#0"}}},{"from":[13.5,-12.5,-12.5],"to":[22.5,-1.5,-3.5],"faces":{"east":{"uv":[9.25,12.34375,8.96875,12.6875],"tintindex":0,"rotation":0,"texture":"#0"},"south":{"uv":[8.96875,12.34375,8.6875,12.6875],"tintindex":0,"rotation":0,"texture":"#0"},"north":{"uv":[10.3125,12.3125,10.03125,12.65625],"tintindex":0,"rotation":0,"texture":"#0"},"west":{"uv":[4.625,12.34375,4.34375,12.6875],"tintindex":0,"rotation":0,"texture":"#0"},"up":{"uv":[12.375,9.03125,12.65625,8.75],"tintindex":0,"rotation":0,"texture":"#0"},"down":{"uv":[10.3125,12.375,10.59375,12.65625],"tintindex":0,"rotation":0,"texture":"#0"}},"rotation":{"origin":[19.0,-7.0,-9.0],"angle":-22.5,"axis":"y"}},{"from":[-2.5,-11.5,-12.0],"to":[20.5,8.5,14.0],"faces":{"east":{"uv":[5.15625,11.28125,4.34375,11.90625],"tintindex":0,"rotation":0,"texture":"#0"},"south":{"uv":[12.1875,5.0625,11.46875,5.6875],"tintindex":0,"rotation":0,"texture":"#0"},"north":{"uv":[12.15625,8.46875,11.4375,9.09375],"tintindex":0,"rotation":0,"texture":"#0"},"west":{"uv":[3.0,11.21875,2.1875,11.84375],"tintindex":0,"rotation":0,"texture":"#0"},"up":{"uv":[10.78125,6.71875,11.5,5.90625],"tintindex":0,"rotation":0,"texture":"#0"},"down":{"uv":[6.75,10.875,7.46875,11.6875],"tintindex":0,"rotation":0,"texture":"#0"}}},{"from":[-4.5,-12.5,-12.5],"to":[4.5,-1.5,-3.5],"faces":{"east":{"uv":[12.65625,1.9375,12.375,2.28125],"tintindex":0,"rotation":0,"texture":"#0"},"south":{"uv":[2.15625,12.375,1.875,12.71875],"tintindex":0,"rotation":0,"texture":"#0"},"north":{"uv":[1.59375,12.375,1.3125,12.71875],"tintindex":0,"rotation":0,"texture":"#0"},"west":{"uv":[1.875,12.375,1.59375,12.71875],"tintindex":0,"rotation":0,"texture":"#0"},"up":{"uv":[10.59375,12.65625,10.875,12.375],"tintindex":0,"rotation":0,"texture":"#0"},"down":{"uv":[12.40625,3.875,12.6875,4.15625],"tintindex":0,"rotation":0,"texture":"#0"}},"rotation":{"origin":[-1.0,-7.0,-9.0],"angle":22.5,"axis":"y"}}],"display":{"gui":{"rotation":[30,225,0]}}}