{"textures":{"0":"modelengine:entity/boreal_druid_mammoth"},"elements":[{"from":[-2.25,5.5,-5.75],"to":[17.75,18.5,10.249999],"faces":{"east":{"uv":[10.78125,6.3125,9.78125,7.125],"tintindex":0,"rotation":0,"texture":"#0"},"south":{"uv":[9.1875,4.6875,10.4375,5.5],"tintindex":0,"rotation":0,"texture":"#0"},"north":{"uv":[8.90625,7.8125,10.15625,8.625],"tintindex":0,"rotation":0,"texture":"#0"},"west":{"uv":[9.78125,6.3125,10.78125,7.125],"tintindex":0,"rotation":0,"texture":"#0"},"up":{"uv":[4.03125,9.21875,2.78125,8.21875],"tintindex":0,"rotation":0,"texture":"#0"},"down":{"uv":[9.625,2.0625,8.375,3.0625],"tintindex":0,"rotation":0,"texture":"#0"}},"rotation":{"origin":[8.0,9.0,-0.5],"angle":45.0,"axis":"x"}},{"from":[-1.25,2.9298248,2.5052032],"to":[16.75,19.429825,18.505203],"faces":{"east":{"uv":[9.1875,3.65625,10.1875,4.6875],"tintindex":0,"rotation":0,"texture":"#0"},"south":{"uv":[0.0,8.40625,1.125,9.4375],"tintindex":0,"rotation":0,"texture":"#0"},"north":{"uv":[8.375,5.59375,9.5,6.625],"tintindex":0,"rotation":0,"texture":"#0"},"west":{"uv":[2.0,9.21875,3.0,10.25],"tintindex":0,"rotation":0,"texture":"#0"},"up":{"uv":[8.75,9.71875,7.625,8.71875],"tintindex":0,"rotation":0,"texture":"#0"},"down":{"uv":[9.875,8.71875,8.75,9.71875],"tintindex":0,"rotation":0,"texture":"#0"}}},{"from":[12.25,4.0,-6.25],"to":[19.25,15.5,0.75],"faces":{"east":{"uv":[11.34375,11.71875,10.90625,12.4375],"tintindex":0,"rotation":0,"texture":"#0"},"south":{"uv":[12.03125,11.6875,11.59375,12.40625],"tintindex":0,"rotation":0,"texture":"#0"},"north":{"uv":[10.46875,11.59375,10.03125,12.3125],"tintindex":0,"rotation":0,"texture":"#0"},"west":{"uv":[7.1875,11.6875,6.75,12.40625],"tintindex":0,"rotation":0,"texture":"#0"},"up":{"uv":[3.71875,12.4375,4.15625,12.0],"tintindex":0,"rotation":0,"texture":"#0"},"down":{"uv":[2.9375,12.03125,3.375,12.46875],"tintindex":0,"rotation":0,"texture":"#0"}},"rotation":{"origin":[7.5,9.0,-0.5],"angle":45.0,"axis":"x"}},{"from":[17.75,5.5,10.249999],"to":[17.75,18.5,17.25],"faces":{"east":{"uv":[10.90625,11.5625,10.46875,12.375],"tintindex":0,"rotation":0,"texture":"#0"},"west":{"uv":[2.0625,7.59375,1.625,8.40625],"tintindex":0,"rotation":0,"texture":"#0"}},"rotation":{"origin":[7.5,9.0,-0.5],"angle":45.0,"axis":"x"}},{"from":[-1.75,5.5,10.249999],"to":[-1.75,18.5,17.25],"faces":{"east":{"uv":[1.625,7.59375,2.0625,8.40625],"tintindex":0,"rotation":0,"texture":"#0"},"west":{"uv":[10.46875,11.5625,10.90625,12.375],"tintindex":0,"rotation":0,"texture":"#0"}},"rotation":{"origin":[8.5,9.0,-0.5],"angle":45.0,"axis":"x"}},{"from":[-1.25,22.49083,1.896431],"to":[16.75,22.49083,17.896431],"faces":{"up":{"uv":[9.9375,1.0,8.8125,0.0],"tintindex":0,"rotation":0,"texture":"#0"},"down":{"uv":[9.96875,1.0,8.84375,2.0],"tintindex":0,"rotation":0,"texture":"#0"}},"rotation":{"origin":[7.75,22.49083,9.896431],"angle":-22.5,"axis":"x"}},{"from":[1.25,-0.20283127,-9.271313],"to":[14.75,8.797169,1.2286873],"faces":{"east":{"uv":[11.5,5.6875,12.15625,6.25],"tintindex":0,"rotation":0,"texture":"#0"},"south":{"uv":[11.28125,0.59375,12.125,1.15625],"tintindex":0,"rotation":0,"texture":"#0"},"north":{"uv":[5.09375,3.84375,5.9375,4.40625],"tintindex":0,"rotation":0,"texture":"#0"},"west":{"uv":[11.59375,1.15625,12.25,1.71875],"tintindex":0,"rotation":0,"texture":"#0"},"up":{"uv":[8.96875,11.65625,8.125,11.0],"tintindex":0,"rotation":0,"texture":"#0"},"down":{"uv":[11.9375,3.8125,11.09375,4.46875],"tintindex":0,"rotation":0,"texture":"#0"}},"rotation":{"origin":[8.0,0.79716873,-5.5213127],"angle":22.5,"axis":"x"}},{"from":[-2.25,13.242653,-2.6997433],"to":[17.75,26.242653,-2.6997433],"faces":{"south":{"uv":[9.5,5.5,10.75,6.3125],"tintindex":0,"rotation":0,"texture":"#0"},"north":{"uv":[5.59375,9.46875,6.84375,10.28125],"tintindex":0,"rotation":0,"texture":"#0"}},"rotation":{"origin":[7.75,16.242653,-4.1997433],"angle":22.5,"axis":"x"}},{"from":[-3.25,4.0,-6.25],"to":[3.75,15.5,0.75],"faces":{"east":{"uv":[6.75,11.6875,7.1875,12.40625],"tintindex":0,"rotation":0,"texture":"#0"},"south":{"uv":[11.59375,11.6875,12.03125,12.40625],"tintindex":0,"rotation":0,"texture":"#0"},"north":{"uv":[10.03125,11.59375,10.46875,12.3125],"tintindex":0,"rotation":0,"texture":"#0"},"west":{"uv":[10.90625,11.71875,11.34375,12.4375],"tintindex":0,"rotation":0,"texture":"#0"},"up":{"uv":[4.15625,12.4375,3.71875,12.0],"tintindex":0,"rotation":0,"texture":"#0"},"down":{"uv":[3.375,12.03125,2.9375,12.46875],"tintindex":0,"rotation":0,"texture":"#0"}},"rotation":{"origin":[8.5,9.0,-0.5],"angle":45.0,"axis":"x"}}],"display":{"gui":{"rotation":[30,225,0]}}}