{"textures":{"0":"modelengine:entity/boreal_druid_mammoth"},"elements":[{"from":[-4.5,-2.0,3.500002],"to":[17.5,32.0,17.5],"faces":{"east":{"uv":[10.03125,10.53125,10.46875,11.59375],"tintindex":0,"rotation":0,"texture":"#0"},"south":{"uv":[3.03125,10.34375,3.71875,11.40625],"tintindex":0,"rotation":0,"texture":"#0"},"north":{"uv":[6.0625,10.28125,6.75,11.34375],"tintindex":0,"rotation":0,"texture":"#0"},"west":{"uv":[1.46875,11.3125,1.90625,12.375],"tintindex":0,"rotation":0,"texture":"#0"},"up":{"uv":[12.125,9.53125,11.4375,9.09375],"tintindex":0,"rotation":0,"texture":"#0"},"down":{"uv":[12.375,2.25,11.6875,2.6875],"tintindex":0,"rotation":0,"texture":"#0"}},"rotation":{"origin":[8.0,13.0,-12.999998],"angle":45.0,"axis":"x"}}],"display":{"gui":{"rotation":[30,225,0]}}}