{"textures":{"0":"modelengine:entity/boreal_druid_mammoth"},"elements":[{"from":[3.5,4.5,-2.5],"to":[11.5,12.5,18.5],"faces":{"east":{"uv":[10.71875,9.28125,11.375,9.5],"tintindex":0,"rotation":0,"texture":"#0"},"south":{"uv":[10.78125,6.71875,11.0,6.9375],"tintindex":0,"rotation":0,"texture":"#0"},"north":{"uv":[2.78125,8.0,3.0,8.21875],"tintindex":0,"rotation":0,"texture":"#0"},"west":{"uv":[7.4375,12.15625,8.09375,12.375],"tintindex":0,"rotation":0,"texture":"#0"},"up":{"uv":[3.59375,12.6875,3.375,12.03125],"tintindex":0,"rotation":0,"texture":"#0"},"down":{"uv":[12.375,8.375,12.15625,9.03125],"tintindex":0,"rotation":0,"texture":"#0"}}}],"display":{"gui":{"rotation":[30,225,0]}}}