{"textures":{"0":"modelengine:entity/boreal_druid_mammoth"},"elements":[{"from":[3.5,5.5,0.0],"to":[10.5,12.5,16.0],"faces":{"east":{"uv":[12.3125,3.21875,12.8125,3.375],"tintindex":0,"rotation":0,"texture":"#0"},"south":{"uv":[0.90625,9.4375,1.0625,9.59375],"tintindex":0,"rotation":0,"texture":"#0"},"north":{"uv":[7.46875,9.375,7.625,9.53125],"tintindex":0,"rotation":0,"texture":"#0"},"west":{"uv":[12.3125,10.25,12.8125,10.40625],"tintindex":0,"rotation":0,"texture":"#0"},"up":{"uv":[7.59375,9.375,7.4375,8.875],"tintindex":0,"rotation":0,"texture":"#0"},"down":{"uv":[5.75,12.28125,5.59375,12.78125],"tintindex":0,"rotation":0,"texture":"#0"}}},{"from":[9.690258,-6.2087097,2.0292664],"to":[9.690258,5.7912903,18.029266],"faces":{"east":{"uv":[12.0,4.65625,12.5,5.03125],"tintindex":0,"rotation":0,"texture":"#0"},"west":{"uv":[12.03125,9.53125,12.53125,9.90625],"tintindex":0,"rotation":0,"texture":"#0"}},"rotation":{"origin":[7.5,-0.5,8.0],"angle":22.5,"axis":"z"}}],"display":{"gui":{"rotation":[30,225,0]}}}