{"textures":{"0":"modelengine:entity/boreal_druid_mammoth"},"elements":[{"from":[1.0,4.099449,-13.646217],"to":[10.0,13.099449,11.353786],"faces":{"east":{"uv":[6.59375,3.59375,7.375,3.8125],"tintindex":0,"rotation":0,"texture":"#0"},"south":{"uv":[2.15625,12.375,2.375,12.59375],"tintindex":0,"rotation":0,"texture":"#0"},"north":{"uv":[8.71875,11.65625,8.9375,11.875],"tintindex":0,"rotation":0,"texture":"#0"},"west":{"uv":[7.375,3.625,8.15625,3.84375],"tintindex":0,"rotation":0,"texture":"#0"},"up":{"uv":[11.5625,12.5,11.34375,11.71875],"tintindex":0,"rotation":0,"texture":"#0"},"down":{"uv":[5.09375,11.90625,4.875,12.6875],"tintindex":0,"rotation":0,"texture":"#0"}}}],"display":{"gui":{"rotation":[30,225,0]}}}