{"textures":{"0":"modelengine:entity/boreal_druid_mammoth"},"elements":[{"from":[12.291052,10.190575,-6.7122726],"to":[19.29105,17.190575,14.287727],"faces":{"east":{"uv":[9.875,9.53125,10.53125,9.71875],"tintindex":0,"rotation":0,"texture":"#0"},"south":{"uv":[10.78125,6.9375,10.96875,7.125],"tintindex":0,"rotation":0,"texture":"#0"},"north":{"uv":[8.9375,3.65625,9.125,3.84375],"tintindex":0,"rotation":0,"texture":"#0"},"west":{"uv":[12.125,0.96875,12.78125,1.15625],"tintindex":0,"rotation":0,"texture":"#0"},"up":{"uv":[8.28125,12.84375,8.09375,12.1875],"tintindex":0,"rotation":0,"texture":"#0"},"down":{"uv":[8.46875,12.1875,8.28125,12.84375],"tintindex":0,"rotation":0,"texture":"#0"}}}],"display":{"gui":{"rotation":[30,225,0]}}}