{"textures":{"0":"modelengine:entity/boreal_druid_mammoth"},"elements":[{"from":[-2.0,-6.75,8.0],"to":[8.0,-0.25,8.0],"faces":{"south":{"uv":[11.0,7.5625,11.625,7.96875],"tintindex":0,"rotation":0,"texture":"#0"},"north":{"uv":[4.125,2.0,4.75,2.40625],"tintindex":0,"rotation":0,"texture":"#0"}},"rotation":{"origin":[3.0,-3.5,8.0],"angle":-22.5,"axis":"x"}},{"from":[1.2664213,0.002609253,5.4168873],"to":[8.266421,10.502609,5.4168873],"faces":{"south":{"uv":[1.46875,9.59375,1.90625,10.25],"tintindex":0,"rotation":0,"texture":"#0"},"north":{"uv":[7.625,8.0625,8.0625,8.71875],"tintindex":0,"rotation":0,"texture":"#0"}},"rotation":{"origin":[4.7664213,6.7526093,5.4168873],"angle":-22.5,"axis":"y"}},{"from":[-2.0,-0.49739075,6.756279],"to":[8.0,13.502609,8.756279],"faces":{"east":{"uv":[3.125,4.8125,3.25,5.6875],"tintindex":0,"rotation":0,"texture":"#0"},"south":{"uv":[3.71875,11.125,4.34375,12.0],"tintindex":0,"rotation":0,"texture":"#0"},"north":{"uv":[8.96875,11.0,9.59375,11.875],"tintindex":0,"rotation":0,"texture":"#0"},"west":{"uv":[4.75,6.46875,4.875,7.34375],"tintindex":0,"rotation":0,"texture":"#0"},"up":{"uv":[13.0,2.6875,12.375,2.5625],"tintindex":0,"rotation":0,"texture":"#0"},"down":{"uv":[13.03125,11.96875,12.40625,12.09375],"tintindex":0,"rotation":0,"texture":"#0"}}}],"display":{"gui":{"rotation":[30,225,0]}}}