{"textures":{"0":"modelengine:entity/boreal_druid_mammoth"},"elements":[{"from":[0.7336769,4.085617,-4.7789],"to":[8.733677,11.085617,20.2211],"faces":{"east":{"uv":[8.15625,3.65625,8.9375,3.84375],"tintindex":0,"rotation":0,"texture":"#0"},"south":{"uv":[5.75,11.78125,5.9375,11.96875],"tintindex":0,"rotation":0,"texture":"#0"},"north":{"uv":[1.90625,11.65625,2.09375,11.84375],"tintindex":0,"rotation":0,"texture":"#0"},"west":{"uv":[11.6875,2.6875,12.46875,2.875],"tintindex":0,"rotation":0,"texture":"#0"},"up":{"uv":[3.90625,11.125,3.71875,10.34375],"tintindex":0,"rotation":0,"texture":"#0"},"down":{"uv":[4.34375,12.0,4.15625,12.78125],"tintindex":0,"rotation":0,"texture":"#0"}},"rotation":{"origin":[4.733677,7.085617,7.7211],"angle":22.5,"axis":"x"}}],"display":{"gui":{"rotation":[30,225,0]}}}