{"textures":{"0":"modelengine:entity/boreal_druid_mammoth"},"elements":[{"from":[4.5,5.5,0.0],"to":[10.5,11.5,16.0],"faces":{"east":{"uv":[12.40625,4.15625,12.90625,4.3125],"tintindex":0,"rotation":0,"texture":"#0"},"south":{"uv":[10.9375,3.8125,11.09375,3.96875],"tintindex":0,"rotation":0,"texture":"#0"},"north":{"uv":[7.46875,9.53125,7.625,9.6875],"tintindex":0,"rotation":0,"texture":"#0"},"west":{"uv":[6.65625,12.40625,7.15625,12.5625],"tintindex":0,"rotation":0,"texture":"#0"},"up":{"uv":[2.84375,12.8125,2.6875,12.3125],"tintindex":0,"rotation":0,"texture":"#0"},"down":{"uv":[4.78125,12.34375,4.625,12.84375],"tintindex":0,"rotation":0,"texture":"#0"}}}],"display":{"gui":{"rotation":[30,225,0]}}}