{"textures":{"0":"modelengine:entity/boreal_druid_mammoth"},"elements":[{"from":[5.5,5.5,0.0],"to":[12.5,12.5,16.0],"faces":{"east":{"uv":[12.8125,10.25,12.3125,10.40625],"tintindex":0,"rotation":0,"texture":"#0"},"south":{"uv":[1.0625,9.4375,0.90625,9.59375],"tintindex":0,"rotation":0,"texture":"#0"},"north":{"uv":[7.625,9.375,7.46875,9.53125],"tintindex":0,"rotation":0,"texture":"#0"},"west":{"uv":[12.8125,3.21875,12.3125,3.375],"tintindex":0,"rotation":0,"texture":"#0"},"up":{"uv":[7.4375,9.375,7.59375,8.875],"tintindex":0,"rotation":0,"texture":"#0"},"down":{"uv":[5.59375,12.28125,5.75,12.78125],"tintindex":0,"rotation":0,"texture":"#0"}}},{"from":[5.5,-6.5,10.0],"to":[9.5,5.5,10.0],"faces":{"south":{"uv":[11.625,6.25,11.5,6.625],"tintindex":0,"rotation":0,"texture":"#0"},"north":{"uv":[4.03125,9.21875,3.90625,9.59375],"tintindex":0,"rotation":0,"texture":"#0"}}},{"from":[8.5,-6.5,0.0],"to":[8.5,5.5,16.0],"faces":{"east":{"uv":[12.53125,9.53125,12.03125,9.90625],"tintindex":0,"rotation":0,"texture":"#0"},"west":{"uv":[12.5,4.65625,12.0,5.03125],"tintindex":0,"rotation":0,"texture":"#0"}}}],"display":{"gui":{"rotation":[30,225,0]}}}