{"textures":{"0":"modelengine:entity/boreal_druid_mammoth"},"elements":[{"from":[-3.291051,10.190575,-6.7122726],"to":[3.7089481,17.190575,14.287727],"faces":{"east":{"uv":[12.78125,0.96875,12.125,1.15625],"tintindex":0,"rotation":0,"texture":"#0"},"south":{"uv":[10.96875,6.9375,10.78125,7.125],"tintindex":0,"rotation":0,"texture":"#0"},"north":{"uv":[9.125,3.65625,8.9375,3.84375],"tintindex":0,"rotation":0,"texture":"#0"},"west":{"uv":[10.53125,9.53125,9.875,9.71875],"tintindex":0,"rotation":0,"texture":"#0"},"up":{"uv":[8.09375,12.84375,8.28125,12.1875],"tintindex":0,"rotation":0,"texture":"#0"},"down":{"uv":[8.28125,12.1875,8.46875,12.84375],"tintindex":0,"rotation":0,"texture":"#0"}}}],"display":{"gui":{"rotation":[30,225,0]}}}