{"textures":{"0":"modelengine:entity/boreal_druid_mammoth"},"elements":[{"from":[2.0,-0.5,-7.0],"to":[14.0,18.5,12.0],"faces":{"east":{"uv":[12.1875,11.09375,11.59375,11.6875],"tintindex":0,"rotation":0,"texture":"#0"},"south":{"uv":[5.96875,8.15625,5.59375,8.75],"tintindex":0,"rotation":0,"texture":"#0"},"north":{"uv":[6.375,6.40625,6.0,7.0],"tintindex":0,"rotation":0,"texture":"#0"},"west":{"uv":[12.1875,10.5,11.59375,11.09375],"tintindex":0,"rotation":0,"texture":"#0"},"up":{"uv":[9.78125,7.71875,10.15625,7.125],"tintindex":0,"rotation":0,"texture":"#0"},"down":{"uv":[9.25,11.875,9.625,12.46875],"tintindex":0,"rotation":0,"texture":"#0"}}},{"from":[15.52981,-3.5,-14.6959],"to":[15.52981,18.5,-6.6959],"faces":{"east":{"uv":[7.4375,11.6875,7.1875,12.375],"tintindex":0,"rotation":0,"texture":"#0"},"west":{"uv":[10.4375,4.0,10.1875,4.6875],"tintindex":0,"rotation":0,"texture":"#0"}},"rotation":{"origin":[15.52981,7.5,-10.6959],"angle":-22.5,"axis":"y"}}],"display":{"gui":{"rotation":[30,225,0]}}}