{"textures":{"0":"modelengine:entity/boreal_druid_mammoth"},"elements":[{"from":[6.0,6.0,0.0],"to":[11.0,11.0,16.0],"faces":{"east":{"uv":[12.90625,12.09375,12.40625,12.21875],"tintindex":0,"rotation":0,"texture":"#0"},"south":{"uv":[3.25,6.3125,3.125,6.4375],"tintindex":0,"rotation":0,"texture":"#0"},"north":{"uv":[3.25,6.1875,3.125,6.3125],"tintindex":0,"rotation":0,"texture":"#0"},"west":{"uv":[10.125,2.9375,9.625,3.0625],"tintindex":0,"rotation":0,"texture":"#0"},"up":{"uv":[3.125,6.1875,3.25,5.6875],"tintindex":0,"rotation":0,"texture":"#0"},"down":{"uv":[4.75,7.34375,4.875,7.84375],"tintindex":0,"rotation":0,"texture":"#0"}}},{"from":[8.0,0.69049835,1.9486847],"to":[8.0,16.690498,24.948692],"faces":{"east":{"uv":[12.3125,10.0,11.59375,10.5],"tintindex":0,"rotation":0,"texture":"#0"},"west":{"uv":[12.3125,2.9375,11.59375,3.4375],"tintindex":0,"rotation":0,"texture":"#0"}},"rotation":{"origin":[8.0,8.690498,14.448692],"angle":22.5,"axis":"x"}}],"display":{"gui":{"rotation":[30,225,0]}}}