{"textures":{"0":"modelengine:entity/boreal_druid_mammoth"},"elements":[{"from":[4.0,5.0,8.0],"to":[11.0,12.0,26.0],"faces":{"east":{"uv":[12.1875,10.5,12.75,10.71875],"tintindex":0,"rotation":0,"texture":"#0"},"south":{"uv":[11.78125,12.40625,12.0,12.625],"tintindex":0,"rotation":0,"texture":"#0"},"north":{"uv":[11.5625,12.40625,11.78125,12.625],"tintindex":0,"rotation":0,"texture":"#0"},"west":{"uv":[12.1875,10.71875,12.75,10.9375],"tintindex":0,"rotation":0,"texture":"#0"},"up":{"uv":[0.875,11.125,0.65625,10.5625],"tintindex":0,"rotation":0,"texture":"#0"},"down":{"uv":[8.6875,12.1875,8.46875,12.75],"tintindex":0,"rotation":0,"texture":"#0"}}}],"display":{"gui":{"rotation":[30,225,0]}}}