{"textures":{"0":"modelengine:entity/boreal_druid_mammoth"},"elements":[{"from":[4.0,5.0,8.0],"to":[11.0,12.0,26.0],"faces":{"east":{"uv":[12.1875,10.9375,12.75,11.15625],"tintindex":0,"rotation":0,"texture":"#0"},"south":{"uv":[3.59375,12.4375,3.8125,12.65625],"tintindex":0,"rotation":0,"texture":"#0"},"north":{"uv":[12.40625,12.21875,12.625,12.4375],"tintindex":0,"rotation":0,"texture":"#0"},"west":{"uv":[12.1875,11.15625,12.75,11.375],"tintindex":0,"rotation":0,"texture":"#0"},"up":{"uv":[12.46875,1.71875,12.25,1.15625],"tintindex":0,"rotation":0,"texture":"#0"},"down":{"uv":[0.53125,12.28125,0.3125,12.84375],"tintindex":0,"rotation":0,"texture":"#0"}}}],"display":{"gui":{"rotation":[30,225,0]}}}