{"textures":{"0":"modelengine:entity/boreal_druid_mammoth"},"elements":[{"from":[6.0,6.5,8.0],"to":[9.5,10.0,17.0],"faces":{"east":{"uv":[12.1875,11.375,12.75,11.59375],"tintindex":0,"rotation":0,"texture":"#0"},"south":{"uv":[5.75,12.4375,5.96875,12.65625],"tintindex":0,"rotation":0,"texture":"#0"},"north":{"uv":[3.8125,12.4375,4.03125,12.65625],"tintindex":0,"rotation":0,"texture":"#0"},"west":{"uv":[12.28125,1.71875,12.84375,1.9375],"tintindex":0,"rotation":0,"texture":"#0"},"up":{"uv":[0.75,12.84375,0.53125,12.28125],"tintindex":0,"rotation":0,"texture":"#0"},"down":{"uv":[5.3125,12.28125,5.09375,12.84375],"tintindex":0,"rotation":0,"texture":"#0"}}},{"from":[7.5,3.5,8.0],"to":[7.5,13.0,22.5],"faces":{"east":{"uv":[12.1875,0.0,11.28125,0.59375],"tintindex":0,"rotation":0,"texture":"#0"},"west":{"uv":[11.28125,0.0,12.1875,0.59375],"tintindex":0,"rotation":0,"texture":"#0"}},"rotation":{"origin":[7.5,8.25,15.25],"angle":45.0,"axis":"z"}},{"from":[7.5,3.5,8.0],"to":[7.5,13.0,22.5],"faces":{"east":{"uv":[12.1875,0.0,11.28125,0.59375],"tintindex":0,"rotation":0,"texture":"#0"},"west":{"uv":[11.28125,0.0,12.1875,0.59375],"tintindex":0,"rotation":0,"texture":"#0"}}}],"display":{"gui":{"rotation":[30,225,0]}}}