{"textures":{"0":"modelengine:entity/boreal_druid_mammoth"},"elements":[{"from":[-1.5,-9.0,8.0],"to":[17.5,8.0,24.0],"faces":{"east":{"uv":[11.78125,7.84375,12.28125,8.375],"tintindex":0,"rotation":0,"texture":"#0"},"south":{"uv":[11.6875,1.71875,12.28125,2.25],"tintindex":0,"rotation":0,"texture":"#0"},"north":{"uv":[8.125,11.65625,8.71875,12.1875],"tintindex":0,"rotation":0,"texture":"#0"},"west":{"uv":[1.90625,11.84375,2.40625,12.375],"tintindex":0,"rotation":0,"texture":"#0"},"up":{"uv":[0.90625,12.28125,0.3125,11.78125],"tintindex":0,"rotation":0,"texture":"#0"},"down":{"uv":[5.75,11.78125,5.15625,12.28125],"tintindex":0,"rotation":0,"texture":"#0"}}},{"from":[-1.5,-13.8097,7.043289],"to":[17.5,-8.8097,7.043289],"faces":{"south":{"uv":[12.1875,0.4375,12.78125,0.59375],"tintindex":0,"rotation":0,"texture":"#0"},"north":{"uv":[5.96875,1.84375,6.5625,2.0],"tintindex":0,"rotation":0,"texture":"#0"}},"rotation":{"origin":[8.0,-11.3097,7.043289],"angle":22.5,"axis":"x"}}],"display":{"gui":{"rotation":[30,225,0]}}}