{"textures":{"0":"modelengine:entity/boreal_druid_mammoth"},"elements":[{"from":[0.5,-7.0,8.0],"to":[15.5,8.0,20.0],"faces":{"east":{"uv":[5.21875,9.71875,5.59375,10.1875],"tintindex":0,"rotation":0,"texture":"#0"},"south":{"uv":[5.75,11.96875,6.21875,12.4375],"tintindex":0,"rotation":0,"texture":"#0"},"north":{"uv":[11.9375,3.875,12.40625,4.34375],"tintindex":0,"rotation":0,"texture":"#0"},"west":{"uv":[12.03125,11.96875,12.40625,12.4375],"tintindex":0,"rotation":0,"texture":"#0"},"up":{"uv":[12.59375,0.96875,12.125,0.59375],"tintindex":0,"rotation":0,"texture":"#0"},"down":{"uv":[12.59375,9.09375,12.125,9.46875],"tintindex":0,"rotation":0,"texture":"#0"}}}],"display":{"gui":{"rotation":[30,225,0]}}}