{"textures":{"0":"modelengine:entity/boreal_druid_mammoth"},"elements":[{"from":[-0.5,-7.0,8.0],"to":[16.5,8.0,22.0],"faces":{"east":{"uv":[5.9375,3.84375,6.375,4.3125],"tintindex":0,"rotation":0,"texture":"#0"},"south":{"uv":[8.71875,11.875,9.25,12.34375],"tintindex":0,"rotation":0,"texture":"#0"},"north":{"uv":[2.40625,11.84375,2.9375,12.3125],"tintindex":0,"rotation":0,"texture":"#0"},"west":{"uv":[6.21875,11.96875,6.65625,12.4375],"tintindex":0,"rotation":0,"texture":"#0"},"up":{"uv":[4.875,12.34375,4.34375,11.90625],"tintindex":0,"rotation":0,"texture":"#0"},"down":{"uv":[12.46875,3.4375,11.9375,3.875],"tintindex":0,"rotation":0,"texture":"#0"}}},{"from":[-0.5,-11.809698,7.043289],"to":[16.5,-6.809698,7.043289],"faces":{"south":{"uv":[10.15625,8.46875,10.6875,8.625],"tintindex":0,"rotation":0,"texture":"#0"},"north":{"uv":[7.5,7.15625,8.03125,7.3125],"tintindex":0,"rotation":0,"texture":"#0"}},"rotation":{"origin":[8.0,-9.309698,7.043289],"angle":22.5,"axis":"x"}}],"display":{"gui":{"rotation":[30,225,0]}}}