{"textures":{"0":"modelengine:entity/boreal_druid_mammoth"},"elements":[{"from":[-2.5,-8.6903,1.956707],"to":[18.5,8.3097,18.956707],"faces":{"east":{"uv":[8.375,6.625,8.90625,7.15625],"tintindex":0,"rotation":0,"texture":"#0"},"south":{"uv":[11.65625,6.25,12.3125,6.78125],"tintindex":0,"rotation":0,"texture":"#0"},"north":{"uv":[7.46875,11.625,8.125,12.15625],"tintindex":0,"rotation":0,"texture":"#0"},"west":{"uv":[0.90625,11.78125,1.4375,12.3125],"tintindex":0,"rotation":0,"texture":"#0"},"up":{"uv":[12.3125,7.3125,11.65625,6.78125],"tintindex":0,"rotation":0,"texture":"#0"},"down":{"uv":[12.3125,7.3125,11.65625,7.84375],"tintindex":0,"rotation":0,"texture":"#0"}}},{"from":[-2.5,-15.5,0.9999962],"to":[18.5,-8.5,0.9999962],"faces":{"south":{"uv":[12.1875,0.21875,12.84375,0.4375],"tintindex":0,"rotation":0,"texture":"#0"},"north":{"uv":[12.1875,0.0,12.84375,0.21875],"tintindex":0,"rotation":0,"texture":"#0"}},"rotation":{"origin":[8.0,-11.0,0.9999962],"angle":22.5,"axis":"x"}}],"display":{"gui":{"rotation":[30,225,0]}}}