{"textures":{"0":"modelengine:entity/boreal_druid_mammoth"},"elements":[{"from":[1.5,-4.0,8.0],"to":[14.5,8.0,18.0],"faces":{"east":{"uv":[4.75,2.0,5.0625,2.375],"tintindex":0,"rotation":0,"texture":"#0"},"south":{"uv":[12.15625,5.6875,12.5625,6.0625],"tintindex":0,"rotation":0,"texture":"#0"},"north":{"uv":[9.625,12.09375,10.03125,12.46875],"tintindex":0,"rotation":0,"texture":"#0"},"west":{"uv":[10.4375,5.09375,10.75,5.46875],"tintindex":0,"rotation":0,"texture":"#0"},"up":{"uv":[12.59375,5.34375,12.1875,5.03125],"tintindex":0,"rotation":0,"texture":"#0"},"down":{"uv":[12.59375,5.34375,12.1875,5.65625],"tintindex":0,"rotation":0,"texture":"#0"}}}],"display":{"gui":{"rotation":[30,225,0]}}}