{"textures":{"0":"modelengine:entity/cabbage_stage"},"elements":[{"from":[10.0,8.0,6.0],"to":[10.0,11.0,10.0],"faces":{"east":{"uv":[0.375,2.75,0.625,2.9375],"tintindex":0,"rotation":0,"texture":"#0"},"west":{"uv":[0.375,2.75,0.625,2.9375],"tintindex":0,"rotation":0,"texture":"#0"}},"rotation":{"origin":[10.0,8.0,8.0],"angle":-22.5,"axis":"z"}},{"from":[6.0,8.0,6.0],"to":[10.0,11.0,6.0],"faces":{"south":{"uv":[0.375,2.75,0.625,2.9375],"tintindex":0,"rotation":0,"texture":"#0"},"north":{"uv":[0.375,2.75,0.625,2.9375],"tintindex":0,"rotation":0,"texture":"#0"}},"rotation":{"origin":[8.0,8.0,6.0],"angle":-22.5,"axis":"x"}},{"from":[6.0,8.0,6.0],"to":[10.0,11.0,10.0],"faces":{"east":{"uv":[0.375,2.5625,0.625,2.75],"tintindex":0,"rotation":0,"texture":"#0"},"south":{"uv":[0.375,2.5625,0.625,2.75],"tintindex":0,"rotation":0,"texture":"#0"},"north":{"uv":[0.375,2.5625,0.625,2.75],"tintindex":0,"rotation":0,"texture":"#0"},"west":{"uv":[0.375,2.5625,0.625,2.75],"tintindex":0,"rotation":0,"texture":"#0"},"up":{"uv":[0.125,2.5625,0.375,2.8125],"tintindex":0,"rotation":0,"texture":"#0"},"down":{"uv":[0.125,2.8125,0.375,3.0625],"tintindex":0,"rotation":0,"texture":"#0"}}},{"from":[6.0,8.0,10.0],"to":[10.0,11.0,10.0],"faces":{"south":{"uv":[0.375,2.75,0.625,2.9375],"tintindex":0,"rotation":0,"texture":"#0"},"north":{"uv":[0.375,2.75,0.625,2.9375],"tintindex":0,"rotation":0,"texture":"#0"}},"rotation":{"origin":[8.0,8.0,10.0],"angle":22.5,"axis":"x"}},{"from":[6.0,8.0,6.0],"to":[6.0,11.0,10.0],"faces":{"east":{"uv":[0.375,2.75,0.625,2.9375],"tintindex":0,"rotation":0,"texture":"#0"},"west":{"uv":[0.375,2.75,0.625,2.9375],"tintindex":0,"rotation":0,"texture":"#0"}},"rotation":{"origin":[6.0,8.0,8.0],"angle":22.5,"axis":"z"}}],"display":{"gui":{"rotation":[30,225,0]}}}