{"textures":{"0":"modelengine:entity/pepper_stage"},"elements":[{"from":[9.0,13.5,3.0],"to":[9.0,21.5,13.0],"faces":{"east":{"uv":[1.125,2.0625,1.75,2.5625],"tintindex":0,"rotation":0,"texture":"#0"},"west":{"uv":[1.75,2.0625,1.125,2.5625],"tintindex":0,"rotation":0,"texture":"#0"}},"rotation":{"origin":[9.0,5.5,8.0],"angle":45.0,"axis":"z"}},{"from":[12.0,1.0,5.0],"to":[18.0,7.0,11.0],"faces":{"east":{"uv":[0.625,3.375,1.0,3.75],"tintindex":0,"rotation":270,"texture":"#0"},"south":{"uv":[0.625,3.0,1.0,3.375],"tintindex":0,"rotation":270,"texture":"#0"},"north":{"uv":[0.625,3.0,1.0,3.375],"tintindex":0,"rotation":90,"texture":"#0"},"west":{"uv":[0.625,3.375,1.0,3.75],"tintindex":0,"rotation":270,"texture":"#0"},"up":{"uv":[0.625,3.0,1.0,3.375],"tintindex":0,"rotation":270,"texture":"#0"},"down":{"uv":[0.625,3.0,1.0,3.375],"tintindex":0,"rotation":270,"texture":"#0"}}},{"from":[7.0,2.5,4.0],"to":[14.0,10.5,12.0],"faces":{"east":{"uv":[0.625,2.5,1.125,3.0],"tintindex":0,"rotation":270,"texture":"#0"},"south":{"uv":[0.625,2.0625,1.125,2.5],"tintindex":0,"rotation":270,"texture":"#0"},"north":{"uv":[0.625,2.0625,1.125,2.5],"tintindex":0,"rotation":90,"texture":"#0"},"west":{"uv":[0.625,2.5,1.125,3.0],"tintindex":0,"rotation":270,"texture":"#0"},"up":{"uv":[0.625,2.0625,1.125,2.5],"tintindex":0,"rotation":270,"texture":"#0"},"down":{"uv":[0.625,2.0625,1.125,2.5],"tintindex":0,"rotation":270,"texture":"#0"}},"rotation":{"origin":[7.0,6.5,8.0],"angle":-22.5,"axis":"z"}},{"from":[4.0,5.5,3.0],"to":[14.0,13.5,13.0],"faces":{"east":{"uv":[0.0,2.0625,0.625,2.5625],"tintindex":0,"rotation":0,"texture":"#0"},"south":{"uv":[0.0,2.0625,0.625,2.5625],"tintindex":0,"rotation":0,"texture":"#0"},"north":{"uv":[0.0,2.0625,0.625,2.5625],"tintindex":0,"rotation":0,"texture":"#0"},"west":{"uv":[0.0,2.0625,0.625,2.5625],"tintindex":0,"rotation":0,"texture":"#0"},"up":{"uv":[0.0,2.5625,0.625,3.1875],"tintindex":0,"rotation":0,"texture":"#0"},"down":{"uv":[0.0,3.1875,0.625,3.8125],"tintindex":0,"rotation":0,"texture":"#0"}},"rotation":{"origin":[9.0,5.5,8.0],"angle":45.0,"axis":"z"}},{"from":[-5.5,9.8,8.0],"to":[2.5,19.8,8.0],"faces":{"south":{"uv":[1.75,2.5625,1.125,3.0625],"tintindex":0,"rotation":270,"texture":"#0"},"north":{"uv":[1.125,2.5625,1.75,3.0625],"tintindex":0,"rotation":90,"texture":"#0"}}},{"from":[-6.8999996,15.4,3.0],"to":[1.0999999,15.4,13.0],"faces":{"up":{"uv":[1.125,3.0625,1.75,3.5625],"tintindex":0,"rotation":270,"texture":"#0"},"down":{"uv":[1.125,3.0625,1.75,3.5625],"tintindex":0,"rotation":270,"texture":"#0"}}},{"from":[4.0,13.5,8.0],"to":[14.0,21.5,8.0],"faces":{"south":{"uv":[1.75,2.0625,1.125,2.5625],"tintindex":0,"rotation":0,"texture":"#0"},"north":{"uv":[1.125,2.0625,1.75,2.5625],"tintindex":0,"rotation":0,"texture":"#0"}},"rotation":{"origin":[9.0,5.5,8.0],"angle":45.0,"axis":"z"}}],"display":{"gui":{"rotation":[30,225,0]}}}