{"textures":{"0":"modelengine:entity/turnip_stage"},"elements":[{"from":[6.5,9.0,6.5],"to":[9.5,11.0,9.5],"faces":{"east":{"uv":[0.1875,2.1875,0.375,2.3125],"tintindex":0,"rotation":0,"texture":"#0"},"south":{"uv":[0.375,2.1875,0.1875,2.3125],"tintindex":0,"rotation":0,"texture":"#0"},"north":{"uv":[0.375,2.1875,0.1875,2.3125],"tintindex":0,"rotation":0,"texture":"#0"},"west":{"uv":[0.1875,2.1875,0.375,2.3125],"tintindex":0,"rotation":0,"texture":"#0"},"up":{"uv":[0.0,2.1875,0.1875,2.375],"tintindex":0,"rotation":0,"texture":"#0"},"down":{"uv":[0.0,2.375,0.1875,2.5625],"tintindex":0,"rotation":0,"texture":"#0"}}},{"from":[5.5,11.0,8.0],"to":[10.5,15.0,8.0],"faces":{"south":{"uv":[0.0,1.875,0.3125,2.125],"tintindex":0,"rotation":0,"texture":"#0"},"north":{"uv":[0.3125,1.875,0.0,2.125],"tintindex":0,"rotation":0,"texture":"#0"}}},{"from":[8.0,11.0,5.5],"to":[8.0,15.0,10.5],"faces":{"east":{"uv":[0.3125,1.875,0.0,2.125],"tintindex":0,"rotation":0,"texture":"#0"},"west":{"uv":[0.0,1.875,0.3125,2.125],"tintindex":0,"rotation":0,"texture":"#0"}}},{"from":[7.0,8.0,7.0],"to":[9.0,9.0,9.0],"faces":{"east":{"uv":[0.5,1.875,0.625,1.9375],"tintindex":0,"rotation":0,"texture":"#0"},"south":{"uv":[0.625,1.875,0.5,1.9375],"tintindex":0,"rotation":0,"texture":"#0"},"north":{"uv":[0.625,1.875,0.5,1.9375],"tintindex":0,"rotation":0,"texture":"#0"},"west":{"uv":[0.5,1.875,0.625,1.9375],"tintindex":0,"rotation":0,"texture":"#0"},"up":{"uv":[0.375,1.875,0.5,2.0],"tintindex":0,"rotation":0,"texture":"#0"},"down":{"uv":[0.375,2.0,0.5,2.125],"tintindex":0,"rotation":0,"texture":"#0"}}}],"display":{"gui":{"rotation":[30,225,0]}}}