{
    "jackpot2.bonus": {
        "sounds": [
            "littleroom/jackpot2/bonus"
        ]
    },
    "jackpot2.double_win": {
        "sounds": [
            "littleroom/jackpot2/double_win"
        ]
    },
    "jackpot2.roller_stop": {
        "sounds": [
            "littleroom/jackpot2/roller_stop"
        ]
    },
    "jackpot2.song_loop": {
        "sounds": [
            "littleroom/jackpot2/song_loop"
        ]
    },
    "jackpot2.spin": {
        "sounds": [
            "littleroom/jackpot2/spin"
        ]
    },
    "jackpot2.creeper": {
        "sounds": [
            "littleroom/jackpot2/creeper"
        ]
    },
    "jackpot2.jackpot": {
        "sounds": [
            "littleroom/jackpot2/jackpot"
        ]
    }
}