{"textures":{"0":"modelengine:entity/rice_stage"},"elements":[{"from":[0.0,1.0,8.0],"to":[16.0,17.0,8.0],"faces":{"south":{"uv":[2.0,3.0,1.0,4.0],"tintindex":0,"rotation":0,"texture":"#0"},"north":{"uv":[2.0,3.0,1.0,4.0],"tintindex":0,"rotation":0,"texture":"#0"}},"rotation":{"origin":[8.0,1.0,8.0],"angle":45.0,"axis":"y"}},{"from":[0.0,1.0,8.0],"to":[16.0,17.0,8.0],"faces":{"south":{"uv":[1.0,3.0,0.0,4.0],"tintindex":0,"rotation":0,"texture":"#0"},"north":{"uv":[0.0,3.0,1.0,4.0],"tintindex":0,"rotation":0,"texture":"#0"}}},{"from":[0.0,1.0,8.0],"to":[16.0,17.0,8.0],"faces":{"south":{"uv":[1.0,3.0,2.0,4.0],"tintindex":0,"rotation":0,"texture":"#0"},"north":{"uv":[1.0,3.0,2.0,4.0],"tintindex":0,"rotation":0,"texture":"#0"}},"rotation":{"origin":[8.0,1.0,8.0],"angle":-45.0,"axis":"y"}},{"from":[8.0,1.0,0.0],"to":[8.0,17.0,16.0],"faces":{"east":{"uv":[0.0,3.0,1.0,4.0],"tintindex":0,"rotation":0,"texture":"#0"},"west":{"uv":[1.0,3.0,0.0,4.0],"tintindex":0,"rotation":0,"texture":"#0"}}}],"display":{"gui":{"rotation":[30,225,0]}}}