{
	"credit": "Made with Blockbench",
	"texture_size": [128, 128],
	"textures": {
		"1": "modelengine:entity/succubus_boss"
	},
	"elements": [
		{
			"from": [6, 12, 3],
			"to": [8, 14, 6],
			"rotation": {"angle": 0, "axis": "y", "origin": [7, 12, 5]},
			"faces": {
				"north": {"uv": [7.5, 4.5, 7.25, 4.75], "texture": "#1"},
				"east": {"uv": [8.625, 1.5, 8.25, 1.75], "texture": "#1"},
				"south": {"uv": [8.625, 0.625, 8.375, 0.875], "texture": "#1"},
				"west": {"uv": [0.875, 6.375, 0.5, 6.625], "texture": "#1"},
				"up": {"uv": [8.25, 4.25, 8.5, 3.875], "texture": "#1"},
				"down": {"uv": [8.25, 6.25, 8.5, 6.625], "texture": "#1"}
			}
		},
		{
			"from": [5, 11, -3],
			"to": [9, 15, 3],
			"rotation": {"angle": 0, "axis": "y", "origin": [7, 12, 2]},
			"faces": {
				"north": {"uv": [5.75, 2.25, 5.25, 2.75], "texture": "#1"},
				"east": {"uv": [7.5, 3.5, 6.75, 4], "texture": "#1"},
				"south": {"uv": [6.5, 7.125, 6, 7.625], "texture": "#1"},
				"west": {"uv": [7.5, 3, 6.75, 3.5], "texture": "#1"},
				"up": {"uv": [6.75, 4.75, 7.25, 4], "texture": "#1"},
				"down": {"uv": [4.375, 6.875, 4.875, 7.625], "texture": "#1"}
			}
		},
		{
			"from": [5.5, 12.9155, -5.37014],
			"to": [8.5, 19.9155, -2.37014],
			"rotation": {"angle": -22.5, "axis": "x", "origin": [6.5, 17.9155, 0.62986]},
			"faces": {
				"north": {"uv": [2.25, 7.125, 1.875, 8], "texture": "#1"},
				"east": {"uv": [6, 7.125, 5.625, 8], "texture": "#1"},
				"south": {"uv": [5.625, 7.125, 5.25, 8], "texture": "#1"},
				"west": {"uv": [2.625, 7.125, 2.25, 8], "texture": "#1"},
				"up": {"uv": [2.75, 7, 3.125, 6.625], "texture": "#1"},
				"down": {"uv": [3.625, 8.125, 4, 8.5], "texture": "#1"}
			}
		},
		{
			"from": [6, 16.49999, -2.4864],
			"to": [8, 18.49999, -0.4864],
			"rotation": {"angle": -22.5, "axis": "x", "origin": [7, 17.49999, -2.9864]},
			"faces": {
				"north": {"uv": [1, 8.375, 0.75, 8.625], "texture": "#1"},
				"east": {"uv": [1.5, 8.375, 1.25, 8.625], "texture": "#1"},
				"south": {"uv": [1.25, 8.375, 1, 8.625], "texture": "#1"},
				"west": {"uv": [8.625, 0.875, 8.375, 1.125], "texture": "#1"},
				"up": {"uv": [1.5, 8.625, 1.75, 8.375], "texture": "#1"},
				"down": {"uv": [8.375, 2.25, 8.625, 2.5], "texture": "#1"}
			}
		},
		{
			"from": [10, 12, 8],
			"to": [13, 14, 10],
			"rotation": {"angle": 0, "axis": "y", "origin": [11, 12, 9]},
			"faces": {
				"north": {"uv": [0.875, 6.375, 0.5, 6.625], "texture": "#1"},
				"east": {"uv": [7.5, 4.5, 7.25, 4.75], "texture": "#1"},
				"south": {"uv": [8.625, 1.5, 8.25, 1.75], "texture": "#1"},
				"west": {"uv": [8.625, 0.625, 8.375, 0.875], "texture": "#1"},
				"up": {"uv": [8.25, 4.25, 8.5, 3.875], "rotation": 90, "texture": "#1"},
				"down": {"uv": [8.25, 6.25, 8.5, 6.625], "rotation": 270, "texture": "#1"}
			}
		},
		{
			"from": [13, 11, 7],
			"to": [19, 15, 11],
			"rotation": {"angle": 0, "axis": "y", "origin": [14, 12, 9]},
			"faces": {
				"north": {"uv": [7.5, 3, 6.75, 3.5], "texture": "#1"},
				"east": {"uv": [5.75, 2.25, 5.25, 2.75], "texture": "#1"},
				"south": {"uv": [7.5, 3.5, 6.75, 4], "texture": "#1"},
				"west": {"uv": [6.5, 7.125, 6, 7.625], "texture": "#1"},
				"up": {"uv": [6.75, 4.75, 7.25, 4], "rotation": 90, "texture": "#1"},
				"down": {"uv": [4.375, 6.875, 4.875, 7.625], "rotation": 270, "texture": "#1"}
			}
		},
		{
			"from": [18.37014, 12.9155, 7.5],
			"to": [21.37014, 19.9155, 10.5],
			"rotation": {"angle": -22.5, "axis": "z", "origin": [15.37014, 17.9155, 8.5]},
			"faces": {
				"north": {"uv": [2.625, 7.125, 2.25, 8], "texture": "#1"},
				"east": {"uv": [2.25, 7.125, 1.875, 8], "texture": "#1"},
				"south": {"uv": [6, 7.125, 5.625, 8], "texture": "#1"},
				"west": {"uv": [5.625, 7.125, 5.25, 8], "texture": "#1"},
				"up": {"uv": [2.75, 7, 3.125, 6.625], "rotation": 90, "texture": "#1"},
				"down": {"uv": [3.625, 8.125, 4, 8.5], "rotation": 270, "texture": "#1"}
			}
		},
		{
			"from": [16.4864, 16.49999, 8],
			"to": [18.4864, 18.49999, 10],
			"rotation": {"angle": -22.5, "axis": "z", "origin": [18.9864, 17.49999, 9]},
			"faces": {
				"north": {"uv": [8.625, 0.875, 8.375, 1.125], "texture": "#1"},
				"east": {"uv": [1, 8.375, 0.75, 8.625], "texture": "#1"},
				"south": {"uv": [1.5, 8.375, 1.25, 8.625], "texture": "#1"},
				"west": {"uv": [1.25, 8.375, 1, 8.625], "texture": "#1"},
				"up": {"uv": [1.5, 8.625, 1.75, 8.375], "rotation": 90, "texture": "#1"},
				"down": {"uv": [8.375, 2.25, 8.625, 2.5], "rotation": 270, "texture": "#1"}
			}
		}
	],
	"gui_light": "front",
	"display": {
		"thirdperson_righthand": {
			"rotation": [0, 39, 0],
			"translation": [-0.25, -3, 3.5],
			"scale": [0.6, 0.6, 0.6]
		},
		"thirdperson_lefthand": {
			"rotation": [0, 39, 0],
			"translation": [-0.25, -3, 3.5],
			"scale": [0.6, 0.6, 0.6]
		},
		"firstperson_righthand": {
			"rotation": [0, 39, 0],
			"translation": [-0.25, -3, 3.5],
			"scale": [0.6, 0.6, 0.6]
		},
		"firstperson_lefthand": {
			"rotation": [0, 39, 0],
			"translation": [-0.25, -3, 3.5],
			"scale": [0.6, 0.6, 0.6]
		},
		"ground": {
			"rotation": [27, 0, 0],
			"scale": [0.6, 0.6, 0.6]
		},
		"gui": {
			"rotation": [36, 43, 0],
			"translation": [0, -4.75, 0],
			"scale": [0.6, 0.6, 0.6]
		},
		"head": {
			"rotation": [22, 44, 0],
			"translation": [-0.25, -4, -6],
			"scale": [1.4, 1.4, 1.4]
		},
		"fixed": {
			"rotation": [0, 45, 0],
			"translation": [0, -4, 3],
			"scale": [1.4, 1.4, 1.4]
		}
	},
	"groups": [
		{
			"name": "h_horn2",
			"origin": [6, 19.99999, 4.0136],
			"color": 0,
			"children": [0, 1, 2, 3]
		},
		{
			"name": "h_horn2",
			"origin": [6, 19.99999, 4.0136],
			"color": 0,
			"children": [4, 5, 6, 7]
		}
	]
}