{"textures":{"0":"modelengine:entity/ancient_golem"},"elements":[{"from":[5.5712376,14.835499,18.487404],"to":[21.571238,17.835503,18.487404],"faces":{"south":{"uv":[9.3125,0.0,8.3125,0.1875],"tintindex":0,"rotation":0,"texture":"#0"},"north":{"uv":[9.3125,0.0,8.3125,0.1875],"tintindex":0,"rotation":0,"texture":"#0"}},"rotation":{"origin":[0.5712371,16.085499,6.4874034],"angle":45.0,"axis":"y"}},{"from":[-14.474831,1.0,1.0045528],"to":[1.5251689,15.0,10.004553],"faces":{"east":{"uv":[7.125,6.5,6.5625,7.375],"tintindex":0,"rotation":0,"texture":"#0"},"south":{"uv":[5.5,4.625,4.5,5.5],"tintindex":0,"rotation":0,"texture":"#0"},"north":{"uv":[5.75,2.625,4.75,3.5],"tintindex":0,"rotation":0,"texture":"#0"},"west":{"uv":[7.125,5.625,6.5625,6.5],"tintindex":0,"rotation":0,"texture":"#0"},"up":{"uv":[2.6875,6.1875,2.125,7.1875],"tintindex":0,"rotation":90,"texture":"#0"},"down":{"uv":[6.8125,1.5,6.25,0.5],"tintindex":0,"rotation":270,"texture":"#0"}},"rotation":{"origin":[-6.4748316,8.0,3.5045528],"angle":-22.5,"axis":"y"}},{"from":[-1.5712376,1.0,3.571237],"to":[14.428762,15.0,12.571238],"faces":{"east":{"uv":[1.125,6.4375,1.6875,7.3125],"tintindex":0,"rotation":0,"texture":"#0"},"south":{"uv":[4.5,3.75,5.5,4.625],"tintindex":0,"rotation":0,"texture":"#0"},"north":{"uv":[4.625,0.0,5.625,0.875],"tintindex":0,"rotation":0,"texture":"#0"},"west":{"uv":[6.4375,4.75,7.0,5.625],"tintindex":0,"rotation":0,"texture":"#0"},"up":{"uv":[0.5625,7.1875,0.0,6.1875],"tintindex":0,"rotation":90,"texture":"#0"},"down":{"uv":[1.125,6.1875,0.5625,7.1875],"tintindex":0,"rotation":270,"texture":"#0"}}},{"from":[17.332355,7.0,10.004553],"to":[22.332357,15.0,22.004553],"faces":{"east":{"uv":[7.0,3.5,7.75,4.0],"tintindex":0,"rotation":0,"texture":"#0"},"south":{"uv":[2.625,7.6875,2.9375,8.1875],"tintindex":0,"rotation":0,"texture":"#0"},"north":{"uv":[3.375,7.6875,3.6875,8.1875],"tintindex":0,"rotation":0,"texture":"#0"},"west":{"uv":[7.0,4.0,7.75,4.5],"tintindex":0,"rotation":0,"texture":"#0"},"up":{"uv":[7.5625,1.375,6.8125,1.0625],"tintindex":0,"rotation":90,"texture":"#0"},"down":{"uv":[7.75,2.625,7.0,2.9375],"tintindex":0,"rotation":270,"texture":"#0"}},"rotation":{"origin":[19.332355,8.0,3.5045528],"angle":22.5,"axis":"y"}},{"from":[11.332356,1.0,1.0045528],"to":[27.332357,15.0,10.004553],"faces":{"east":{"uv":[6.5625,5.625,7.125,6.5],"tintindex":0,"rotation":0,"texture":"#0"},"south":{"uv":[4.5,4.625,5.5,5.5],"tintindex":0,"rotation":0,"texture":"#0"},"north":{"uv":[4.75,2.625,5.75,3.5],"tintindex":0,"rotation":0,"texture":"#0"},"west":{"uv":[6.5625,6.5,7.125,7.375],"tintindex":0,"rotation":0,"texture":"#0"},"up":{"uv":[2.6875,7.1875,2.125,6.1875],"tintindex":0,"rotation":90,"texture":"#0"},"down":{"uv":[6.8125,0.5,6.25,1.5],"tintindex":0,"rotation":270,"texture":"#0"}},"rotation":{"origin":[19.332355,8.0,3.5045528],"angle":22.5,"axis":"y"}},{"from":[-9.474831,7.0,10.004553],"to":[-4.4748316,15.0,22.004553],"faces":{"east":{"uv":[7.75,4.0,7.0,4.5],"tintindex":0,"rotation":0,"texture":"#0"},"south":{"uv":[2.9375,7.6875,2.625,8.1875],"tintindex":0,"rotation":0,"texture":"#0"},"north":{"uv":[3.6875,7.6875,3.375,8.1875],"tintindex":0,"rotation":0,"texture":"#0"},"west":{"uv":[7.75,3.5,7.0,4.0],"tintindex":0,"rotation":0,"texture":"#0"},"up":{"uv":[7.5625,1.0625,6.8125,1.375],"tintindex":0,"rotation":90,"texture":"#0"},"down":{"uv":[7.75,2.9375,7.0,2.625],"tintindex":0,"rotation":270,"texture":"#0"}},"rotation":{"origin":[-6.4748316,8.0,3.5045528],"angle":-22.5,"axis":"y"}}],"display":{"gui":{"rotation":[30,225,0]}}}