{"textures":{"0":"modelengine:entity/ancient_golem"},"elements":[{"from":[8.0,-9.0,-2.0],"to":[8.0,15.0,15.0],"faces":{"east":{"uv":[16.0,0.0,14.9375,1.5],"tintindex":0,"rotation":0,"texture":"#0"},"west":{"uv":[14.9375,0.0,16.0,1.5],"tintindex":0,"rotation":0,"texture":"#0"}}},{"from":[1.0,-3.0,3.0],"to":[8.0,-3.0,8.0],"faces":{"up":{"uv":[12.0625,1.875,11.75,2.3125],"tintindex":0,"rotation":90,"texture":"#0"},"down":{"uv":[12.0625,1.875,11.75,2.3125],"tintindex":0,"rotation":270,"texture":"#0"}},"rotation":{"origin":[8.0,-3.0,5.5],"angle":45.0,"axis":"z"}},{"from":[4.0,1.0,-4.0],"to":[12.0,15.0,6.0],"faces":{"east":{"uv":[6.25,3.0,6.875,3.875],"tintindex":0,"rotation":0,"texture":"#0"},"south":{"uv":[3.5625,6.8125,4.0625,7.6875],"tintindex":0,"rotation":0,"texture":"#0"},"north":{"uv":[4.0625,6.8125,4.5625,7.6875],"tintindex":0,"rotation":0,"texture":"#0"},"west":{"uv":[6.375,3.875,7.0,4.75],"tintindex":0,"rotation":0,"texture":"#0"},"up":{"uv":[2.3125,7.6875,1.6875,7.1875],"tintindex":0,"rotation":90,"texture":"#0"},"down":{"uv":[2.9375,7.1875,2.3125,7.6875],"tintindex":0,"rotation":270,"texture":"#0"}}},{"from":[4.5828424,3.9399757,3.0],"to":[11.582843,3.9399757,8.0],"faces":{"up":{"uv":[12.0625,1.875,11.75,2.3125],"tintindex":0,"rotation":90,"texture":"#0"},"down":{"uv":[12.0625,1.875,11.75,2.3125],"tintindex":0,"rotation":270,"texture":"#0"}},"rotation":{"origin":[8.0,-3.0,5.5],"angle":45.0,"axis":"z"}}],"display":{"gui":{"rotation":[30,225,0]}}}