{"textures":{"0":"modelengine:entity/ancient_golem"},"elements":[{"from":[1.0,0.48755264,-1.4287624],"to":[15.0,9.487553,9.571238],"faces":{"east":{"uv":[3.5,1.0,4.1875,1.5625],"tintindex":0,"rotation":0,"texture":"#0"},"south":{"uv":[6.75,1.5,7.625,2.0625],"tintindex":0,"rotation":0,"texture":"#0"},"north":{"uv":[6.8125,0.5,7.6875,1.0625],"tintindex":0,"rotation":0,"texture":"#0"},"west":{"uv":[7.0,2.0625,7.6875,2.625],"tintindex":0,"rotation":0,"texture":"#0"},"up":{"uv":[5.875,6.9375,5.1875,6.0625],"tintindex":0,"rotation":90,"texture":"#0"},"down":{"uv":[6.5625,6.0625,5.875,6.9375],"tintindex":0,"rotation":270,"texture":"#0"}},"rotation":{"origin":[8.0,16.487553,-0.42876244],"angle":-22.5,"axis":"x"}},{"from":[5.0,3.4875526,9.571238],"to":[11.0,9.487553,16.571238],"faces":{"east":{"uv":[6.25,1.5,6.6875,1.875],"tintindex":0,"rotation":0,"texture":"#0"},"south":{"uv":[2.6875,6.75,3.0625,7.125],"tintindex":0,"rotation":0,"texture":"#0"},"north":{"uv":[7.75,0.0,8.125,0.375],"tintindex":0,"rotation":0,"texture":"#0"},"west":{"uv":[7.6875,0.5,8.125,0.875],"tintindex":0,"rotation":0,"texture":"#0"},"up":{"uv":[8.125,2.4375,7.6875,2.0625],"tintindex":0,"rotation":90,"texture":"#0"},"down":{"uv":[2.625,7.6875,2.1875,8.0625],"tintindex":0,"rotation":270,"texture":"#0"}},"rotation":{"origin":[8.0,16.487553,-0.42876244],"angle":-22.5,"axis":"x"}}],"display":{"gui":{"rotation":[30,225,0]}}}