{"textures":{"0":"modelengine:entity/ancient_golem"},"elements":[{"from":[3.0356178,1.5,4.535619],"to":[9.035619,5.5,11.535619],"faces":{"east":{"uv":[6.3125,6.9375,5.4375,7.4375],"tintindex":0,"rotation":0,"texture":"#0"},"south":{"uv":[7.875,6.0,7.125,6.5],"tintindex":0,"rotation":0,"texture":"#0"},"north":{"uv":[7.875,6.5,7.125,7.0],"tintindex":0,"rotation":0,"texture":"#0"},"west":{"uv":[5.4375,6.9375,4.5625,7.4375],"tintindex":0,"rotation":0,"texture":"#0"},"up":{"uv":[6.375,4.5625,5.5,5.3125],"tintindex":0,"rotation":90,"texture":"#0"},"down":{"uv":[6.4375,6.0625,5.5625,5.3125],"tintindex":0,"rotation":270,"texture":"#0"}}},{"from":[4.035618,-5.5,-1.4643812],"to":[10.535619,7.5,8.535619],"faces":{"east":{"uv":[2.5,0.0,1.25,1.625],"tintindex":0,"rotation":0,"texture":"#0"},"south":{"uv":[1.8125,2.75,1.0,4.375],"tintindex":0,"rotation":0,"texture":"#0"},"north":{"uv":[2.625,2.75,1.8125,4.375],"tintindex":0,"rotation":0,"texture":"#0"},"west":{"uv":[1.25,0.0,0.0,1.625],"tintindex":0,"rotation":0,"texture":"#0"},"up":{"uv":[5.5,1.0,4.25,1.8125],"tintindex":0,"rotation":90,"texture":"#0"},"down":{"uv":[5.5,2.625,4.25,1.8125],"tintindex":0,"rotation":270,"texture":"#0"}}},{"from":[9.535619,-9.5,-2.9643812],"to":[12.035619,-4.5,0.5356188],"faces":{"east":{"uv":[6.3125,7.4375,5.875,8.0625],"tintindex":0,"rotation":0,"texture":"#0"},"south":{"uv":[1.875,7.6875,1.5625,8.3125],"tintindex":0,"rotation":0,"texture":"#0"},"north":{"uv":[2.1875,7.6875,1.875,8.3125],"tintindex":0,"rotation":0,"texture":"#0"},"west":{"uv":[5.875,7.4375,5.4375,8.0625],"tintindex":0,"rotation":0,"texture":"#0"},"up":{"uv":[8.1875,4.0,7.75,4.3125],"tintindex":0,"rotation":90,"texture":"#0"},"down":{"uv":[1.1875,8.1875,0.75,7.875],"tintindex":0,"rotation":270,"texture":"#0"}},"rotation":{"origin":[10.785619,-5.5,0.7856188],"angle":45.0,"axis":"x"}},{"from":[2.5356178,-6.5,-1.4643812],"to":[6.535619,-2.0,8.535619],"faces":{"east":{"uv":[5.5625,5.5,4.3125,6.0625],"tintindex":0,"rotation":0,"texture":"#0"},"south":{"uv":[1.0625,7.1875,0.5625,7.75],"tintindex":0,"rotation":0,"texture":"#0"},"north":{"uv":[1.5625,7.3125,1.0625,7.875],"tintindex":0,"rotation":0,"texture":"#0"},"west":{"uv":[6.75,1.9375,5.5,2.5],"tintindex":0,"rotation":0,"texture":"#0"},"up":{"uv":[6.875,0.0,5.625,0.5],"tintindex":0,"rotation":90,"texture":"#0"},"down":{"uv":[7.0,3.0,5.75,2.5],"tintindex":0,"rotation":270,"texture":"#0"}}}],"display":{"gui":{"rotation":[30,225,0]}}}