{"textures":{"0":"modelengine:entity/ancient_golem"},"elements":[{"from":[3.833334,3.333334,2.1666665],"to":[11.833334,11.333334,7.1666665],"faces":{"east":{"uv":[4.3125,7.6875,4.0,8.1875],"tintindex":0,"rotation":0,"texture":"#0"},"south":{"uv":[6.25,3.0,5.75,3.5],"tintindex":0,"rotation":0,"texture":"#0"},"north":{"uv":[8.0,4.5,7.5,5.0],"tintindex":0,"rotation":0,"texture":"#0"},"west":{"uv":[4.0,7.6875,3.6875,8.1875],"tintindex":0,"rotation":0,"texture":"#0"},"up":{"uv":[8.0,7.0,7.6875,7.5],"tintindex":0,"rotation":90,"texture":"#0"},"down":{"uv":[0.3125,8.25,0.0,7.75],"tintindex":0,"rotation":270,"texture":"#0"}}},{"from":[1.833334,-10.666666,4.1666665],"to":[13.833334,6.333334,17.166666],"faces":{"east":{"uv":[3.0625,5.125,2.25,6.1875],"tintindex":0,"rotation":0,"texture":"#0"},"south":{"uv":[6.25,0.875,5.5,1.9375],"tintindex":0,"rotation":0,"texture":"#0"},"north":{"uv":[6.25,3.5,5.5,4.5625],"tintindex":0,"rotation":0,"texture":"#0"},"west":{"uv":[4.3125,5.0,3.5,6.0625],"tintindex":0,"rotation":0,"texture":"#0"},"up":{"uv":[4.375,6.0625,3.5625,6.8125],"tintindex":0,"rotation":90,"texture":"#0"},"down":{"uv":[5.1875,6.8125,4.375,6.0625],"tintindex":0,"rotation":270,"texture":"#0"}}},{"from":[4.833334,-10.666666,1.166667],"to":[11.833334,-5.666666,4.1666665],"faces":{"east":{"uv":[3.5625,7.3125,3.375,7.625],"tintindex":0,"rotation":0,"texture":"#0"},"south":{"uv":[0.75,7.75,0.3125,8.0625],"tintindex":0,"rotation":0,"texture":"#0"},"north":{"uv":[8.1875,2.4375,7.75,2.75],"tintindex":0,"rotation":0,"texture":"#0"},"west":{"uv":[6.5,6.9375,6.3125,7.25],"tintindex":0,"rotation":0,"texture":"#0"},"up":{"uv":[4.5,5.0,4.3125,5.4375],"tintindex":0,"rotation":90,"texture":"#0"},"down":{"uv":[6.9375,2.5,6.75,2.0625],"tintindex":0,"rotation":270,"texture":"#0"}}}],"display":{"gui":{"rotation":[30,225,0]}}}