{"textures":{"0":"modelengine:entity/ancient_golem"},"elements":[{"from":[7.0983467,-1.6161165,4.5000005],"to":[12.098347,8.383883,11.5],"faces":{"east":{"uv":[6.75,7.375,6.3125,8.0],"tintindex":0,"rotation":0,"texture":"#0"},"south":{"uv":[7.9375,1.4375,7.625,2.0625],"tintindex":0,"rotation":0,"texture":"#0"},"north":{"uv":[7.9375,5.0,7.625,5.625],"tintindex":0,"rotation":0,"texture":"#0"},"west":{"uv":[3.375,7.3125,2.9375,7.9375],"tintindex":0,"rotation":0,"texture":"#0"},"up":{"uv":[8.1875,2.75,7.75,3.0625],"tintindex":0,"rotation":90,"texture":"#0"},"down":{"uv":[8.1875,3.375,7.75,3.0625],"tintindex":0,"rotation":270,"texture":"#0"}}},{"from":[7.4016495,-5.8838835,4.5000005],"to":[17.40165,-0.8838835,11.5],"faces":{"east":{"uv":[8.1875,3.6875,7.75,4.0],"tintindex":0,"rotation":0,"texture":"#0"},"south":{"uv":[8.25,5.625,7.625,5.9375],"tintindex":0,"rotation":0,"texture":"#0"},"north":{"uv":[8.25,7.5625,7.625,7.875],"tintindex":0,"rotation":0,"texture":"#0"},"west":{"uv":[8.1875,3.375,7.75,3.6875],"tintindex":0,"rotation":0,"texture":"#0"},"up":{"uv":[5.0,7.4375,4.5625,8.0625],"tintindex":0,"rotation":90,"texture":"#0"},"down":{"uv":[5.4375,8.0625,5.0,7.4375],"tintindex":0,"rotation":270,"texture":"#0"}},"rotation":{"origin":[12.401649,-3.3838835,8.0],"angle":-45.0,"axis":"z"}}],"display":{"gui":{"rotation":[30,225,0]}}}