{"textures":{"0":"modelengine:entity/ancient_golem"},"elements":[{"from":[-8.428764,4.0,3.5712376],"to":[-0.42876244,24.0,17.571238],"faces":{"east":{"uv":[3.5,3.875,2.625,5.125],"tintindex":0,"rotation":0,"texture":"#0"},"south":{"uv":[2.125,5.1875,1.625,6.4375],"tintindex":0,"rotation":0,"texture":"#0"},"north":{"uv":[3.5625,6.0625,3.0625,7.3125],"tintindex":0,"rotation":0,"texture":"#0"},"west":{"uv":[4.5,3.75,3.625,5.0],"tintindex":0,"rotation":0,"texture":"#0"},"up":{"uv":[7.75,0.0,6.875,0.5],"tintindex":0,"rotation":90,"texture":"#0"},"down":{"uv":[7.75,3.5,6.875,3.0],"tintindex":0,"rotation":270,"texture":"#0"}}},{"from":[-7.5396767,4.0,14.717684],"to":[-1.5396748,13.0,23.717684],"faces":{"east":{"uv":[0.0,7.1875,0.5625,7.75],"tintindex":0,"rotation":0,"texture":"#0"},"south":{"uv":[2.6875,6.1875,3.0625,6.75],"tintindex":0,"rotation":0,"texture":"#0"},"north":{"uv":[2.25,4.375,2.625,4.9375],"tintindex":0,"rotation":0,"texture":"#0"},"west":{"uv":[7.125,7.0,7.6875,7.5625],"tintindex":0,"rotation":0,"texture":"#0"},"up":{"uv":[5.625,0.5,6.1875,0.875],"tintindex":0,"rotation":90,"texture":"#0"},"down":{"uv":[7.5625,1.4375,8.125,1.0625],"tintindex":0,"rotation":270,"texture":"#0"}},"rotation":{"origin":[-4.5396767,8.5,17.217684],"angle":45.0,"axis":"y"}},{"from":[-6.4287643,-4.0,1.5712376],"to":[6.5712376,12.0,19.571238],"faces":{"east":{"uv":[4.75,2.75,3.625,3.75],"tintindex":0,"rotation":0,"texture":"#0"},"south":{"uv":[0.8125,5.1875,0.0,6.1875],"tintindex":0,"rotation":0,"texture":"#0"},"north":{"uv":[1.625,5.1875,0.8125,6.1875],"tintindex":0,"rotation":0,"texture":"#0"},"west":{"uv":[4.625,0.0,3.5,1.0],"tintindex":0,"rotation":0,"texture":"#0"},"up":{"uv":[1.125,4.375,0.0,5.1875],"tintindex":0,"rotation":90,"texture":"#0"},"down":{"uv":[2.25,5.1875,1.125,4.375],"tintindex":0,"rotation":270,"texture":"#0"}}},{"from":[6.5712376,-8.0,11.571238],"to":[25.571238,8.0,11.571238],"faces":{"south":{"uv":[11.0,0.0,9.8125,1.0],"tintindex":0,"rotation":0,"texture":"#0"},"north":{"uv":[9.8125,0.0,11.0,1.0],"tintindex":0,"rotation":0,"texture":"#0"}}},{"from":[11.477724,-10.129276,8.412797],"to":[16.477724,-3.1292763,8.412797],"faces":{"south":{"uv":[12.0625,1.875,11.75,2.3125],"tintindex":0,"rotation":180,"texture":"#0"},"north":{"uv":[12.0625,1.875,11.75,2.3125],"tintindex":0,"rotation":0,"texture":"#0"}},"rotation":{"origin":[13.977724,-6.6292763,10.412797],"angle":45.0,"axis":"x"}},{"from":[-7.5396767,4.0,-2.5752087],"to":[-1.5396748,13.0,6.4247904],"faces":{"east":{"uv":[0.5625,7.1875,0.0,7.75],"tintindex":0,"rotation":0,"texture":"#0"},"south":{"uv":[2.625,4.375,2.25,4.9375],"tintindex":0,"rotation":0,"texture":"#0"},"north":{"uv":[3.0625,6.1875,2.6875,6.75],"tintindex":0,"rotation":0,"texture":"#0"},"west":{"uv":[7.6875,7.0,7.125,7.5625],"tintindex":0,"rotation":0,"texture":"#0"},"up":{"uv":[6.1875,0.5,5.625,0.875],"tintindex":0,"rotation":90,"texture":"#0"},"down":{"uv":[8.125,1.4375,7.5625,1.0625],"tintindex":0,"rotation":270,"texture":"#0"}},"rotation":{"origin":[-4.5396767,8.5,3.9247904],"angle":-45.0,"axis":"y"}}],"display":{"gui":{"rotation":[30,225,0]}}}