{"textures":{"0":"modelengine:entity/ancient_golem"},"elements":[{"from":[2.1666665,-10.666666,4.1666665],"to":[14.166666,6.333334,17.166666],"faces":{"east":{"uv":[3.5,5.0,4.3125,6.0625],"tintindex":0,"rotation":0,"texture":"#0"},"south":{"uv":[5.5,0.875,6.25,1.9375],"tintindex":0,"rotation":0,"texture":"#0"},"north":{"uv":[5.5,3.5,6.25,4.5625],"tintindex":0,"rotation":0,"texture":"#0"},"west":{"uv":[2.25,5.125,3.0625,6.1875],"tintindex":0,"rotation":0,"texture":"#0"},"up":{"uv":[4.375,6.8125,3.5625,6.0625],"tintindex":0,"rotation":90,"texture":"#0"},"down":{"uv":[5.1875,6.0625,4.375,6.8125],"tintindex":0,"rotation":270,"texture":"#0"}}},{"from":[4.1666665,3.333334,2.1666665],"to":[12.166666,11.333334,7.1666665],"faces":{"east":{"uv":[3.6875,7.6875,4.0,8.1875],"tintindex":0,"rotation":0,"texture":"#0"},"south":{"uv":[5.75,3.0,6.25,3.5],"tintindex":0,"rotation":0,"texture":"#0"},"north":{"uv":[7.5,4.5,8.0,5.0],"tintindex":0,"rotation":0,"texture":"#0"},"west":{"uv":[4.0,7.6875,4.3125,8.1875],"tintindex":0,"rotation":0,"texture":"#0"},"up":{"uv":[8.0,7.5,7.6875,7.0],"tintindex":0,"rotation":90,"texture":"#0"},"down":{"uv":[0.3125,7.75,0.0,8.25],"tintindex":0,"rotation":270,"texture":"#0"}}},{"from":[4.1666665,-10.666666,1.166667],"to":[11.166666,-5.666666,4.1666665],"faces":{"east":{"uv":[6.3125,6.9375,6.5,7.25],"tintindex":0,"rotation":0,"texture":"#0"},"south":{"uv":[0.3125,7.75,0.75,8.0625],"tintindex":0,"rotation":0,"texture":"#0"},"north":{"uv":[7.75,2.4375,8.1875,2.75],"tintindex":0,"rotation":0,"texture":"#0"},"west":{"uv":[3.375,7.3125,3.5625,7.625],"tintindex":0,"rotation":0,"texture":"#0"},"up":{"uv":[4.5,5.4375,4.3125,5.0],"tintindex":0,"rotation":90,"texture":"#0"},"down":{"uv":[6.9375,2.0625,6.75,2.5],"tintindex":0,"rotation":270,"texture":"#0"}}}],"display":{"gui":{"rotation":[30,225,0]}}}