{"textures":{"0":"modelengine:entity/ancient_golem"},"elements":[{"from":[-1.4016495,-5.8838835,4.5],"to":[8.598351,-0.8838835,11.5],"faces":{"east":{"uv":[7.75,3.375,8.1875,3.6875],"tintindex":0,"rotation":0,"texture":"#0"},"south":{"uv":[7.625,5.625,8.25,5.9375],"tintindex":0,"rotation":0,"texture":"#0"},"north":{"uv":[7.625,7.5625,8.25,7.875],"tintindex":0,"rotation":0,"texture":"#0"},"west":{"uv":[7.75,3.6875,8.1875,4.0],"tintindex":0,"rotation":0,"texture":"#0"},"up":{"uv":[5.0,8.0625,4.5625,7.4375],"tintindex":0,"rotation":90,"texture":"#0"},"down":{"uv":[5.4375,7.4375,5.0,8.0625],"tintindex":0,"rotation":270,"texture":"#0"}},"rotation":{"origin":[3.5983505,-3.3838835,8.0],"angle":45.0,"axis":"z"}},{"from":[3.9016533,-1.6161165,4.5],"to":[8.901653,8.383883,11.5],"faces":{"east":{"uv":[2.9375,7.3125,3.375,7.9375],"tintindex":0,"rotation":0,"texture":"#0"},"south":{"uv":[7.625,1.4375,7.9375,2.0625],"tintindex":0,"rotation":0,"texture":"#0"},"north":{"uv":[7.625,5.0,7.9375,5.625],"tintindex":0,"rotation":0,"texture":"#0"},"west":{"uv":[6.3125,7.375,6.75,8.0],"tintindex":0,"rotation":0,"texture":"#0"},"up":{"uv":[8.1875,3.0625,7.75,2.75],"tintindex":0,"rotation":90,"texture":"#0"},"down":{"uv":[8.1875,3.0625,7.75,3.375],"tintindex":0,"rotation":270,"texture":"#0"}}}],"display":{"gui":{"rotation":[30,225,0]}}}