{"textures":{"0":"modelengine:entity/ancient_golem"},"elements":[{"from":[4.0000005,-4.0,4.5],"to":[12.0,8.0,11.5],"faces":{"east":{"uv":[3.0625,5.125,3.5,5.875],"tintindex":0,"rotation":0,"texture":"#0"},"south":{"uv":[7.0,4.5,7.5,5.25],"tintindex":0,"rotation":0,"texture":"#0"},"north":{"uv":[7.125,5.25,7.625,6.0],"tintindex":0,"rotation":0,"texture":"#0"},"west":{"uv":[1.6875,6.4375,2.125,7.1875],"tintindex":0,"rotation":0,"texture":"#0"},"up":{"uv":[7.1875,8.0625,6.75,7.5625],"tintindex":0,"rotation":90,"texture":"#0"},"down":{"uv":[7.625,7.5625,7.1875,8.0625],"tintindex":0,"rotation":270,"texture":"#0"}}}],"display":{"gui":{"rotation":[30,225,0]}}}