{"textures":{"0":"modelengine:entity/ancient_golem"},"elements":[{"from":[17.539675,4.0,14.717684],"to":[23.539677,13.0,23.717684],"faces":{"east":{"uv":[7.6875,7.0,7.125,7.5625],"tintindex":0,"rotation":0,"texture":"#0"},"south":{"uv":[3.0625,6.1875,2.6875,6.75],"tintindex":0,"rotation":0,"texture":"#0"},"north":{"uv":[2.625,4.375,2.25,4.9375],"tintindex":0,"rotation":0,"texture":"#0"},"west":{"uv":[0.5625,7.1875,0.0,7.75],"tintindex":0,"rotation":0,"texture":"#0"},"up":{"uv":[5.625,0.875,6.1875,0.5],"tintindex":0,"rotation":90,"texture":"#0"},"down":{"uv":[7.5625,1.0625,8.125,1.4375],"tintindex":0,"rotation":270,"texture":"#0"}},"rotation":{"origin":[20.539677,8.5,17.217684],"angle":-45.0,"axis":"y"}},{"from":[17.539675,4.0,-2.5752087],"to":[23.539677,13.0,6.4247904],"faces":{"east":{"uv":[7.125,7.0,7.6875,7.5625],"tintindex":0,"rotation":0,"texture":"#0"},"south":{"uv":[2.25,4.375,2.625,4.9375],"tintindex":0,"rotation":0,"texture":"#0"},"north":{"uv":[2.6875,6.1875,3.0625,6.75],"tintindex":0,"rotation":0,"texture":"#0"},"west":{"uv":[0.0,7.1875,0.5625,7.75],"tintindex":0,"rotation":0,"texture":"#0"},"up":{"uv":[6.1875,0.875,5.625,0.5],"tintindex":0,"rotation":90,"texture":"#0"},"down":{"uv":[8.125,1.0625,7.5625,1.4375],"tintindex":0,"rotation":270,"texture":"#0"}},"rotation":{"origin":[20.539677,8.5,3.9247904],"angle":45.0,"axis":"y"}},{"from":[9.428762,-4.0,1.5712376],"to":[22.428764,12.0,19.571238],"faces":{"east":{"uv":[3.5,0.0,4.625,1.0],"tintindex":0,"rotation":0,"texture":"#0"},"south":{"uv":[0.0,5.1875,0.8125,6.1875],"tintindex":0,"rotation":0,"texture":"#0"},"north":{"uv":[0.8125,5.1875,1.625,6.1875],"tintindex":0,"rotation":0,"texture":"#0"},"west":{"uv":[3.625,2.75,4.75,3.75],"tintindex":0,"rotation":0,"texture":"#0"},"up":{"uv":[1.125,5.1875,0.0,4.375],"tintindex":0,"rotation":90,"texture":"#0"},"down":{"uv":[2.25,4.375,1.125,5.1875],"tintindex":0,"rotation":270,"texture":"#0"}}},{"from":[16.428762,4.0,3.5712376],"to":[24.428764,24.0,17.571238],"faces":{"east":{"uv":[3.625,3.75,4.5,5.0],"tintindex":0,"rotation":0,"texture":"#0"},"south":{"uv":[1.625,5.1875,2.125,6.4375],"tintindex":0,"rotation":0,"texture":"#0"},"north":{"uv":[3.0625,6.0625,3.5625,7.3125],"tintindex":0,"rotation":0,"texture":"#0"},"west":{"uv":[2.625,3.875,3.5,5.125],"tintindex":0,"rotation":0,"texture":"#0"},"up":{"uv":[7.75,0.5,6.875,0.0],"tintindex":0,"rotation":90,"texture":"#0"},"down":{"uv":[7.75,3.0,6.875,3.5],"tintindex":0,"rotation":270,"texture":"#0"}}},{"from":[2.6227999,-9.861279,8.352821],"to":[2.6227999,-2.8612785,13.352821],"faces":{"east":{"uv":[11.75,1.875,12.0625,2.3125],"tintindex":0,"rotation":0,"texture":"#0"},"west":{"uv":[11.75,1.875,12.0625,2.3125],"tintindex":0,"rotation":180,"texture":"#0"}}},{"from":[-9.571238,-8.0,11.571238],"to":[9.428762,8.0,11.571238],"faces":{"south":{"uv":[9.8125,0.0,11.0,1.0],"tintindex":0,"rotation":0,"texture":"#0"},"north":{"uv":[11.0,0.0,9.8125,1.0],"tintindex":0,"rotation":0,"texture":"#0"}}}],"display":{"gui":{"rotation":[30,225,0]}}}