{"textures":{"0":"modelengine:entity/ancient_golem"},"elements":[{"from":[0.42876244,3.0,-6.4287624],"to":[26.428762,21.0,9.571238],"faces":{"east":{"uv":[4.25,1.625,3.25,2.75],"tintindex":0,"rotation":0,"texture":"#0"},"south":{"uv":[0.0,1.625,1.625,2.75],"tintindex":0,"rotation":0,"texture":"#0"},"north":{"uv":[1.625,1.625,3.25,2.75],"tintindex":0,"rotation":0,"texture":"#0"},"west":{"uv":[3.25,1.625,4.25,2.75],"tintindex":0,"rotation":0,"texture":"#0"},"up":{"uv":[3.5,1.625,2.5,0.0],"tintindex":0,"rotation":90,"texture":"#0"},"down":{"uv":[1.0,2.75,0.0,4.375],"tintindex":0,"rotation":270,"texture":"#0"}},"rotation":{"origin":[13.428762,7.0,-0.42876244],"angle":-22.5,"axis":"x"}},{"from":[10.428762,20.585499,-7.512597],"to":[26.428762,23.585499,-7.512597],"faces":{"south":{"uv":[8.3125,0.0,9.3125,0.1875],"tintindex":0,"rotation":0,"texture":"#0"},"north":{"uv":[8.3125,0.0,9.3125,0.1875],"tintindex":0,"rotation":0,"texture":"#0"}},"rotation":{"origin":[18.428762,22.085499,-4.512597],"angle":-22.5,"axis":"x"}},{"from":[0.57123756,20.585499,-1.5125971],"to":[16.571238,23.585499,-1.5125971],"faces":{"south":{"uv":[9.3125,0.0,8.3125,0.1875],"tintindex":0,"rotation":0,"texture":"#0"},"north":{"uv":[9.3125,0.0,8.3125,0.1875],"tintindex":0,"rotation":0,"texture":"#0"}},"rotation":{"origin":[9.571238,22.085499,-4.512597],"angle":-22.5,"axis":"x"}}],"display":{"gui":{"rotation":[30,225,0]}}}