{"textures":{"0":"modelengine:entity/boreal_druid_iceclaw"},"elements":[{"from":[7.0,13.0,10.5],"to":[7.0,19.0,21.5],"faces":{"east":{"uv":[5.5,6.125,4.125,6.875],"tintindex":0,"rotation":0,"texture":"#0"},"west":{"uv":[7.5,0.0,6.125,0.75],"tintindex":0,"rotation":0,"texture":"#0"}}},{"from":[9.0,22.0,8.5],"to":[9.0,28.0,19.5],"faces":{"east":{"uv":[6.875,5.375,5.5,6.125],"tintindex":0,"rotation":0,"texture":"#0"},"west":{"uv":[1.375,5.5,0.0,6.25],"tintindex":0,"rotation":0,"texture":"#0"}}},{"from":[7.0,13.0,10.5],"to":[7.0,19.0,21.5],"faces":{"east":{"uv":[7.375,3.375,6.0,4.125],"tintindex":0,"rotation":0,"texture":"#0"},"west":{"uv":[7.25,4.5,5.875,5.25],"tintindex":0,"rotation":0,"texture":"#0"}},"rotation":{"origin":[7.0,16.0,16.0],"angle":-45.0,"axis":"z"}},{"from":[9.0,22.0,8.5],"to":[9.0,28.0,19.5],"faces":{"east":{"uv":[5.5,5.375,4.125,6.125],"tintindex":0,"rotation":0,"texture":"#0"},"west":{"uv":[6.5,1.125,5.125,1.875],"tintindex":0,"rotation":0,"texture":"#0"}},"rotation":{"origin":[9.0,25.0,14.0],"angle":-45.0,"axis":"z"}},{"from":[4.0,8.0,1.5],"to":[12.0,28.0,10.5],"faces":{"east":{"uv":[2.25,2.125,1.125,4.625],"tintindex":0,"rotation":0,"texture":"#0"},"south":{"uv":[4.25,0.0,3.25,2.5],"tintindex":0,"rotation":0,"texture":"#0"},"north":{"uv":[3.25,2.125,2.25,4.625],"tintindex":0,"rotation":0,"texture":"#0"},"west":{"uv":[1.125,2.125,0.0,4.625],"tintindex":0,"rotation":0,"texture":"#0"},"up":{"uv":[5.0,4.5,6.0,3.375],"tintindex":0,"rotation":0,"texture":"#0"},"down":{"uv":[5.125,0.0,6.125,1.125],"tintindex":0,"rotation":0,"texture":"#0"}}}],"display":{"gui":{"rotation":[30,225,0]}}}