{"textures":{"0":"modelengine:entity/boreal_druid_iceclaw"},"elements":[{"from":[7.5,19.673153,-0.72519684],"to":[7.5,31.673153,6.274803],"faces":{"east":{"uv":[0.875,7.625,0.0,9.125],"tintindex":0,"rotation":0,"texture":"#0"},"west":{"uv":[0.0,7.625,0.875,9.125],"tintindex":0,"rotation":0,"texture":"#0"}},"rotation":{"origin":[-12.5,25.673153,-1.2251968],"angle":-22.5,"axis":"x"}},{"from":[6.0,8.0,1.0],"to":[9.0,23.0,8.0],"faces":{"east":{"uv":[4.25,0.0,5.125,1.875],"tintindex":0,"rotation":0,"texture":"#0"},"south":{"uv":[4.5,6.875,4.875,8.75],"tintindex":0,"rotation":0,"texture":"#0"},"north":{"uv":[4.125,6.875,4.5,8.75],"tintindex":0,"rotation":0,"texture":"#0"},"west":{"uv":[3.25,4.5,4.125,6.375],"tintindex":0,"rotation":0,"texture":"#0"},"up":{"uv":[1.75,6.375,1.375,5.5],"tintindex":0,"rotation":0,"texture":"#0"},"down":{"uv":[6.75,6.875,6.375,7.75],"tintindex":0,"rotation":0,"texture":"#0"}}},{"from":[8.0,14.0,5.0],"to":[8.0,20.0,16.0],"faces":{"east":{"uv":[2.75,6.625,4.125,7.375],"tintindex":0,"rotation":0,"texture":"#0"},"west":{"uv":[6.75,1.5,8.125,2.25],"tintindex":0,"rotation":0,"texture":"#0"}},"rotation":{"origin":[8.0,17.0,9.5],"angle":45.0,"axis":"x"}}],"display":{"gui":{"rotation":[30,225,0]}}}