{"textures":{"0":"modelengine:entity/boreal_druid_iceclaw"},"elements":[{"from":[9.0,16.05,7.05],"to":[9.0,22.05,18.05],"faces":{"east":{"uv":[2.75,6.625,1.375,7.375],"tintindex":0,"rotation":0,"texture":"#0"},"west":{"uv":[7.875,0.75,6.5,1.5],"tintindex":0,"rotation":0,"texture":"#0"}}},{"from":[9.0,16.05,7.05],"to":[9.0,22.05,18.05],"faces":{"east":{"uv":[1.375,6.25,0.0,7.0],"tintindex":0,"rotation":0,"texture":"#0"},"west":{"uv":[6.875,6.125,5.5,6.875],"tintindex":0,"rotation":0,"texture":"#0"}},"rotation":{"origin":[9.0,19.05,12.55],"angle":-45.0,"axis":"z"}},{"from":[5.0,8.049999,1.0500002],"to":[10.0,24.05,8.05],"faces":{"east":{"uv":[5.0,2.5,4.125,4.5],"tintindex":0,"rotation":0,"texture":"#0"},"south":{"uv":[3.0,4.625,2.375,6.625],"tintindex":0,"rotation":0,"texture":"#0"},"north":{"uv":[2.375,4.625,1.75,6.625],"tintindex":0,"rotation":0,"texture":"#0"},"west":{"uv":[4.125,2.5,3.25,4.5],"tintindex":0,"rotation":0,"texture":"#0"},"up":{"uv":[5.75,7.75,6.375,6.875],"tintindex":0,"rotation":0,"texture":"#0"},"down":{"uv":[6.875,6.0,7.5,6.875],"tintindex":0,"rotation":0,"texture":"#0"}}}],"display":{"gui":{"rotation":[30,225,0]}}}