{"textures":{"0":"modelengine:entity/boreal_druid_iceclaw"},"elements":[{"from":[7.0,16.05,7.05],"to":[7.0,22.05,18.05],"faces":{"east":{"uv":[5.5,6.125,6.875,6.875],"tintindex":0,"rotation":0,"texture":"#0"},"west":{"uv":[0.0,6.25,1.375,7.0],"tintindex":0,"rotation":0,"texture":"#0"}},"rotation":{"origin":[7.0,19.05,12.55],"angle":45.0,"axis":"z"}},{"from":[7.0,16.05,7.05],"to":[7.0,22.05,18.05],"faces":{"east":{"uv":[6.5,0.75,7.875,1.5],"tintindex":0,"rotation":0,"texture":"#0"},"west":{"uv":[1.375,6.625,2.75,7.375],"tintindex":0,"rotation":0,"texture":"#0"}}},{"from":[6.0,8.049999,1.0500002],"to":[11.0,24.05,8.05],"faces":{"east":{"uv":[3.25,2.5,4.125,4.5],"tintindex":0,"rotation":0,"texture":"#0"},"south":{"uv":[2.375,4.625,3.0,6.625],"tintindex":0,"rotation":0,"texture":"#0"},"north":{"uv":[1.75,4.625,2.375,6.625],"tintindex":0,"rotation":0,"texture":"#0"},"west":{"uv":[4.125,2.5,5.0,4.5],"tintindex":0,"rotation":0,"texture":"#0"},"up":{"uv":[6.375,7.75,5.75,6.875],"tintindex":0,"rotation":0,"texture":"#0"},"down":{"uv":[7.5,6.0,6.875,6.875],"tintindex":0,"rotation":0,"texture":"#0"}}}],"display":{"gui":{"rotation":[30,225,0]}}}