{"textures":{"0":"modelengine:entity/boreal_druid_iceclaw"},"elements":[{"from":[8.0,11.0,6.5],"to":[8.0,14.0,12.0],"faces":{"east":{"uv":[8.125,1.5,6.75,2.25],"tintindex":0,"rotation":0,"texture":"#0"},"west":{"uv":[4.125,6.625,2.75,7.375],"tintindex":0,"rotation":0,"texture":"#0"}},"rotation":{"origin":[8.0,12.5,8.75],"angle":45.0,"axis":"x"}},{"from":[7.5,8.0,4.5],"to":[9.0,15.5,8.0],"faces":{"east":{"uv":[4.125,4.5,3.25,6.375],"tintindex":0,"rotation":0,"texture":"#0"},"south":{"uv":[4.875,6.875,4.5,8.75],"tintindex":0,"rotation":0,"texture":"#0"},"north":{"uv":[4.5,6.875,4.125,8.75],"tintindex":0,"rotation":0,"texture":"#0"},"west":{"uv":[5.125,0.0,4.25,1.875],"tintindex":0,"rotation":0,"texture":"#0"},"up":{"uv":[1.375,6.375,1.75,5.5],"tintindex":0,"rotation":0,"texture":"#0"},"down":{"uv":[6.375,6.875,6.75,7.75],"tintindex":0,"rotation":0,"texture":"#0"}}},{"from":[8.25,14.601942,3.4851604],"to":[8.25,20.601942,6.985161],"faces":{"east":{"uv":[0.875,7.625,0.0,9.125],"tintindex":0,"rotation":0,"texture":"#0"},"west":{"uv":[0.0,7.625,0.875,9.125],"tintindex":0,"rotation":0,"texture":"#0"}},"rotation":{"origin":[7.5,17.601942,5.235161],"angle":-22.5,"axis":"x"}}],"display":{"gui":{"rotation":[30,225,0]}}}