{"textures":{"0":"modelengine:entity/boreal_druid_iceclaw"},"elements":[{"from":[7.0,8.0,4.5],"to":[8.5,15.5,8.0],"faces":{"east":{"uv":[4.25,0.0,5.125,1.875],"tintindex":0,"rotation":0,"texture":"#0"},"south":{"uv":[4.5,6.875,4.875,8.75],"tintindex":0,"rotation":0,"texture":"#0"},"north":{"uv":[4.125,6.875,4.5,8.75],"tintindex":0,"rotation":0,"texture":"#0"},"west":{"uv":[3.25,4.5,4.125,6.375],"tintindex":0,"rotation":0,"texture":"#0"},"up":{"uv":[1.75,6.375,1.375,5.5],"tintindex":0,"rotation":0,"texture":"#0"},"down":{"uv":[6.75,6.875,6.375,7.75],"tintindex":0,"rotation":0,"texture":"#0"}}},{"from":[7.75,14.601942,3.4851604],"to":[7.75,20.601942,6.985161],"faces":{"east":{"uv":[0.875,7.625,0.0,9.125],"tintindex":0,"rotation":0,"texture":"#0"},"west":{"uv":[0.0,7.625,0.875,9.125],"tintindex":0,"rotation":0,"texture":"#0"}},"rotation":{"origin":[8.5,17.601942,5.235161],"angle":-22.5,"axis":"x"}},{"from":[8.0,11.0,6.5],"to":[8.0,14.0,12.0],"faces":{"east":{"uv":[2.75,6.625,4.125,7.375],"tintindex":0,"rotation":0,"texture":"#0"},"west":{"uv":[6.75,1.5,8.125,2.25],"tintindex":0,"rotation":0,"texture":"#0"}},"rotation":{"origin":[8.0,12.5,8.75],"angle":45.0,"axis":"x"}}],"display":{"gui":{"rotation":[30,225,0]}}}