{"textures":{"0":"modelengine:entity/boreal_druid_iceclaw"},"elements":[{"from":[7.0,22.0,8.5],"to":[7.0,28.0,19.5],"faces":{"east":{"uv":[5.125,1.125,6.5,1.875],"tintindex":0,"rotation":0,"texture":"#0"},"west":{"uv":[4.125,5.375,5.5,6.125],"tintindex":0,"rotation":0,"texture":"#0"}},"rotation":{"origin":[7.0,25.0,14.0],"angle":45.0,"axis":"z"}},{"from":[9.0,13.0,10.5],"to":[9.0,19.0,21.5],"faces":{"east":{"uv":[5.875,4.5,7.25,5.25],"tintindex":0,"rotation":0,"texture":"#0"},"west":{"uv":[6.0,3.375,7.375,4.125],"tintindex":0,"rotation":0,"texture":"#0"}},"rotation":{"origin":[9.0,16.0,16.0],"angle":45.0,"axis":"z"}},{"from":[9.0,13.0,10.5],"to":[9.0,19.0,21.5],"faces":{"east":{"uv":[6.125,0.0,7.5,0.75],"tintindex":0,"rotation":0,"texture":"#0"},"west":{"uv":[4.125,6.125,5.5,6.875],"tintindex":0,"rotation":0,"texture":"#0"}}},{"from":[4.0,8.0,1.5],"to":[12.0,28.0,10.5],"faces":{"east":{"uv":[0.0,2.125,1.125,4.625],"tintindex":0,"rotation":0,"texture":"#0"},"south":{"uv":[3.25,0.0,4.25,2.5],"tintindex":0,"rotation":0,"texture":"#0"},"north":{"uv":[2.25,2.125,3.25,4.625],"tintindex":0,"rotation":0,"texture":"#0"},"west":{"uv":[1.125,2.125,2.25,4.625],"tintindex":0,"rotation":0,"texture":"#0"},"up":{"uv":[6.0,4.5,5.0,3.375],"tintindex":0,"rotation":0,"texture":"#0"},"down":{"uv":[6.125,0.0,5.125,1.125],"tintindex":0,"rotation":0,"texture":"#0"}}},{"from":[7.0,22.0,8.5],"to":[7.0,28.0,19.5],"faces":{"east":{"uv":[0.0,5.5,1.375,6.25],"tintindex":0,"rotation":0,"texture":"#0"},"west":{"uv":[5.5,5.375,6.875,6.125],"tintindex":0,"rotation":0,"texture":"#0"}}}],"display":{"gui":{"rotation":[30,225,0]}}}