{"textures":{"0":"modelengine:entity/boreal_druid_iceclaw"},"elements":[{"from":[1.0,2.75,1.0],"to":[15.0,11.75,8.0],"faces":{"east":{"uv":[5.75,6.875,4.875,7.625],"tintindex":0,"rotation":0,"texture":"#0"},"south":{"uv":[6.75,2.625,5.0,3.375],"tintindex":0,"rotation":0,"texture":"#0"},"north":{"uv":[6.75,1.875,5.0,2.625],"tintindex":0,"rotation":0,"texture":"#0"},"west":{"uv":[7.625,2.625,6.75,3.375],"tintindex":0,"rotation":0,"texture":"#0"},"up":{"uv":[4.125,5.375,5.875,4.5],"tintindex":0,"rotation":0,"texture":"#0"},"down":{"uv":[0.0,4.625,1.75,5.5],"tintindex":0,"rotation":0,"texture":"#0"}}},{"from":[2.0,2.75,3.0],"to":[14.0,8.75,20.0],"faces":{"east":{"uv":[8.875,2.25,6.75,2.625],"tintindex":0,"rotation":0,"texture":"#0"},"south":{"uv":[8.375,5.625,6.875,6.0],"tintindex":0,"rotation":0,"texture":"#0"},"north":{"uv":[8.375,5.25,6.875,5.625],"tintindex":0,"rotation":0,"texture":"#0"},"west":{"uv":[8.125,4.125,6.0,4.5],"tintindex":0,"rotation":0,"texture":"#0"},"up":{"uv":[0.0,2.125,1.5,0.0],"tintindex":0,"rotation":0,"texture":"#0"},"down":{"uv":[1.5,0.0,3.0,2.125],"tintindex":0,"rotation":0,"texture":"#0"}}}],"display":{"gui":{"rotation":[30,225,0]}}}