{"textures":{"0":"modelengine:entity/boreal_druid_iceclaw"},"elements":[{"from":[3.0,3.0,3.0],"to":[13.0,13.0,13.0],"faces":{"east":{"uv":[14.75,0.0,16.0,1.25],"tintindex":0,"rotation":0,"texture":"#0"},"south":{"uv":[13.5,0.0,14.75,1.25],"tintindex":0,"rotation":0,"texture":"#0"},"north":{"uv":[8.5,0.0,9.75,1.25],"tintindex":0,"rotation":0,"texture":"#0"},"west":{"uv":[12.25,0.0,13.5,1.25],"tintindex":0,"rotation":0,"texture":"#0"},"up":{"uv":[11.0,0.0,12.25,1.25],"tintindex":0,"rotation":0,"texture":"#0"},"down":{"uv":[9.75,0.0,11.0,1.25],"tintindex":0,"rotation":0,"texture":"#0"}}}],"display":{"gui":{"rotation":[30,225,0]}}}