{"textures":{"0":"modelengine:entity/asparagus_stage"},"elements":[{"from":[4.0,1.0,6.0],"to":[8.0,6.0,10.0],"faces":{"east":{"uv":[2.0625,0.0,2.3125,0.3125],"tintindex":0,"rotation":0,"texture":"#0"},"south":{"uv":[2.0625,0.0,2.3125,0.3125],"tintindex":0,"rotation":0,"texture":"#0"},"north":{"uv":[2.0625,0.0,2.3125,0.3125],"tintindex":0,"rotation":0,"texture":"#0"},"west":{"uv":[2.0625,0.0,2.3125,0.3125],"tintindex":0,"rotation":0,"texture":"#0"},"up":{"uv":[2.3125,0.0,2.5625,0.25],"tintindex":0,"rotation":0,"texture":"#0"},"down":{"uv":[2.3125,0.25,2.5625,0.5],"tintindex":0,"rotation":0,"texture":"#0"}},"rotation":{"origin":[6.0,-4.0,8.0],"angle":22.5,"axis":"x"}},{"from":[5.0,6.0,8.0],"to":[5.0,8.0,12.0],"faces":{"east":{"uv":[2.0625,0.375,2.3125,0.5],"tintindex":0,"rotation":0,"texture":"#0"},"west":{"uv":[2.0625,0.375,2.3125,0.5],"tintindex":0,"rotation":0,"texture":"#0"}},"rotation":{"origin":[5.0,-7.0,10.0],"angle":-22.5,"axis":"x"}},{"from":[3.0,1.0,5.0],"to":[8.0,8.0,10.0],"faces":{"east":{"uv":[2.5625,0.0,2.875,0.4375],"tintindex":0,"rotation":0,"texture":"#0"},"south":{"uv":[2.5625,0.0,2.875,0.4375],"tintindex":0,"rotation":0,"texture":"#0"},"north":{"uv":[2.5625,0.0,2.875,0.4375],"tintindex":0,"rotation":0,"texture":"#0"},"west":{"uv":[2.5625,0.0,2.875,0.4375],"tintindex":0,"rotation":0,"texture":"#0"},"up":{"uv":[2.875,0.0,3.1875,0.3125],"tintindex":0,"rotation":0,"texture":"#0"},"down":{"uv":[2.875,0.3125,3.1875,0.625],"tintindex":0,"rotation":0,"texture":"#0"}},"rotation":{"origin":[5.0,-7.0,8.0],"angle":-22.5,"axis":"z"}},{"from":[3.0,6.0,10.0],"to":[7.0,8.0,10.0],"faces":{"south":{"uv":[2.0625,0.375,2.3125,0.5],"tintindex":0,"rotation":0,"texture":"#0"},"north":{"uv":[2.0625,0.375,2.3125,0.5],"tintindex":0,"rotation":0,"texture":"#0"}},"rotation":{"origin":[5.0,-7.0,10.0],"angle":-22.5,"axis":"x"}},{"from":[3.0,1.0,8.0],"to":[7.0,6.0,12.0],"faces":{"east":{"uv":[2.0625,0.0,2.3125,0.3125],"tintindex":0,"rotation":0,"texture":"#0"},"south":{"uv":[2.0625,0.0,2.3125,0.3125],"tintindex":0,"rotation":0,"texture":"#0"},"north":{"uv":[2.0625,0.0,2.3125,0.3125],"tintindex":0,"rotation":0,"texture":"#0"},"west":{"uv":[2.0625,0.0,2.3125,0.3125],"tintindex":0,"rotation":0,"texture":"#0"},"up":{"uv":[2.3125,0.0,2.5625,0.25],"tintindex":0,"rotation":0,"texture":"#0"},"down":{"uv":[2.3125,0.25,2.5625,0.5],"tintindex":0,"rotation":0,"texture":"#0"}},"rotation":{"origin":[5.0,-7.0,10.0],"angle":-22.5,"axis":"x"}},{"from":[4.0,6.0,8.0],"to":[8.0,8.0,8.0],"faces":{"south":{"uv":[2.0625,0.375,2.3125,0.5],"tintindex":0,"rotation":0,"texture":"#0"},"north":{"uv":[2.0625,0.375,2.3125,0.5],"tintindex":0,"rotation":0,"texture":"#0"}},"rotation":{"origin":[6.0,-4.0,8.0],"angle":22.5,"axis":"x"}},{"from":[6.0,6.0,6.0],"to":[6.0,8.0,10.0],"faces":{"east":{"uv":[2.0625,0.375,2.3125,0.5],"tintindex":0,"rotation":0,"texture":"#0"},"west":{"uv":[2.0625,0.375,2.3125,0.5],"tintindex":0,"rotation":0,"texture":"#0"}},"rotation":{"origin":[6.0,-4.0,8.0],"angle":22.5,"axis":"x"}},{"from":[3.0,8.0,7.5],"to":[8.0,10.0,7.5],"faces":{"south":{"uv":[2.5625,0.4375,2.875,0.5625],"tintindex":0,"rotation":0,"texture":"#0"},"north":{"uv":[2.5625,0.4375,2.875,0.5625],"tintindex":0,"rotation":0,"texture":"#0"}},"rotation":{"origin":[5.0,-7.0,7.5],"angle":-22.5,"axis":"z"}},{"from":[5.5,7.75,5.0],"to":[5.5,9.75,10.0],"faces":{"east":{"uv":[2.5625,0.4375,2.875,0.5625],"tintindex":0,"rotation":0,"texture":"#0"},"west":{"uv":[2.5625,0.4375,2.875,0.5625],"tintindex":0,"rotation":0,"texture":"#0"}},"rotation":{"origin":[5.5,-7.25,8.0],"angle":-22.5,"axis":"z"}}],"display":{"gui":{"rotation":[30,225,0]}}}