{
	"credit": "Made with Blockbench",
	"textures": {
		"0": "littleroom_kriger:kriger_deathbreath",
		"particle": "littleroom_kriger:kriger_deathbreath"
	},
	"elements": [
		{
			"from": [6, 0, 3],
			"to": [10, 4, 7],
			"faces": {
				"north": {"uv": [8, 4, 12, 8], "texture": "#0"},
				"east": {"uv": [8, 8, 12, 12], "texture": "#0"},
				"south": {"uv": [0, 12, 4, 16], "texture": "#0"},
				"west": {"uv": [4, 12, 8, 16], "texture": "#0"},
				"up": {"uv": [16, 8, 12, 4], "texture": "#0"},
				"down": {"uv": [12, 12, 8, 16], "texture": "#0"}
			}
		},
		{
			"from": [8, 0, 7],
			"to": [8, 4, 15],
			"faces": {
				"north": {"uv": [0, 0, 0, 4], "texture": "#0"},
				"east": {"uv": [0, 8, 8, 12], "texture": "#0"},
				"south": {"uv": [0, 0, 0, 4], "texture": "#0"},
				"west": {"uv": [8, 8, 0, 12], "texture": "#0", "tintindex": 0},
				"up": {"uv": [0, 8, 0, 0], "texture": "#0"},
				"down": {"uv": [0, 0, 0, 8], "texture": "#0"}
			}
		},
		{
			"from": [4.58508, 3.41351, 3],
			"to": [4.58508, 7.41351, 11],
			"rotation": {"angle": 45, "axis": "z", "origin": [4.58508, 5.41351, 7]},
			"faces": {
				"north": {"uv": [0, 0, 0, 4], "texture": "#0"},
				"east": {"uv": [0, 0, 8, 4], "texture": "#0"},
				"south": {"uv": [0, 0, 0, 4], "texture": "#0"},
				"west": {"uv": [8, 0, 0, 4], "texture": "#0"},
				"up": {"uv": [0, 8, 0, 0], "texture": "#0"},
				"down": {"uv": [0, 0, 0, 8], "texture": "#0"}
			}
		},
		{
			"from": [11.41492, 3.41351, 3],
			"to": [11.41492, 7.41351, 11],
			"rotation": {"angle": -45, "axis": "z", "origin": [11.41492, 5.41351, 7]},
			"faces": {
				"north": {"uv": [0, 0, 0, 4], "texture": "#0"},
				"east": {"uv": [0, 0, 8, 4], "texture": "#0"},
				"south": {"uv": [0, 0, 0, 4], "texture": "#0"},
				"west": {"uv": [8, 0, 0, 4], "texture": "#0"},
				"up": {"uv": [0, 8, 0, 0], "texture": "#0"},
				"down": {"uv": [0, 0, 0, 8], "texture": "#0"}
			}
		},
		{
			"from": [11.41492, -3.41351, 3],
			"to": [11.41492, 0.58649, 11],
			"rotation": {"angle": 45, "axis": "z", "origin": [11.41492, -1.41351, 7]},
			"faces": {
				"north": {"uv": [0, 4, 0, 0], "texture": "#0"},
				"east": {"uv": [0, 4, 8, 0], "texture": "#0"},
				"south": {"uv": [0, 4, 0, 0], "texture": "#0"},
				"west": {"uv": [8, 4, 0, 0], "texture": "#0"},
				"up": {"uv": [0, 8, 0, 0], "texture": "#0"},
				"down": {"uv": [0, 0, 0, 8], "texture": "#0"}
			}
		},
		{
			"from": [4.58508, -3.41351, 3],
			"to": [4.58508, 0.58649, 11],
			"rotation": {"angle": -45, "axis": "z", "origin": [4.58508, -1.41351, 7]},
			"faces": {
				"north": {"uv": [0, 4, 0, 0], "texture": "#0"},
				"east": {"uv": [0, 4, 8, 0], "texture": "#0"},
				"south": {"uv": [0, 4, 0, 0], "texture": "#0"},
				"west": {"uv": [8, 4, 0, 0], "texture": "#0"},
				"up": {"uv": [0, 8, 0, 0], "texture": "#0"},
				"down": {"uv": [0, 0, 0, 8], "texture": "#0"}
			}
		},
		{
			"from": [6, 4, 7],
			"to": [10, 4, 11],
			"rotation": {"angle": 0, "axis": "z", "origin": [6, 6, 7]},
			"faces": {
				"north": {"uv": [0, 0, 4, 0], "texture": "#0"},
				"east": {"uv": [0, 0, 4, 0], "texture": "#0"},
				"south": {"uv": [0, 0, 4, 0], "texture": "#0"},
				"west": {"uv": [0, 0, 4, 0], "texture": "#0"},
				"up": {"uv": [16, 12, 12, 8], "texture": "#0"},
				"down": {"uv": [16, 8, 12, 12], "texture": "#0"}
			}
		},
		{
			"from": [6, 0, 7],
			"to": [10, 0, 11],
			"rotation": {"angle": 0, "axis": "z", "origin": [6, 6, 7]},
			"faces": {
				"north": {"uv": [0, 0, 4, 0], "texture": "#0"},
				"east": {"uv": [0, 0, 4, 0], "texture": "#0"},
				"south": {"uv": [0, 0, 4, 0], "texture": "#0"},
				"west": {"uv": [0, 0, 4, 0], "texture": "#0"},
				"up": {"uv": [16, 12, 12, 8], "texture": "#0"},
				"down": {"uv": [16, 8, 12, 12], "texture": "#0"}
			}
		},
		{
			"from": [10, 0, 7],
			"to": [10, 4, 11],
			"rotation": {"angle": 0, "axis": "z", "origin": [8, 2, 9]},
			"faces": {
				"north": {"uv": [0, 0, 4, 0], "rotation": 90, "texture": "#0"},
				"east": {"uv": [16, 8, 12, 12], "rotation": 270, "texture": "#0"},
				"south": {"uv": [0, 0, 4, 0], "rotation": 270, "texture": "#0"},
				"west": {"uv": [16, 12, 12, 8], "rotation": 270, "texture": "#0"},
				"up": {"uv": [0, 0, 4, 0], "rotation": 270, "texture": "#0"},
				"down": {"uv": [0, 0, 4, 0], "rotation": 270, "texture": "#0"}
			}
		},
		{
			"from": [6, 0, 7],
			"to": [6, 4, 11],
			"rotation": {"angle": 0, "axis": "z", "origin": [8, 2, 9]},
			"faces": {
				"north": {"uv": [0, 0, 4, 0], "rotation": 90, "texture": "#0"},
				"east": {"uv": [16, 8, 12, 12], "rotation": 270, "texture": "#0"},
				"south": {"uv": [0, 0, 4, 0], "rotation": 270, "texture": "#0"},
				"west": {"uv": [16, 12, 12, 8], "rotation": 270, "texture": "#0"},
				"up": {"uv": [0, 0, 4, 0], "rotation": 270, "texture": "#0"},
				"down": {"uv": [0, 0, 4, 0], "rotation": 270, "texture": "#0"}
			}
		}
	],
	"display": {
		"head": {
			"translation": [0, 12, -2],
			"scale": [2, 2, 2]
		}
	}
}