{"textures":{"0":"modelengine:entity/boreal_druid_2"},"elements":[{"from":[8.956709,6.559698,-6.0],"to":[8.956709,16.5597,-1.0],"faces":{"east":{"uv":[1.875,12.0,1.25,13.25],"tintindex":0,"rotation":0,"texture":"#0"},"west":{"uv":[1.25,12.0,1.875,13.25],"tintindex":0,"rotation":0,"texture":"#0"}},"rotation":{"origin":[8.956709,12.0597,-3.0],"angle":-22.5,"axis":"z"}},{"from":[-0.76536655,7.9022408,-1.0],"to":[15.2346325,16.90224,8.0],"faces":{"east":{"uv":[1.125,9.5,2.25,10.625],"tintindex":0,"rotation":0,"texture":"#0"},"south":{"uv":[4.0,5.625,6.0,6.75],"tintindex":0,"rotation":0,"texture":"#0"},"north":{"uv":[2.0,5.25,4.0,6.375],"tintindex":0,"rotation":0,"texture":"#0"},"west":{"uv":[9.625,7.125,10.75,8.25],"tintindex":0,"rotation":0,"texture":"#0"},"up":{"uv":[7.75,1.125,5.75,0.0],"tintindex":0,"rotation":0,"texture":"#0"},"down":{"uv":[7.75,1.125,5.75,2.25],"tintindex":0,"rotation":0,"texture":"#0"}}}],"display":{"gui":{"rotation":[30,225,0]}}}