{"textures":{"0":"modelengine:entity/boreal_druid_2"},"elements":[{"from":[14.679867,11.088921,5.9635878],"to":[21.679867,18.08892,5.9635878],"faces":{"south":{"uv":[12.75,9.125,11.875,10.0],"tintindex":0,"rotation":0,"texture":"#0"},"north":{"uv":[11.875,9.125,12.75,10.0],"tintindex":0,"rotation":0,"texture":"#0"}},"rotation":{"origin":[18.179867,14.588921,5.9635878],"angle":-45.0,"axis":"y"}},{"from":[3.5094752,7.0889206,0.95798016],"to":[12.509476,16.08892,3.9579802],"faces":{"east":{"uv":[0.625,13.875,1.0,15.0],"tintindex":0,"rotation":0,"texture":"#0"},"south":{"uv":[0.0,9.5,1.125,10.625],"tintindex":0,"rotation":0,"texture":"#0"},"north":{"uv":[6.375,9.125,7.5,10.25],"tintindex":0,"rotation":0,"texture":"#0"},"west":{"uv":[4.375,13.875,4.75,15.0],"tintindex":0,"rotation":0,"texture":"#0"},"up":{"uv":[10.0,6.0,8.875,5.625],"tintindex":0,"rotation":0,"texture":"#0"},"down":{"uv":[15.125,1.875,14.0,2.25],"tintindex":0,"rotation":0,"texture":"#0"}}},{"from":[11.857235,11.088921,2.7233472],"to":[15.857235,16.08892,2.7233472],"faces":{"south":{"uv":[8.625,14.25,8.125,14.875],"tintindex":0,"rotation":0,"texture":"#0"},"north":{"uv":[8.125,14.25,8.625,14.875],"tintindex":0,"rotation":0,"texture":"#0"}},"rotation":{"origin":[13.857235,13.588921,2.7233472],"angle":-22.5,"axis":"y"}},{"from":[4.009475,9.088921,1.9579802],"to":[12.009476,16.08892,9.95798],"faces":{"east":{"uv":[2.75,11.125,3.75,12.0],"tintindex":0,"rotation":0,"texture":"#0"},"south":{"uv":[11.25,2.125,12.25,3.0],"tintindex":0,"rotation":0,"texture":"#0"},"north":{"uv":[1.75,11.125,2.75,12.0],"tintindex":0,"rotation":0,"texture":"#0"},"west":{"uv":[7.25,11.25,8.25,12.125],"tintindex":0,"rotation":0,"texture":"#0"},"up":{"uv":[11.625,9.25,10.625,8.25],"tintindex":0,"rotation":0,"texture":"#0"},"down":{"uv":[11.75,6.875,10.75,7.875],"tintindex":0,"rotation":0,"texture":"#0"}}},{"from":[3.0094752,14.088921,0.95798016],"to":[13.009476,19.08892,10.95798],"faces":{"east":{"uv":[11.625,8.5,12.875,9.125],"tintindex":0,"rotation":0,"texture":"#0"},"south":{"uv":[0.0,11.875,1.25,12.5],"tintindex":0,"rotation":0,"texture":"#0"},"north":{"uv":[11.625,7.875,12.875,8.5],"tintindex":0,"rotation":0,"texture":"#0"},"west":{"uv":[3.75,11.875,5.0,12.5],"tintindex":0,"rotation":0,"texture":"#0"},"up":{"uv":[9.0,4.5,7.75,3.25],"tintindex":0,"rotation":0,"texture":"#0"},"down":{"uv":[10.0,0.0,8.75,1.25],"tintindex":0,"rotation":0,"texture":"#0"}},"rotation":{"origin":[8.009476,15.588921,5.45798],"angle":22.5,"axis":"x"}},{"from":[-5.6609173,11.088921,5.9635878],"to":[1.3390837,18.08892,5.9635878],"faces":{"south":{"uv":[11.875,9.125,12.75,10.0],"tintindex":0,"rotation":0,"texture":"#0"},"north":{"uv":[12.75,9.125,11.875,10.0],"tintindex":0,"rotation":0,"texture":"#0"}},"rotation":{"origin":[-2.1609173,14.588921,5.9635878],"angle":45.0,"axis":"y"}},{"from":[0.16171646,11.088921,2.7233472],"to":[4.1617165,16.08892,2.7233472],"faces":{"south":{"uv":[8.125,14.25,8.625,14.875],"tintindex":0,"rotation":0,"texture":"#0"},"north":{"uv":[8.625,14.25,8.125,14.875],"tintindex":0,"rotation":0,"texture":"#0"}},"rotation":{"origin":[2.1617165,13.588921,2.7233472],"angle":22.5,"axis":"y"}},{"from":[3.0094752,4.0889206,2.9579802],"to":[13.009476,11.088921,10.95798],"faces":{"east":{"uv":[10.75,11.375,9.75,12.25],"tintindex":0,"rotation":0,"texture":"#0"},"south":{"uv":[7.25,10.375,8.5,11.25],"tintindex":0,"rotation":0,"texture":"#0"},"north":{"uv":[10.375,3.25,11.625,4.125],"tintindex":0,"rotation":0,"texture":"#0"},"west":{"uv":[9.75,11.375,10.75,12.25],"tintindex":0,"rotation":0,"texture":"#0"},"up":{"uv":[10.875,10.5,9.625,9.5],"tintindex":0,"rotation":0,"texture":"#0"},"down":{"uv":[6.25,9.875,5.0,10.875],"tintindex":0,"rotation":0,"texture":"#0"}},"rotation":{"origin":[8.009476,7.0889206,5.95798],"angle":-22.5,"axis":"x"}}],"display":{"gui":{"rotation":[30,225,0]}}}