{"textures":{"0":"modelengine:entity/boreal_druid_2"},"elements":[{"from":[-5.172678,7.3943405,5.4761186],"to":[4.8273225,7.3943405,7.4761186],"faces":{"up":{"uv":[7.5,14.5,6.25,14.25],"tintindex":0,"rotation":0,"texture":"#0"},"down":{"uv":[7.5,14.25,6.25,14.5],"tintindex":0,"rotation":0,"texture":"#0"}},"rotation":{"origin":[-0.172678,7.3943405,9.476118],"angle":-22.5,"axis":"z"}},{"from":[21.06903,11.3943405,7.4761186],"to":[24.06903,22.39434,7.4761186],"faces":{"south":{"uv":[5.25,13.125,5.625,14.5],"tintindex":0,"rotation":0,"texture":"#0"},"north":{"uv":[5.625,13.125,5.25,14.5],"tintindex":0,"rotation":0,"texture":"#0"}},"rotation":{"origin":[16.06903,7.3943405,9.476118],"angle":22.5,"axis":"z"}},{"from":[1.0165691,15.628681,11.476118],"to":[7.0165687,20.828682,19.476118],"faces":{"east":{"uv":[1.875,13.0,2.875,13.625],"tintindex":0,"rotation":0,"texture":"#0"},"south":{"uv":[12.0,13.375,12.75,14.0],"tintindex":0,"rotation":0,"texture":"#0"},"north":{"uv":[11.0,6.125,11.75,6.75],"tintindex":0,"rotation":0,"texture":"#0"},"west":{"uv":[13.0,1.875,14.0,2.5],"tintindex":0,"rotation":0,"texture":"#0"},"up":{"uv":[7.75,13.125,7.0,12.125],"tintindex":0,"rotation":0,"texture":"#0"},"down":{"uv":[13.0,5.875,12.25,6.875],"tintindex":0,"rotation":0,"texture":"#0"}},"rotation":{"origin":[10.016569,16.328682,15.476118],"angle":45.0,"axis":"z"}},{"from":[3.1004176,11.400585,11.476118],"to":[13.100418,22.400585,19.476118],"faces":{"east":{"uv":[10.375,3.25,9.0,4.25],"tintindex":0,"rotation":270,"texture":"#0"},"south":{"uv":[7.5,4.75,8.875,6.0],"tintindex":0,"rotation":270,"texture":"#0"},"north":{"uv":[4.0,6.75,5.375,8.0],"tintindex":0,"rotation":90,"texture":"#0"},"west":{"uv":[6.375,9.875,5.0,8.875],"tintindex":0,"rotation":270,"texture":"#0"},"up":{"uv":[4.0,9.625,5.0,10.875],"tintindex":0,"rotation":270,"texture":"#0"},"down":{"uv":[9.625,8.25,10.625,9.5],"tintindex":0,"rotation":270,"texture":"#0"}}},{"from":[0.9481764,19.16595,7.4771185],"to":[14.948176,23.16595,11.4771185],"faces":{"east":{"uv":[5.625,14.5,5.125,15.0],"tintindex":0,"rotation":270,"texture":"#0"},"south":{"uv":[6.5,11.375,7.0,13.125],"tintindex":0,"rotation":270,"texture":"#0"},"north":{"uv":[11.0,11.25,11.5,13.0],"tintindex":0,"rotation":90,"texture":"#0"},"west":{"uv":[15.0,4.875,14.5,4.375],"tintindex":0,"rotation":270,"texture":"#0"},"up":{"uv":[6.0,11.375,6.5,13.125],"tintindex":0,"rotation":270,"texture":"#0"},"down":{"uv":[8.25,11.375,8.75,13.125],"tintindex":0,"rotation":270,"texture":"#0"}}},{"from":[11.06903,7.3943405,5.4761186],"to":[21.06903,7.3943405,7.4761186],"faces":{"up":{"uv":[15.125,4.0,13.875,3.75],"tintindex":0,"rotation":0,"texture":"#0"},"down":{"uv":[15.5,4.875,14.25,5.125],"tintindex":0,"rotation":0,"texture":"#0"}},"rotation":{"origin":[16.06903,7.3943405,9.476118],"angle":22.5,"axis":"z"}},{"from":[-5.172678,7.3943405,7.4761186],"to":[4.8273225,11.3943405,11.476118],"faces":{"east":{"uv":[6.25,14.5,6.75,15.0],"tintindex":0,"rotation":0,"texture":"#0"},"south":{"uv":[12.875,11.25,14.125,11.75],"tintindex":0,"rotation":0,"texture":"#0"},"north":{"uv":[12.875,10.75,14.125,11.25],"tintindex":0,"rotation":0,"texture":"#0"},"west":{"uv":[14.5,6.625,15.0,7.125],"tintindex":0,"rotation":0,"texture":"#0"},"up":{"uv":[14.25,1.375,13.0,0.875],"tintindex":0,"rotation":0,"texture":"#0"},"down":{"uv":[14.25,1.375,13.0,1.875],"tintindex":0,"rotation":0,"texture":"#0"}},"rotation":{"origin":[-0.172678,7.3943405,9.476118],"angle":-22.5,"axis":"z"}},{"from":[11.06903,9.3943405,11.476118],"to":[19.06903,22.39434,19.476118],"faces":{"east":{"uv":[7.625,7.375,8.625,9.0],"tintindex":0,"rotation":0,"texture":"#0"},"south":{"uv":[7.75,0.0,8.75,1.625],"tintindex":0,"rotation":0,"texture":"#0"},"north":{"uv":[6.625,7.5,7.625,9.125],"tintindex":0,"rotation":0,"texture":"#0"},"west":{"uv":[7.75,1.625,8.75,3.25],"tintindex":0,"rotation":0,"texture":"#0"},"up":{"uv":[5.0,11.875,4.0,10.875],"tintindex":0,"rotation":0,"texture":"#0"},"down":{"uv":[6.0,10.875,5.0,11.875],"tintindex":0,"rotation":0,"texture":"#0"}},"rotation":{"origin":[16.06903,7.3943405,9.476118],"angle":22.5,"axis":"z"}},{"from":[-8.172676,11.3943405,7.4761186],"to":[-5.172678,22.39434,7.4761186],"faces":{"south":{"uv":[1.375,13.25,1.0,14.625],"tintindex":0,"rotation":0,"texture":"#0"},"north":{"uv":[1.0,13.25,1.375,14.625],"tintindex":0,"rotation":0,"texture":"#0"}},"rotation":{"origin":[-0.172678,7.3943405,9.476118],"angle":-22.5,"axis":"z"}},{"from":[11.06903,7.3943405,7.4761186],"to":[21.06903,11.3943405,11.476118],"faces":{"east":{"uv":[13.625,14.375,14.125,14.875],"tintindex":0,"rotation":0,"texture":"#0"},"south":{"uv":[12.875,7.625,14.125,8.125],"tintindex":0,"rotation":0,"texture":"#0"},"north":{"uv":[12.375,4.5,13.625,5.0],"tintindex":0,"rotation":0,"texture":"#0"},"west":{"uv":[14.125,14.375,14.625,14.875],"tintindex":0,"rotation":0,"texture":"#0"},"up":{"uv":[14.125,8.625,12.875,8.125],"tintindex":0,"rotation":0,"texture":"#0"},"down":{"uv":[14.125,8.625,12.875,9.125],"tintindex":0,"rotation":0,"texture":"#0"}},"rotation":{"origin":[16.06903,7.3943405,9.476118],"angle":22.5,"axis":"z"}},{"from":[-5.172678,11.3943405,7.4761186],"to":[-1.172678,22.39434,11.476118],"faces":{"east":{"uv":[4.25,12.5,4.75,13.875],"tintindex":0,"rotation":0,"texture":"#0"},"south":{"uv":[12.75,12.125,13.25,13.5],"tintindex":0,"rotation":0,"texture":"#0"},"north":{"uv":[3.75,12.5,4.25,13.875],"tintindex":0,"rotation":0,"texture":"#0"},"west":{"uv":[12.875,3.125,13.375,4.5],"tintindex":0,"rotation":0,"texture":"#0"},"up":{"uv":[7.25,15.0,6.75,14.5],"tintindex":0,"rotation":0,"texture":"#0"},"down":{"uv":[9.125,14.5,8.625,15.0],"tintindex":0,"rotation":0,"texture":"#0"}},"rotation":{"origin":[-0.172678,7.3943405,9.476118],"angle":-22.5,"axis":"z"}},{"from":[17.06903,11.3943405,7.4761186],"to":[21.06903,22.39434,11.476118],"faces":{"east":{"uv":[12.375,10.75,12.875,12.125],"tintindex":0,"rotation":0,"texture":"#0"},"south":{"uv":[0.0,12.5,0.5,13.875],"tintindex":0,"rotation":0,"texture":"#0"},"north":{"uv":[12.375,3.125,12.875,4.5],"tintindex":0,"rotation":0,"texture":"#0"},"west":{"uv":[0.5,12.5,1.0,13.875],"tintindex":0,"rotation":0,"texture":"#0"},"up":{"uv":[2.75,15.0,2.25,14.5],"tintindex":0,"rotation":0,"texture":"#0"},"down":{"uv":[15.0,3.0,14.5,3.5],"tintindex":0,"rotation":0,"texture":"#0"}},"rotation":{"origin":[16.06903,7.3943405,9.476118],"angle":22.5,"axis":"z"}},{"from":[-2.8681955,9.3943405,11.476118],"to":[5.1318045,22.39434,19.476118],"faces":{"east":{"uv":[1.0,7.875,2.0,9.5],"tintindex":0,"rotation":0,"texture":"#0"},"south":{"uv":[4.0,8.0,5.0,9.625],"tintindex":0,"rotation":0,"texture":"#0"},"north":{"uv":[0.0,7.875,1.0,9.5],"tintindex":0,"rotation":0,"texture":"#0"},"west":{"uv":[8.625,7.375,9.625,9.0],"tintindex":0,"rotation":0,"texture":"#0"},"up":{"uv":[12.0,6.125,11.0,5.125],"tintindex":0,"rotation":0,"texture":"#0"},"down":{"uv":[12.0,10.25,11.0,11.25],"tintindex":0,"rotation":0,"texture":"#0"}},"rotation":{"origin":[0.13180447,7.3943405,9.476118],"angle":-22.5,"axis":"z"}},{"from":[0.9481764,23.16595,7.4761186],"to":[14.948176,25.16595,7.4761186],"faces":{"south":{"uv":[5.625,13.75,5.875,15.5],"tintindex":0,"rotation":270,"texture":"#0"},"north":{"uv":[5.875,13.75,5.625,15.5],"tintindex":0,"rotation":90,"texture":"#0"}},"rotation":{"origin":[7.9481764,22.70401,8.66746],"angle":0.0,"axis":"y"}}],"display":{"gui":{"rotation":[30,225,0]}}}