{"textures":{"0":"modelengine:entity/boreal_druid_2"},"elements":[{"from":[3.0313873,0.0062446594,8.0],"to":[11.031387,8.006245,14.0],"faces":{"east":{"uv":[13.0,10.0,12.0,10.75],"tintindex":0,"rotation":270,"texture":"#0"},"south":{"uv":[11.0,0.0,12.0,1.0],"tintindex":0,"rotation":270,"texture":"#0"},"north":{"uv":[10.875,9.25,11.875,10.25],"tintindex":0,"rotation":90,"texture":"#0"},"west":{"uv":[13.0,5.875,12.0,5.125],"tintindex":0,"rotation":270,"texture":"#0"},"up":{"uv":[1.875,12.0,2.625,13.0],"tintindex":0,"rotation":270,"texture":"#0"},"down":{"uv":[2.625,12.0,3.375,13.0],"tintindex":0,"rotation":270,"texture":"#0"}},"rotation":{"origin":[7.5313873,8.006245,8.0],"angle":0.0,"axis":"y"}}],"display":{"gui":{"rotation":[30,225,0]}}}