{"textures":{"0":"modelengine:entity/boreal_druid_2"},"elements":[{"from":[12.0,5.0,6.0],"to":[13.0,7.0,9.0],"faces":{"east":{"uv":[9.75,4.25,9.375,4.5],"tintindex":0,"rotation":0,"texture":"#0"},"south":{"uv":[8.875,4.5,8.75,4.75],"tintindex":0,"rotation":0,"texture":"#0"},"north":{"uv":[8.75,4.5,8.625,4.75],"tintindex":0,"rotation":0,"texture":"#0"},"west":{"uv":[9.375,4.25,9.0,4.5],"tintindex":0,"rotation":0,"texture":"#0"},"up":{"uv":[7.5,9.5,7.625,9.125],"tintindex":0,"rotation":0,"texture":"#0"},"down":{"uv":[2.25,9.5,2.375,9.875],"tintindex":0,"rotation":0,"texture":"#0"}}},{"from":[8.0,3.0,6.0],"to":[12.0,8.0,11.0],"faces":{"east":{"uv":[14.75,8.5,14.125,9.125],"tintindex":0,"rotation":0,"texture":"#0"},"south":{"uv":[14.75,12.25,14.25,12.875],"tintindex":0,"rotation":0,"texture":"#0"},"north":{"uv":[14.75,11.625,14.25,12.25],"tintindex":0,"rotation":0,"texture":"#0"},"west":{"uv":[14.75,7.875,14.125,8.5],"tintindex":0,"rotation":0,"texture":"#0"},"up":{"uv":[14.25,13.5,14.75,12.875],"tintindex":0,"rotation":0,"texture":"#0"},"down":{"uv":[1.75,14.375,2.25,15.0],"tintindex":0,"rotation":0,"texture":"#0"}}}],"display":{"gui":{"rotation":[30,225,0]}}}