{"textures":{"0":"modelengine:entity/boreal_druid_2"},"elements":[{"from":[6.0,5.0,3.0],"to":[10.0,8.0,10.0],"faces":{"east":{"uv":[15.125,2.625,14.25,3.0],"tintindex":0,"rotation":0,"texture":"#0"},"south":{"uv":[0.5,14.625,0.0,15.0],"tintindex":0,"rotation":0,"texture":"#0"},"north":{"uv":[13.5,14.5,13.0,14.875],"tintindex":0,"rotation":0,"texture":"#0"},"west":{"uv":[15.125,2.25,14.25,2.625],"tintindex":0,"rotation":0,"texture":"#0"},"up":{"uv":[14.0,7.5,14.5,6.625],"tintindex":0,"rotation":0,"texture":"#0"},"down":{"uv":[12.0,14.0,12.5,14.875],"tintindex":0,"rotation":0,"texture":"#0"}}}],"display":{"gui":{"rotation":[30,225,0]}}}