{"textures":{"0":"modelengine:entity/boreal_druid_2"},"elements":[{"from":[5.5,-1.0,7.0],"to":[10.5,8.0,13.0],"faces":{"east":{"uv":[12.375,3.0,11.625,4.125],"tintindex":0,"rotation":0,"texture":"#0"},"south":{"uv":[12.75,12.25,12.125,13.375],"tintindex":0,"rotation":0,"texture":"#0"},"north":{"uv":[12.125,12.25,11.5,13.375],"tintindex":0,"rotation":0,"texture":"#0"},"west":{"uv":[12.375,1.0,11.625,2.125],"tintindex":0,"rotation":0,"texture":"#0"},"up":{"uv":[0.0,14.625,0.625,13.875],"tintindex":0,"rotation":0,"texture":"#0"},"down":{"uv":[13.875,3.0,14.5,3.75],"tintindex":0,"rotation":0,"texture":"#0"}}}],"display":{"gui":{"rotation":[30,225,0]}}}