{"textures":{"0":"modelengine:entity/boreal_druid_2"},"elements":[{"from":[6.166667,-1.0,4.0],"to":[10.166667,8.0,8.0],"faces":{"east":{"uv":[7.0,13.125,6.5,14.25],"tintindex":0,"rotation":0,"texture":"#0"},"south":{"uv":[6.5,13.125,6.0,14.25],"tintindex":0,"rotation":0,"texture":"#0"},"north":{"uv":[11.125,13.0,10.625,14.125],"tintindex":0,"rotation":0,"texture":"#0"},"west":{"uv":[5.25,13.125,4.75,14.25],"tintindex":0,"rotation":0,"texture":"#0"},"up":{"uv":[9.125,15.0,9.625,14.5],"tintindex":0,"rotation":0,"texture":"#0"},"down":{"uv":[9.625,14.5,10.125,15.0],"tintindex":0,"rotation":0,"texture":"#0"}}}],"display":{"gui":{"rotation":[30,225,0]}}}