{"textures":{"1":"modelengine:entity/boreal_druid_owl"},"elements":[{"from":[7.0,4.9598446,6.0617943],"to":[9.0,7.9598446,8.061794],"faces":{"east":{"uv":[10.75,7.0,10.25,7.75],"tintindex":0,"rotation":0,"texture":"#1"},"south":{"uv":[10.75,6.25,10.25,7.0],"tintindex":0,"rotation":0,"texture":"#1"},"north":{"uv":[10.75,4.75,10.25,5.5],"tintindex":0,"rotation":0,"texture":"#1"},"west":{"uv":[10.75,5.5,10.25,6.25],"tintindex":0,"rotation":0,"texture":"#1"},"up":{"uv":[10.25,10.5,10.75,10.0],"tintindex":0,"rotation":0,"texture":"#1"},"down":{"uv":[10.25,10.5,10.75,11.0],"tintindex":0,"rotation":0,"texture":"#1"}}},{"from":[6.0,2.5,5.75],"to":[10.0,5.5,8.75],"faces":{"east":{"uv":[11.0,0.75,10.25,1.5],"tintindex":0,"rotation":0,"texture":"#1"},"south":{"uv":[10.75,4.0,9.75,4.75],"tintindex":0,"rotation":0,"texture":"#1"},"north":{"uv":[9.75,1.25,8.75,2.0],"tintindex":0,"rotation":0,"texture":"#1"},"west":{"uv":[11.0,0.0,10.25,0.75],"tintindex":0,"rotation":0,"texture":"#1"},"up":{"uv":[10.0,9.5,11.0,8.75],"tintindex":0,"rotation":0,"texture":"#1"},"down":{"uv":[9.0,10.0,10.0,10.75],"tintindex":0,"rotation":0,"texture":"#1"}},"rotation":{"origin":[7.0,4.0,7.25],"angle":-22.5,"axis":"x"}}],"display":{"gui":{"rotation":[30,225,0]}}}