{"textures":{"0":"modelengine:entity/boreal_druid_2"},"elements":[{"from":[-0.92689896,12.264442,12.46194],"to":[9.073101,12.264442,16.46194],"faces":{"up":{"uv":[13.0,3.0,14.25,2.5],"tintindex":0,"rotation":0,"texture":"#0"},"down":{"uv":[14.25,2.5,13.0,3.0],"tintindex":0,"rotation":0,"texture":"#0"}},"rotation":{"origin":[4.073101,12.264442,14.46194],"angle":-22.5,"axis":"x"}},{"from":[-1.5,4.5,12.5],"to":[-1.5,11.5,15.5],"faces":{"east":{"uv":[5.0,8.0,5.375,8.875],"tintindex":0,"rotation":0,"texture":"#0"},"west":{"uv":[5.375,8.0,5.0,8.875],"tintindex":0,"rotation":0,"texture":"#0"}},"rotation":{"origin":[-1.5,8.0,14.0],"angle":-22.5,"axis":"y"}},{"from":[-0.92689896,4.5,1.6137981],"to":[9.073101,11.5,12.613798],"faces":{"east":{"uv":[11.625,1.25,10.25,2.125],"tintindex":0,"rotation":0,"texture":"#0"},"south":{"uv":[11.0,10.5,9.75,11.375],"tintindex":0,"rotation":0,"texture":"#0"},"north":{"uv":[9.75,10.5,8.5,11.375],"tintindex":0,"rotation":0,"texture":"#0"},"west":{"uv":[11.5,4.25,10.125,5.125],"tintindex":0,"rotation":0,"texture":"#0"},"up":{"uv":[5.375,8.875,6.625,7.5],"tintindex":0,"rotation":0,"texture":"#0"},"down":{"uv":[7.5,6.0,8.75,7.375],"tintindex":0,"rotation":0,"texture":"#0"}}},{"from":[0.57310104,1.5,3.1137981],"to":[8.573101,4.5,12.113798],"faces":{"east":{"uv":[15.25,7.5,14.125,7.875],"tintindex":0,"rotation":0,"texture":"#0"},"south":{"uv":[10.625,14.125,9.625,14.5],"tintindex":0,"rotation":0,"texture":"#0"},"north":{"uv":[9.625,14.125,8.625,14.5],"tintindex":0,"rotation":0,"texture":"#0"},"west":{"uv":[14.75,14.0,13.625,14.375],"tintindex":0,"rotation":0,"texture":"#0"},"up":{"uv":[10.25,3.25,11.25,2.125],"tintindex":0,"rotation":0,"texture":"#0"},"down":{"uv":[6.25,10.25,7.25,11.375],"tintindex":0,"rotation":0,"texture":"#0"}}},{"from":[-3.8127174,12.074024,1.6137981],"to":[-0.81271744,12.074024,12.613798],"faces":{"up":{"uv":[13.25,13.125,13.625,11.75],"tintindex":0,"rotation":0,"texture":"#0"},"down":{"uv":[13.25,11.75,13.625,13.125],"tintindex":0,"rotation":0,"texture":"#0"}},"rotation":{"origin":[-2.3127174,12.074024,7.113798],"angle":-22.5,"axis":"z"}},{"from":[-1.9868526,4.5,8.175165],"to":[-1.9868526,11.5,11.175165],"faces":{"east":{"uv":[14.25,0.0,14.625,0.875],"tintindex":0,"rotation":0,"texture":"#0"},"west":{"uv":[14.625,0.0,14.25,0.875],"tintindex":0,"rotation":0,"texture":"#0"}},"rotation":{"origin":[-1.9868526,8.0,9.675165],"angle":-45.0,"axis":"y"}},{"from":[8.633761,4.5,0.5531378],"to":[11.633761,11.5,0.5531378],"faces":{"south":{"uv":[4.75,14.25,5.125,15.125],"tintindex":0,"rotation":0,"texture":"#0"},"north":{"uv":[5.125,14.25,4.75,15.125],"tintindex":0,"rotation":0,"texture":"#0"}},"rotation":{"origin":[10.133761,8.0,0.5531378],"angle":45.0,"axis":"y"}}],"display":{"gui":{"rotation":[30,225,0]}}}