{"textures":{"0":"modelengine:entity/boreal_druid_2"},"elements":[{"from":[6.0,-1.0,8.0],"to":[10.0,8.0,13.0],"faces":{"east":{"uv":[13.0,2.0,12.375,3.125],"tintindex":0,"rotation":0,"texture":"#0"},"south":{"uv":[8.625,13.125,8.125,14.25],"tintindex":0,"rotation":0,"texture":"#0"},"north":{"uv":[7.5,13.125,7.0,14.25],"tintindex":0,"rotation":0,"texture":"#0"},"west":{"uv":[13.0,0.875,12.375,2.0],"tintindex":0,"rotation":0,"texture":"#0"},"up":{"uv":[11.0,15.0,11.5,14.375],"tintindex":0,"rotation":0,"texture":"#0"},"down":{"uv":[11.5,14.375,12.0,15.0],"tintindex":0,"rotation":0,"texture":"#0"}}},{"from":[5.0,4.0,7.0],"to":[11.0,8.0,14.0],"faces":{"east":{"uv":[14.5,4.375,13.625,4.875],"tintindex":0,"rotation":0,"texture":"#0"},"south":{"uv":[14.875,10.75,14.125,11.25],"tintindex":0,"rotation":0,"texture":"#0"},"north":{"uv":[2.5,10.625,1.75,11.125],"tintindex":0,"rotation":0,"texture":"#0"},"west":{"uv":[11.0,5.125,10.125,5.625],"tintindex":0,"rotation":0,"texture":"#0"},"up":{"uv":[12.75,10.0,13.5,9.125],"tintindex":0,"rotation":0,"texture":"#0"},"down":{"uv":[12.875,0.0,13.625,0.875],"tintindex":0,"rotation":0,"texture":"#0"}}}],"display":{"gui":{"rotation":[30,225,0]}}}