{"textures":{"0":"modelengine:entity/boreal_druid_2"},"elements":[{"from":[0.9499998,0.29999924,3.4],"to":[7.95,10.299999,11.4],"faces":{"east":{"uv":[11.0,5.625,10.0,6.875],"tintindex":0,"rotation":0,"texture":"#0"},"south":{"uv":[1.75,10.625,0.875,11.875],"tintindex":0,"rotation":0,"texture":"#0"},"north":{"uv":[0.875,10.625,0.0,11.875],"tintindex":0,"rotation":0,"texture":"#0"},"west":{"uv":[11.0,0.0,10.0,1.25],"tintindex":0,"rotation":0,"texture":"#0"},"up":{"uv":[11.5,5.125,12.375,4.125],"tintindex":0,"rotation":0,"texture":"#0"},"down":{"uv":[11.5,11.25,12.375,12.25],"tintindex":0,"rotation":0,"texture":"#0"}}}],"display":{"gui":{"rotation":[30,225,0]}}}