{"textures":{"1":"modelengine:entity/boreal_druid_owl"},"elements":[{"from":[5.499999,15.208899,6.8595724],"to":[10.5,15.208899,15.859572],"faces":{"up":{"uv":[16.0,2.25,14.75,0.0],"tintindex":0,"rotation":0,"texture":"#1"},"down":{"uv":[14.75,0.0,16.0,2.25],"tintindex":0,"rotation":0,"texture":"#1"}},"rotation":{"origin":[6.0,17.721151,8.157841],"angle":-22.5,"axis":"x"}},{"from":[10.0,9.999998,3.9],"to":[11.0,10.999998,3.9],"faces":{"south":{"uv":[6.5,0.0,6.75,0.25],"tintindex":0,"rotation":0,"texture":"#1"},"north":{"uv":[12.75,0.0,13.0,0.25],"tintindex":0,"rotation":0,"texture":"#1"}}},{"from":[7.0,8.0,3.0],"to":[9.0,9.999998,4.0],"faces":{"east":{"uv":[10.25,1.5,10.5,2.0],"tintindex":0,"rotation":0,"texture":"#1"},"south":{"uv":[10.25,2.25,10.75,2.75],"tintindex":0,"rotation":0,"texture":"#1"},"north":{"uv":[5.75,7.75,6.25,8.25],"tintindex":0,"rotation":0,"texture":"#1"},"west":{"uv":[10.25,3.0,10.5,3.5],"tintindex":0,"rotation":0,"texture":"#1"},"up":{"uv":[10.75,8.25,10.25,8.0],"tintindex":0,"rotation":0,"texture":"#1"},"down":{"uv":[10.75,9.5,10.25,9.75],"tintindex":0,"rotation":0,"texture":"#1"}}},{"from":[3.499999,8.0,4.0],"to":[12.5,14.999998,13.0],"faces":{"east":{"uv":[6.25,4.75,8.5,6.5],"tintindex":0,"rotation":0,"texture":"#1"},"south":{"uv":[6.5,0.0,8.75,1.75],"tintindex":0,"rotation":0,"texture":"#1"},"north":{"uv":[6.0,2.75,8.25,4.5],"tintindex":0,"rotation":0,"texture":"#1"},"west":{"uv":[6.25,6.75,8.5,8.5],"tintindex":0,"rotation":0,"texture":"#1"},"up":{"uv":[6.25,7.75,4.0,5.5],"tintindex":0,"rotation":0,"texture":"#1"},"down":{"uv":[2.25,5.75,0.0,8.0],"tintindex":0,"rotation":0,"texture":"#1"}}},{"from":[4.999999,9.999998,3.9],"to":[6.0,10.999998,3.9],"faces":{"south":{"uv":[6.5,0.0,6.75,0.25],"tintindex":0,"rotation":0,"texture":"#1"},"north":{"uv":[12.75,0.0,13.0,0.25],"tintindex":0,"rotation":0,"texture":"#1"}}}],"display":{"gui":{"rotation":[30,225,0]}}}