{"textures":{"1":"modelengine:entity/boreal_druid_owl"},"elements":[{"from":[3.4029884,11.713882,4.8379974],"to":[12.402988,22.713882,12.837997],"faces":{"east":{"uv":[4.0,2.75,6.0,5.5],"tintindex":0,"rotation":0,"texture":"#1"},"south":{"uv":[2.25,0.0,4.5,2.75],"tintindex":0,"rotation":0,"texture":"#1"},"north":{"uv":[0.0,0.0,2.25,2.75],"tintindex":0,"rotation":0,"texture":"#1"},"west":{"uv":[4.5,0.0,6.5,2.75],"tintindex":0,"rotation":0,"texture":"#1"},"up":{"uv":[4.5,9.75,2.25,7.75],"tintindex":0,"rotation":0,"texture":"#1"},"down":{"uv":[2.25,8.0,0.0,10.0],"tintindex":0,"rotation":0,"texture":"#1"}}}],"display":{"gui":{"rotation":[30,225,0]}}}