{"textures":{"0":"modelengine:entity/boreal_druid_2"},"elements":[{"from":[8.05,0.29999924,3.4],"to":[15.05,10.299999,11.4],"faces":{"east":{"uv":[10.0,0.0,11.0,1.25],"tintindex":0,"rotation":0,"texture":"#0"},"south":{"uv":[0.875,10.625,1.75,11.875],"tintindex":0,"rotation":0,"texture":"#0"},"north":{"uv":[0.0,10.625,0.875,11.875],"tintindex":0,"rotation":0,"texture":"#0"},"west":{"uv":[10.0,5.625,11.0,6.875],"tintindex":0,"rotation":0,"texture":"#0"},"up":{"uv":[12.375,5.125,11.5,4.125],"tintindex":0,"rotation":0,"texture":"#0"},"down":{"uv":[12.375,11.25,11.5,12.25],"tintindex":0,"rotation":0,"texture":"#0"}}}],"display":{"gui":{"rotation":[30,225,0]}}}