{"textures":{"0":"modelengine:entity/boreal_druid_2"},"elements":[{"from":[5.833333,-1.0,4.0],"to":[9.833333,8.0,8.0],"faces":{"east":{"uv":[4.75,13.125,5.25,14.25],"tintindex":0,"rotation":0,"texture":"#0"},"south":{"uv":[6.0,13.125,6.5,14.25],"tintindex":0,"rotation":0,"texture":"#0"},"north":{"uv":[10.625,13.0,11.125,14.125],"tintindex":0,"rotation":0,"texture":"#0"},"west":{"uv":[6.5,13.125,7.0,14.25],"tintindex":0,"rotation":0,"texture":"#0"},"up":{"uv":[9.625,15.0,9.125,14.5],"tintindex":0,"rotation":0,"texture":"#0"},"down":{"uv":[10.125,14.5,9.625,15.0],"tintindex":0,"rotation":0,"texture":"#0"}}}],"display":{"gui":{"rotation":[30,225,0]}}}