{"textures":{"1":"modelengine:entity/boreal_druid_owl"},"elements":[{"from":[8.0,-4.0,4.0],"to":[10.0,8.0,12.0],"faces":{"east":{"uv":[4.0,2.75,2.0,5.75],"tintindex":0,"rotation":0,"texture":"#1"},"south":{"uv":[9.0,8.75,8.5,11.75],"tintindex":0,"rotation":0,"texture":"#1"},"north":{"uv":[8.5,8.75,8.0,11.75],"tintindex":0,"rotation":0,"texture":"#1"},"west":{"uv":[2.0,2.75,0.0,5.75],"tintindex":0,"rotation":0,"texture":"#1"},"up":{"uv":[9.75,2.0,10.25,0.0],"tintindex":0,"rotation":0,"texture":"#1"},"down":{"uv":[9.75,2.0,10.25,4.0],"tintindex":0,"rotation":0,"texture":"#1"}}}],"display":{"gui":{"rotation":[30,225,0]}}}