{"textures":{"0":"modelengine:entity/boreal_druid_2"},"elements":[{"from":[4.3662386,4.5,0.5531378],"to":[7.3662386,11.5,0.5531378],"faces":{"south":{"uv":[5.875,14.25,6.25,15.125],"tintindex":0,"rotation":0,"texture":"#0"},"north":{"uv":[4.75,14.25,5.125,15.125],"tintindex":0,"rotation":0,"texture":"#0"}},"rotation":{"origin":[5.8662386,8.0,0.5531378],"angle":-45.0,"axis":"y"}},{"from":[6.926899,4.5,1.6137981],"to":[16.926899,11.5,12.613798],"faces":{"east":{"uv":[10.125,4.25,11.5,5.125],"tintindex":0,"rotation":0,"texture":"#0"},"south":{"uv":[9.75,10.5,11.0,11.375],"tintindex":0,"rotation":0,"texture":"#0"},"north":{"uv":[8.5,10.5,9.75,11.375],"tintindex":0,"rotation":0,"texture":"#0"},"west":{"uv":[10.25,1.25,11.625,2.125],"tintindex":0,"rotation":0,"texture":"#0"},"up":{"uv":[6.625,8.875,5.375,7.5],"tintindex":0,"rotation":0,"texture":"#0"},"down":{"uv":[8.75,6.0,7.5,7.375],"tintindex":0,"rotation":0,"texture":"#0"}}},{"from":[17.5,4.5,12.5],"to":[17.5,11.5,15.5],"faces":{"east":{"uv":[5.0,8.0,5.375,8.875],"tintindex":0,"rotation":0,"texture":"#0"},"west":{"uv":[5.375,8.0,5.0,8.875],"tintindex":0,"rotation":0,"texture":"#0"}},"rotation":{"origin":[17.5,8.0,14.0],"angle":22.5,"axis":"y"}},{"from":[7.426899,1.5,3.1137981],"to":[15.426899,4.5,12.113798],"faces":{"east":{"uv":[13.625,14.0,14.75,14.375],"tintindex":0,"rotation":0,"texture":"#0"},"south":{"uv":[9.625,14.125,10.625,14.5],"tintindex":0,"rotation":0,"texture":"#0"},"north":{"uv":[8.625,14.125,9.625,14.5],"tintindex":0,"rotation":0,"texture":"#0"},"west":{"uv":[14.125,7.5,15.25,7.875],"tintindex":0,"rotation":0,"texture":"#0"},"up":{"uv":[11.25,3.25,10.25,2.125],"tintindex":0,"rotation":0,"texture":"#0"},"down":{"uv":[7.25,10.25,6.25,11.375],"tintindex":0,"rotation":0,"texture":"#0"}}},{"from":[17.986853,4.5,8.175165],"to":[17.986853,11.5,11.175165],"faces":{"east":{"uv":[14.25,0.0,14.625,0.875],"tintindex":0,"rotation":0,"texture":"#0"},"west":{"uv":[14.625,0.0,14.25,0.875],"tintindex":0,"rotation":0,"texture":"#0"}},"rotation":{"origin":[17.986853,8.0,9.675165],"angle":45.0,"axis":"y"}},{"from":[6.926899,12.264442,12.46194],"to":[16.926899,12.264442,16.46194],"faces":{"up":{"uv":[14.25,3.0,13.0,2.5],"tintindex":0,"rotation":0,"texture":"#0"},"down":{"uv":[13.0,2.5,14.25,3.0],"tintindex":0,"rotation":0,"texture":"#0"}},"rotation":{"origin":[11.926899,12.264442,14.46194],"angle":-22.5,"axis":"x"}},{"from":[16.812717,12.074024,1.6137981],"to":[19.812717,12.074024,12.613798],"faces":{"up":{"uv":[13.625,13.125,13.25,11.75],"tintindex":0,"rotation":0,"texture":"#0"},"down":{"uv":[13.625,11.75,13.25,13.125],"tintindex":0,"rotation":0,"texture":"#0"}},"rotation":{"origin":[18.312717,12.074024,7.113798],"angle":22.5,"axis":"z"}}],"display":{"gui":{"rotation":[30,225,0]}}}