{"textures":{"0":"modelengine:entity/boreal_druid_2"},"elements":[{"from":[5.5,-1.0,7.0],"to":[10.5,8.0,13.0],"faces":{"east":{"uv":[11.625,1.0,12.375,2.125],"tintindex":0,"rotation":0,"texture":"#0"},"south":{"uv":[12.125,12.25,12.75,13.375],"tintindex":0,"rotation":0,"texture":"#0"},"north":{"uv":[11.5,12.25,12.125,13.375],"tintindex":0,"rotation":0,"texture":"#0"},"west":{"uv":[11.625,3.0,12.375,4.125],"tintindex":0,"rotation":0,"texture":"#0"},"up":{"uv":[0.625,14.625,0.0,13.875],"tintindex":0,"rotation":0,"texture":"#0"},"down":{"uv":[14.5,3.0,13.875,3.75],"tintindex":0,"rotation":0,"texture":"#0"}}}],"display":{"gui":{"rotation":[30,225,0]}}}