{"textures":{"0":"modelengine:entity/boreal_druid_2"},"elements":[{"from":[6.0,-1.0,8.0],"to":[10.0,8.0,13.0],"faces":{"east":{"uv":[12.375,0.875,13.0,2.0],"tintindex":0,"rotation":0,"texture":"#0"},"south":{"uv":[8.125,13.125,8.625,14.25],"tintindex":0,"rotation":0,"texture":"#0"},"north":{"uv":[7.0,13.125,7.5,14.25],"tintindex":0,"rotation":0,"texture":"#0"},"west":{"uv":[12.375,2.0,13.0,3.125],"tintindex":0,"rotation":0,"texture":"#0"},"up":{"uv":[11.5,15.0,11.0,14.375],"tintindex":0,"rotation":0,"texture":"#0"},"down":{"uv":[12.0,14.375,11.5,15.0],"tintindex":0,"rotation":0,"texture":"#0"}}},{"from":[5.0,4.0,7.0],"to":[11.0,8.0,14.0],"faces":{"east":{"uv":[10.125,5.125,11.0,5.625],"tintindex":0,"rotation":0,"texture":"#0"},"south":{"uv":[14.125,10.75,14.875,11.25],"tintindex":0,"rotation":0,"texture":"#0"},"north":{"uv":[1.75,10.625,2.5,11.125],"tintindex":0,"rotation":0,"texture":"#0"},"west":{"uv":[13.625,4.375,14.5,4.875],"tintindex":0,"rotation":0,"texture":"#0"},"up":{"uv":[13.5,10.0,12.75,9.125],"tintindex":0,"rotation":0,"texture":"#0"},"down":{"uv":[13.625,0.0,12.875,0.875],"tintindex":0,"rotation":0,"texture":"#0"}}}],"display":{"gui":{"rotation":[30,225,0]}}}