{"textures":{"1":"modelengine:entity/boreal_druid_owl"},"elements":[{"from":[7.0,3.9598446,5.8117943],"to":[11.0,8.959843,9.811794],"faces":{"east":{"uv":[9.0,8.75,10.0,10.0],"tintindex":0,"rotation":0,"texture":"#1"},"south":{"uv":[9.25,6.25,10.25,7.5],"tintindex":0,"rotation":0,"texture":"#1"},"north":{"uv":[8.75,0.0,9.75,1.25],"tintindex":0,"rotation":0,"texture":"#1"},"west":{"uv":[9.25,7.5,10.25,8.75],"tintindex":0,"rotation":0,"texture":"#1"},"up":{"uv":[3.25,10.75,2.25,9.75],"tintindex":0,"rotation":0,"texture":"#1"},"down":{"uv":[4.25,9.75,3.25,10.75],"tintindex":0,"rotation":0,"texture":"#1"}}}],"display":{"gui":{"rotation":[30,225,0]}}}