{"textures":{"0":"modelengine:entity/boreal_druid_2"},"elements":[{"from":[1.0,-6.886202,13.573101],"to":[15.0,-3.8862019,13.573101],"faces":{"south":{"uv":[14.0,6.875,12.25,7.25],"tintindex":0,"rotation":0,"texture":"#0"},"north":{"uv":[12.25,6.875,14.0,7.25],"tintindex":0,"rotation":0,"texture":"#0"}},"rotation":{"origin":[8.0,-5.386202,13.573101],"angle":-22.5,"axis":"x"}},{"from":[1.0,-4.0,3.0],"to":[15.0,8.0,13.0],"faces":{"east":{"uv":[2.5,6.375,1.25,7.875],"tintindex":0,"rotation":0,"texture":"#0"},"south":{"uv":[2.0,1.5,3.75,3.0],"tintindex":0,"rotation":0,"texture":"#0"},"north":{"uv":[2.0,0.0,3.75,1.5],"tintindex":0,"rotation":0,"texture":"#0"},"west":{"uv":[1.25,6.375,2.5,7.875],"tintindex":0,"rotation":0,"texture":"#0"},"up":{"uv":[7.75,3.5,6.0,2.25],"tintindex":0,"rotation":0,"texture":"#0"},"down":{"uv":[7.75,3.5,6.0,4.75],"tintindex":0,"rotation":0,"texture":"#0"}}},{"from":[1.0,-6.8858194,2.4259748],"to":[15.0,-3.8858194,2.4259748],"faces":{"south":{"uv":[14.0,6.875,12.25,7.25],"tintindex":0,"rotation":0,"texture":"#0"},"north":{"uv":[12.25,6.875,14.0,7.25],"tintindex":0,"rotation":0,"texture":"#0"}},"rotation":{"origin":[8.0,-5.3858194,2.4259748],"angle":22.5,"axis":"x"}}],"display":{"gui":{"rotation":[30,225,0]}}}