{"textures":{"0":"modelengine:entity/boreal_druid_2"},"elements":[{"from":[6.8435755,14.734106,7.25],"to":[8.8435755,18.734104,8.75],"faces":{"east":{"uv":[7.75,14.0,8.125,15.0],"tintindex":0,"rotation":0,"texture":"#0"},"south":{"uv":[11.5,13.375,12.0,14.375],"tintindex":0,"rotation":0,"texture":"#0"},"north":{"uv":[13.375,3.0,13.875,4.0],"tintindex":0,"rotation":0,"texture":"#0"},"west":{"uv":[2.875,14.125,3.25,15.125],"tintindex":0,"rotation":0,"texture":"#0"},"up":{"uv":[15.0,7.5,14.5,7.125],"tintindex":0,"rotation":0,"texture":"#0"},"down":{"uv":[10.625,14.5,10.125,14.875],"tintindex":0,"rotation":0,"texture":"#0"}}},{"from":[5.3435755,20.234104,8.0],"to":[10.3435755,24.734104,8.0],"faces":{"south":{"uv":[10.0,6.0,8.75,7.125],"tintindex":0,"rotation":0,"texture":"#0"},"north":{"uv":[8.75,6.0,10.0,7.125],"tintindex":0,"rotation":0,"texture":"#0"}}},{"from":[5.3435755,18.734104,7.25],"to":[10.3435755,20.234104,8.75],"faces":{"east":{"uv":[14.625,0.0,15.0,0.375],"tintindex":0,"rotation":0,"texture":"#0"},"south":{"uv":[13.0,10.375,14.25,10.75],"tintindex":0,"rotation":0,"texture":"#0"},"north":{"uv":[13.0,10.0,14.25,10.375],"tintindex":0,"rotation":0,"texture":"#0"},"west":{"uv":[14.625,0.375,15.0,0.75],"tintindex":0,"rotation":0,"texture":"#0"},"up":{"uv":[14.625,4.375,13.375,4.0],"tintindex":0,"rotation":0,"texture":"#0"},"down":{"uv":[14.75,5.5,13.5,5.875],"tintindex":0,"rotation":0,"texture":"#0"}}},{"from":[5.3435755,24.734104,7.25],"to":[10.3435755,26.234104,8.75],"faces":{"east":{"uv":[14.625,1.125,15.0,1.5],"tintindex":0,"rotation":0,"texture":"#0"},"south":{"uv":[13.5,6.25,14.75,6.625],"tintindex":0,"rotation":0,"texture":"#0"},"north":{"uv":[13.5,5.875,14.75,6.25],"tintindex":0,"rotation":0,"texture":"#0"},"west":{"uv":[1.375,14.625,1.75,15.0],"tintindex":0,"rotation":0,"texture":"#0"},"up":{"uv":[14.75,9.5,13.5,9.125],"tintindex":0,"rotation":0,"texture":"#0"},"down":{"uv":[14.75,9.5,13.5,9.875],"tintindex":0,"rotation":0,"texture":"#0"}}},{"from":[7.0935755,26.234104,7.5],"to":[10.5935755,27.734104,8.5],"faces":{"east":{"uv":[4.0,2.625,3.75,3.0],"tintindex":0,"rotation":0,"texture":"#0"},"south":{"uv":[15.0,11.25,14.125,11.625],"tintindex":0,"rotation":0,"texture":"#0"},"north":{"uv":[11.625,7.875,10.75,8.25],"tintindex":0,"rotation":0,"texture":"#0"},"west":{"uv":[4.0,2.25,3.75,2.625],"tintindex":0,"rotation":0,"texture":"#0"},"up":{"uv":[7.75,4.75,8.625,4.5],"tintindex":0,"rotation":0,"texture":"#0"},"down":{"uv":[8.75,7.125,9.625,7.375],"tintindex":0,"rotation":0,"texture":"#0"}},"rotation":{"origin":[9.5935755,26.984104,8.25],"angle":45.0,"axis":"z"}},{"from":[10.3435755,18.734104,7.25],"to":[11.8435755,26.234104,8.75],"faces":{"east":{"uv":[3.375,12.0,3.75,13.875],"tintindex":0,"rotation":0,"texture":"#0"},"south":{"uv":[7.75,12.125,8.125,14.0],"tintindex":0,"rotation":0,"texture":"#0"},"north":{"uv":[5.625,11.875,6.0,13.75],"tintindex":0,"rotation":0,"texture":"#0"},"west":{"uv":[8.75,12.25,9.125,14.125],"tintindex":0,"rotation":0,"texture":"#0"},"up":{"uv":[11.0,13.0,10.625,12.625],"tintindex":0,"rotation":0,"texture":"#0"},"down":{"uv":[13.25,11.75,12.875,12.125],"tintindex":0,"rotation":0,"texture":"#0"}}},{"from":[-4.1564236,23.234104,8.0],"to":[3.8435755,29.234104,8.0],"faces":{"south":{"uv":[2.0,0.0,0.0,1.5],"tintindex":0,"rotation":0,"texture":"#0"},"north":{"uv":[0.0,0.0,2.0,1.5],"tintindex":0,"rotation":0,"texture":"#0"}}},{"from":[7.0935755,-4.265894,7.25],"to":[8.5935755,14.734106,8.75],"faces":{"east":{"uv":[2.875,6.375,3.25,11.125],"tintindex":0,"rotation":0,"texture":"#0"},"south":{"uv":[3.25,6.375,3.625,11.125],"tintindex":0,"rotation":0,"texture":"#0"},"north":{"uv":[2.5,6.375,2.875,11.125],"tintindex":0,"rotation":0,"texture":"#0"},"west":{"uv":[3.625,6.375,4.0,11.125],"tintindex":0,"rotation":0,"texture":"#0"},"up":{"uv":[12.375,11.125,12.0,10.75],"tintindex":0,"rotation":0,"texture":"#0"},"down":{"uv":[11.0,12.25,10.625,12.625],"tintindex":0,"rotation":0,"texture":"#0"}}},{"from":[11.8435755,23.234104,8.0],"to":[19.843576,29.234104,8.0],"faces":{"south":{"uv":[0.0,0.0,2.0,1.5],"tintindex":0,"rotation":0,"texture":"#0"},"north":{"uv":[2.0,0.0,0.0,1.5],"tintindex":0,"rotation":0,"texture":"#0"}}},{"from":[5.0935755,26.234104,7.5],"to":[8.5935755,27.734104,8.5],"faces":{"east":{"uv":[3.75,2.25,4.0,2.625],"tintindex":0,"rotation":0,"texture":"#0"},"south":{"uv":[14.125,11.25,15.0,11.625],"tintindex":0,"rotation":0,"texture":"#0"},"north":{"uv":[10.75,7.875,11.625,8.25],"tintindex":0,"rotation":0,"texture":"#0"},"west":{"uv":[3.75,2.625,4.0,3.0],"tintindex":0,"rotation":0,"texture":"#0"},"up":{"uv":[8.625,4.75,7.75,4.5],"tintindex":0,"rotation":0,"texture":"#0"},"down":{"uv":[9.625,7.125,8.75,7.375],"tintindex":0,"rotation":0,"texture":"#0"}},"rotation":{"origin":[6.0935755,26.984104,8.25],"angle":-45.0,"axis":"z"}},{"from":[6.0,-7.25,7.0],"to":[8.0,-3.75,9.0],"faces":{"east":{"uv":[2.375,13.625,2.875,14.5],"tintindex":0,"rotation":0,"texture":"#0"},"south":{"uv":[3.375,13.875,3.875,14.75],"tintindex":0,"rotation":0,"texture":"#0"},"north":{"uv":[12.75,13.5,13.25,14.375],"tintindex":0,"rotation":0,"texture":"#0"},"west":{"uv":[3.875,13.875,4.375,14.75],"tintindex":0,"rotation":0,"texture":"#0"},"up":{"uv":[14.75,14.0,14.25,13.5],"tintindex":0,"rotation":0,"texture":"#0"},"down":{"uv":[13.0,14.375,12.5,14.875],"tintindex":0,"rotation":0,"texture":"#0"}},"rotation":{"origin":[7.0,-5.5,8.0],"angle":-22.5,"axis":"z"}},{"from":[3.8435755,18.734104,7.25],"to":[5.3435755,26.234104,8.75],"faces":{"east":{"uv":[9.5,12.25,9.875,14.125],"tintindex":0,"rotation":0,"texture":"#0"},"south":{"uv":[9.875,12.25,10.25,14.125],"tintindex":0,"rotation":0,"texture":"#0"},"north":{"uv":[9.125,12.25,9.5,14.125],"tintindex":0,"rotation":0,"texture":"#0"},"west":{"uv":[10.25,12.25,10.625,14.125],"tintindex":0,"rotation":0,"texture":"#0"},"up":{"uv":[15.0,1.125,14.625,0.75],"tintindex":0,"rotation":0,"texture":"#0"},"down":{"uv":[1.375,14.625,1.0,15.0],"tintindex":0,"rotation":0,"texture":"#0"}}}],"display":{"gui":{"rotation":[30,225,0]}}}