{"textures":{"1":"modelengine:entity/boreal_druid_owl"},"elements":[{"from":[6.5,-2.0,7.0],"to":[9.5,8.0,8.0],"faces":{"east":{"uv":[2.0,10.0,2.25,12.5],"tintindex":0,"rotation":0,"texture":"#1"},"south":{"uv":[7.25,8.75,8.0,11.25],"tintindex":0,"rotation":0,"texture":"#1"},"north":{"uv":[6.5,8.75,7.25,11.25],"tintindex":0,"rotation":0,"texture":"#1"},"west":{"uv":[10.0,9.5,10.25,12.0],"tintindex":0,"rotation":0,"texture":"#1"},"up":{"uv":[11.5,2.0,10.75,1.75],"tintindex":0,"rotation":0,"texture":"#1"},"down":{"uv":[11.5,2.0,10.75,2.25],"tintindex":0,"rotation":0,"texture":"#1"}}}],"display":{"gui":{"rotation":[30,225,0]}}}