{"textures":{"1":"modelengine:entity/boreal_druid_owl"},"elements":[{"from":[6.499999,-2.0,7.0],"to":[9.5,8.0,8.0],"faces":{"east":{"uv":[8.25,2.0,8.5,4.5],"tintindex":0,"rotation":0,"texture":"#1"},"south":{"uv":[5.75,8.75,6.5,11.25],"tintindex":0,"rotation":0,"texture":"#1"},"north":{"uv":[8.5,6.25,9.25,8.75],"tintindex":0,"rotation":0,"texture":"#1"},"west":{"uv":[1.75,10.0,2.0,12.5],"tintindex":0,"rotation":0,"texture":"#1"},"up":{"uv":[11.0,8.75,10.25,8.5],"tintindex":0,"rotation":0,"texture":"#1"},"down":{"uv":[11.5,1.5,10.75,1.75],"tintindex":0,"rotation":0,"texture":"#1"}}}],"display":{"gui":{"rotation":[30,225,0]}}}