{"textures":{"1":"modelengine:entity/boreal_druid_owl"},"elements":[{"from":[4.499999,4.0,4.0],"to":[11.5,9.0,7.0],"faces":{"east":{"uv":[0.0,10.0,0.75,11.25],"tintindex":0,"rotation":0,"texture":"#1"},"south":{"uv":[8.5,5.0,10.25,6.25],"tintindex":0,"rotation":0,"texture":"#1"},"north":{"uv":[2.25,5.75,4.0,7.0],"tintindex":0,"rotation":0,"texture":"#1"},"west":{"uv":[0.75,10.0,1.5,11.25],"tintindex":0,"rotation":0,"texture":"#1"},"up":{"uv":[8.25,2.75,6.5,2.0],"tintindex":0,"rotation":0,"texture":"#1"},"down":{"uv":[4.0,7.0,2.25,7.75],"tintindex":0,"rotation":0,"texture":"#1"}}},{"from":[5.499999,-4.0,7.0],"to":[10.5,8.0,8.0],"faces":{"east":{"uv":[4.25,9.75,4.5,12.75],"tintindex":0,"rotation":0,"texture":"#1"},"south":{"uv":[8.5,2.0,9.75,5.0],"tintindex":0,"rotation":0,"texture":"#1"},"north":{"uv":[4.5,7.75,5.75,10.75],"tintindex":0,"rotation":0,"texture":"#1"},"west":{"uv":[1.5,10.0,1.75,13.0],"tintindex":0,"rotation":0,"texture":"#1"},"up":{"uv":[11.5,4.0,10.25,3.75],"tintindex":0,"rotation":0,"texture":"#1"},"down":{"uv":[11.5,7.75,10.25,8.0],"tintindex":0,"rotation":0,"texture":"#1"}}}],"display":{"gui":{"rotation":[30,225,0]}}}