{"textures":{"0":"modelengine:entity/boreal_druid_2"},"elements":[{"from":[2.0,3.5,4.0],"to":[14.0,14.5,12.0],"faces":{"east":{"uv":[7.625,9.0,8.625,10.375],"tintindex":0,"rotation":0,"texture":"#0"},"south":{"uv":[6.0,6.125,7.5,7.5],"tintindex":0,"rotation":0,"texture":"#0"},"north":{"uv":[6.0,4.75,7.5,6.125],"tintindex":0,"rotation":0,"texture":"#0"},"west":{"uv":[8.625,9.0,7.625,10.375],"tintindex":0,"rotation":0,"texture":"#0"},"up":{"uv":[10.25,2.25,8.75,1.25],"tintindex":0,"rotation":0,"texture":"#0"},"down":{"uv":[10.25,2.25,8.75,3.25],"tintindex":0,"rotation":0,"texture":"#0"}}}],"display":{"gui":{"rotation":[30,225,0]}}}