{"textures":{"0":"modelengine:entity/green_onion_stage"},"elements":[{"from":[6.45,1.0,6.5],"to":[9.55,13.0,9.5],"faces":{"east":{"uv":[0.0,1.0,0.1875,1.75],"tintindex":0,"rotation":0,"texture":"#0"},"south":{"uv":[0.5625,1.0,0.75,1.75],"tintindex":0,"rotation":0,"texture":"#0"},"north":{"uv":[0.1875,1.0,0.375,1.75],"tintindex":0,"rotation":0,"texture":"#0"},"west":{"uv":[0.375,1.0,0.5625,1.75],"tintindex":0,"rotation":0,"texture":"#0"},"up":{"uv":[0.1875,1.0,0.0,0.8125],"tintindex":0,"rotation":0,"texture":"#0"},"down":{"uv":[0.375,0.8125,0.1875,1.0],"tintindex":0,"rotation":0,"texture":"#0"}}},{"from":[6.5,11.0,5.0],"to":[9.5,18.0,8.0],"faces":{"east":{"uv":[0.0,0.375,0.1875,0.8125],"tintindex":0,"rotation":0,"texture":"#0"},"south":{"uv":[0.5625,0.375,0.75,0.8125],"tintindex":0,"rotation":0,"texture":"#0"},"north":{"uv":[0.1875,0.375,0.375,0.8125],"tintindex":0,"rotation":0,"texture":"#0"},"west":{"uv":[0.375,0.375,0.5625,0.8125],"tintindex":0,"rotation":0,"texture":"#0"},"up":{"uv":[0.5625,1.0,0.375,0.8125],"tintindex":0,"rotation":0,"texture":"#0"},"down":{"uv":[0.75,0.8125,0.5625,1.0],"tintindex":0,"rotation":0,"texture":"#0"}},"rotation":{"origin":[8.0,13.0,6.5],"angle":-45.0,"axis":"x"}},{"from":[6.5,11.0,8.0],"to":[9.5,18.0,11.0],"faces":{"east":{"uv":[0.1875,0.375,0.0,0.8125],"tintindex":0,"rotation":0,"texture":"#0"},"south":{"uv":[0.1875,0.375,0.375,0.8125],"tintindex":0,"rotation":0,"texture":"#0"},"north":{"uv":[0.5625,0.375,0.75,0.8125],"tintindex":0,"rotation":0,"texture":"#0"},"west":{"uv":[0.5625,0.375,0.375,0.8125],"tintindex":0,"rotation":0,"texture":"#0"},"up":{"uv":[0.5625,0.8125,0.375,1.0],"tintindex":0,"rotation":0,"texture":"#0"},"down":{"uv":[0.75,0.8125,0.5625,1.0],"tintindex":0,"rotation":0,"texture":"#0"}},"rotation":{"origin":[8.0,13.0,9.5],"angle":45.0,"axis":"x"}}],"display":{"gui":{"rotation":[30,225,0]}}}