{"textures":{"0":"modelengine:entity/korea_cabbage_stage"},"elements":[{"from":[8.0,8.5,6.0],"to":[8.0,13.5,10.0],"faces":{"east":{"uv":[2.5625,0.0,2.8125,0.3125],"tintindex":0,"rotation":0,"texture":"#0"},"west":{"uv":[2.5625,0.0,2.8125,0.3125],"tintindex":0,"rotation":0,"texture":"#0"}}},{"from":[9.5,8.0,6.0],"to":[9.5,11.0,10.0],"faces":{"east":{"uv":[2.1875,0.375,2.4375,0.5625],"tintindex":0,"rotation":0,"texture":"#0"},"west":{"uv":[2.1875,0.375,2.4375,0.5625],"tintindex":0,"rotation":0,"texture":"#0"}},"rotation":{"origin":[9.5,8.0,8.0],"angle":-22.5,"axis":"z"}},{"from":[6.0,8.0,6.5],"to":[10.0,11.0,6.5],"faces":{"south":{"uv":[2.1875,0.375,2.4375,0.5625],"tintindex":0,"rotation":0,"texture":"#0"},"north":{"uv":[2.1875,0.375,2.4375,0.5625],"tintindex":0,"rotation":0,"texture":"#0"}},"rotation":{"origin":[8.0,8.0,6.5],"angle":-22.5,"axis":"x"}},{"from":[6.0,8.5,8.0],"to":[10.0,13.5,8.0],"faces":{"south":{"uv":[2.5625,0.0,2.8125,0.3125],"tintindex":0,"rotation":0,"texture":"#0"},"north":{"uv":[2.5625,0.0,2.8125,0.3125],"tintindex":0,"rotation":0,"texture":"#0"}}},{"from":[6.5,8.0,6.5],"to":[9.5,12.0,9.5],"faces":{"east":{"uv":[2.375,0.0,2.5625,0.25],"tintindex":0,"rotation":0,"texture":"#0"},"south":{"uv":[2.375,0.0,2.5625,0.25],"tintindex":0,"rotation":0,"texture":"#0"},"north":{"uv":[2.375,0.0,2.5625,0.25],"tintindex":0,"rotation":0,"texture":"#0"},"west":{"uv":[2.375,0.0,2.5625,0.25],"tintindex":0,"rotation":0,"texture":"#0"},"up":{"uv":[2.1875,0.0,2.375,0.1875],"tintindex":0,"rotation":0,"texture":"#0"},"down":{"uv":[2.1875,0.1875,2.375,0.375],"tintindex":0,"rotation":0,"texture":"#0"}}},{"from":[6.0,8.0,9.5],"to":[10.0,11.0,9.5],"faces":{"south":{"uv":[2.1875,0.375,2.4375,0.5625],"tintindex":0,"rotation":0,"texture":"#0"},"north":{"uv":[2.1875,0.375,2.4375,0.5625],"tintindex":0,"rotation":0,"texture":"#0"}},"rotation":{"origin":[8.0,8.0,9.5],"angle":22.5,"axis":"x"}},{"from":[6.5,8.0,6.0],"to":[6.5,11.0,10.0],"faces":{"east":{"uv":[2.1875,0.375,2.4375,0.5625],"tintindex":0,"rotation":0,"texture":"#0"},"west":{"uv":[2.1875,0.375,2.4375,0.5625],"tintindex":0,"rotation":0,"texture":"#0"}},"rotation":{"origin":[6.5,8.0,8.0],"angle":22.5,"axis":"z"}}],"display":{"gui":{"rotation":[30,225,0]}}}