{"textures":{"0":"modelengine:entity/wild_ginseng_stage"},"elements":[{"from":[8.5,0.0,0.5],"to":[15.5,3.0,3.5],"faces":{"east":{"uv":[1.625,3.3125,1.8125,3.5],"tintindex":0,"rotation":0,"texture":"#0"},"south":{"uv":[1.8125,3.5,1.625,3.9375],"tintindex":0,"rotation":90,"texture":"#0"},"north":{"uv":[1.625,3.9375,1.8125,3.5],"tintindex":0,"rotation":90,"texture":"#0"},"west":{"uv":[1.625,3.3125,1.8125,3.5],"tintindex":0,"rotation":0,"texture":"#0"},"up":{"uv":[1.625,3.5,1.8125,3.9375],"tintindex":0,"rotation":90,"texture":"#0"},"down":{"uv":[1.8125,3.9375,1.625,3.5],"tintindex":0,"rotation":270,"texture":"#0"}},"rotation":{"origin":[8.5,2.0,2.0],"angle":22.5,"axis":"y"}},{"from":[8.0,9.0,11.0],"to":[8.0,16.0,18.0],"faces":{"east":{"uv":[0.0,3.3125,0.4375,3.75],"tintindex":0,"rotation":0,"texture":"#0"},"west":{"uv":[0.4375,3.3125,0.0,3.75],"tintindex":0,"rotation":0,"texture":"#0"}}},{"from":[4.0,3.0,8.5],"to":[12.0,9.0,16.5],"faces":{"east":{"uv":[0.9375,3.3125,0.4375,3.6875],"tintindex":0,"rotation":0,"texture":"#0"},"south":{"uv":[0.4375,3.3125,0.9375,3.6875],"tintindex":0,"rotation":0,"texture":"#0"},"north":{"uv":[0.4375,3.3125,0.9375,3.6875],"tintindex":0,"rotation":0,"texture":"#0"},"west":{"uv":[0.9375,3.3125,0.4375,3.6875],"tintindex":0,"rotation":0,"texture":"#0"},"up":{"uv":[0.9375,4.1875,0.4375,3.6875],"tintindex":0,"rotation":0,"texture":"#0"},"down":{"uv":[0.9375,3.5625,0.875,3.625],"tintindex":0,"rotation":0,"texture":"#0"}},"rotation":{"origin":[8.0,7.0,14.5],"angle":22.5,"axis":"x"}},{"from":[8.0,0.0,-2.0],"to":[11.0,3.0,5.0],"faces":{"east":{"uv":[1.5,3.5625,1.3125,4.0],"tintindex":0,"rotation":90,"texture":"#0"},"south":{"uv":[1.3125,3.3125,1.5,3.5],"tintindex":0,"rotation":0,"texture":"#0"},"north":{"uv":[1.625,3.3125,1.8125,3.5],"tintindex":0,"rotation":0,"texture":"#0"},"west":{"uv":[1.3125,4.0,1.5,3.5625],"tintindex":0,"rotation":90,"texture":"#0"},"up":{"uv":[1.4375,3.5625,1.625,4.0],"tintindex":0,"rotation":0,"texture":"#0"},"down":{"uv":[1.5,4.0,1.3125,3.5625],"tintindex":0,"rotation":0,"texture":"#0"}},"rotation":{"origin":[9.5,2.0,8.0],"angle":45.0,"axis":"y"}},{"from":[4.5,0.0,0.5],"to":[9.5,4.0,7.5],"faces":{"east":{"uv":[1.5625,3.5625,1.3125,4.0],"tintindex":0,"rotation":90,"texture":"#0"},"south":{"uv":[1.3125,3.3125,1.625,3.5625],"tintindex":0,"rotation":0,"texture":"#0"},"north":{"uv":[1.3125,3.3125,1.625,3.5625],"tintindex":0,"rotation":0,"texture":"#0"},"west":{"uv":[1.3125,4.0,1.5625,3.5625],"tintindex":0,"rotation":90,"texture":"#0"},"up":{"uv":[1.3125,3.5625,1.625,4.0],"tintindex":0,"rotation":0,"texture":"#0"},"down":{"uv":[1.625,4.0,1.3125,3.5625],"tintindex":0,"rotation":0,"texture":"#0"}},"rotation":{"origin":[7.0,2.0,8.5],"angle":-22.5,"axis":"y"}},{"from":[5.05,0.0,6.5],"to":[10.05,4.0,9.5],"faces":{"east":{"uv":[0.9375,3.6875,1.125,3.9375],"tintindex":0,"rotation":0,"texture":"#0"},"south":{"uv":[0.9375,3.6875,1.25,3.9375],"tintindex":0,"rotation":0,"texture":"#0"},"north":{"uv":[0.9375,3.6875,1.25,3.9375],"tintindex":0,"rotation":0,"texture":"#0"},"west":{"uv":[0.9375,3.6875,1.125,3.9375],"tintindex":0,"rotation":0,"texture":"#0"},"up":{"uv":[1.25,3.875,0.9375,3.6875],"tintindex":0,"rotation":0,"texture":"#0"},"down":{"uv":[1.25,3.6875,0.9375,3.875],"tintindex":0,"rotation":0,"texture":"#0"}}},{"from":[5.0,-3.0,11.5],"to":[11.0,3.0,17.5],"faces":{"east":{"uv":[0.9375,3.3125,1.3125,3.6875],"tintindex":0,"rotation":0,"texture":"#0"},"south":{"uv":[1.3125,3.3125,0.9375,3.6875],"tintindex":0,"rotation":0,"texture":"#0"},"north":{"uv":[1.3125,3.3125,0.9375,3.6875],"tintindex":0,"rotation":0,"texture":"#0"},"west":{"uv":[0.9375,3.3125,1.3125,3.6875],"tintindex":0,"rotation":0,"texture":"#0"},"up":{"uv":[1.3125,3.6875,0.9375,3.3125],"tintindex":0,"rotation":0,"texture":"#0"},"down":{"uv":[0.9375,3.5625,0.875,3.625],"tintindex":0,"rotation":0,"texture":"#0"}},"rotation":{"origin":[8.0,7.0,16.5],"angle":45.0,"axis":"x"}}],"display":{"gui":{"rotation":[30,225,0]}}}