{
	"credit": "Made with Blockbench",
	"texture_size": [128, 128],
	"textures": {
		"0": "littleroom_minotaur:lr_minotaur_whirlwind",
		"particle": "littleroom_minotaur:lr_minotaur_whirlwind"
	},
	"elements": [
		{
			"from": [4.99929, -11, 14.07178],
			"to": [9.99929, 1, 14.07178],
			"rotation": {"angle": 0, "axis": "y", "origin": [4.48188, -6, 8.91977]},
			"faces": {
				"north": {"uv": [3.125, 4, 3.75, 5.5], "texture": "#0"},
				"east": {"uv": [0, 0, 0, 1.5], "texture": "#0"},
				"south": {"uv": [3.75, 4, 3.125, 5.5], "texture": "#0"},
				"west": {"uv": [0, 0, 0, 1.5], "texture": "#0"},
				"up": {"uv": [0.625, 0, 0, 0], "texture": "#0"},
				"down": {"uv": [0.625, 0, 0, 0], "texture": "#0"}
			}
		},
		{
			"from": [5, -11, 2],
			"to": [10, 1, 2],
			"rotation": {"angle": 0, "axis": "z", "origin": [5, -11, 2]},
			"faces": {
				"north": {"uv": [1.25, 4, 0.625, 5.5], "texture": "#0"},
				"east": {"uv": [0, 0, 0, 1.5], "texture": "#0"},
				"south": {"uv": [0.625, 4, 1.25, 5.5], "texture": "#0"},
				"west": {"uv": [0, 0, 0, 1.5], "texture": "#0"},
				"up": {"uv": [0.625, 0, 0, 0], "texture": "#0"},
				"down": {"uv": [0.625, 0, 0, 0], "texture": "#0"}
			}
		},
		{
			"from": [10, -11, 2],
			"to": [15, 1, 2],
			"rotation": {"angle": -45, "axis": "y", "origin": [10, -11, 2]},
			"faces": {
				"north": {"uv": [1.875, 4, 1.25, 5.5], "texture": "#0"},
				"east": {"uv": [0, 0, 0, 1.5], "texture": "#0"},
				"south": {"uv": [1.25, 4, 1.875, 5.5], "texture": "#0"},
				"west": {"uv": [0, 0, 0, 1.5], "texture": "#0"},
				"up": {"uv": [0.625, 0, 0, 0], "texture": "#0"},
				"down": {"uv": [0.625, 0, 0, 0], "texture": "#0"}
			}
		},
		{
			"from": [13.53483, -11, 5.53624],
			"to": [13.53483, 1, 10.53624],
			"rotation": {"angle": 0, "axis": "y", "origin": [12.65094, -6, 10.17012]},
			"faces": {
				"north": {"uv": [0, 0, 0, 1.5], "texture": "#0"},
				"east": {"uv": [2.5, 4, 1.875, 5.5], "texture": "#0"},
				"south": {"uv": [0, 0, 0, 1.5], "texture": "#0"},
				"west": {"uv": [1.875, 4, 2.5, 5.5], "texture": "#0"},
				"up": {"uv": [0, 0.625, 0, 0], "texture": "#0"},
				"down": {"uv": [0, 0, 0, 0.625], "texture": "#0"}
			}
		},
		{
			"from": [13.53483, -11, 9.80401],
			"to": [13.53483, 1, 14.80401],
			"rotation": {"angle": -45, "axis": "y", "origin": [12.65094, -6, 10.17012]},
			"faces": {
				"north": {"uv": [0, 0, 0, 1.5], "texture": "#0"},
				"east": {"uv": [3.125, 4, 2.5, 5.5], "texture": "#0"},
				"south": {"uv": [0, 0, 0, 1.5], "texture": "#0"},
				"west": {"uv": [2.5, 4, 3.125, 5.5], "texture": "#0"},
				"up": {"uv": [0, 0.625, 0, 0], "texture": "#0"},
				"down": {"uv": [0, 0, 0, 0.625], "texture": "#0"}
			}
		},
		{
			"from": [-0.04477, -11, 3.66039],
			"to": [-0.04477, 1, 8.66039],
			"rotation": {"angle": -45, "axis": "y", "origin": [4.48188, -6, 8.91977]},
			"faces": {
				"north": {"uv": [0, 0, 0, 1.5], "texture": "#0"},
				"east": {"uv": [0, 4, 0.625, 5.5], "texture": "#0"},
				"south": {"uv": [0, 0, 0, 1.5], "texture": "#0"},
				"west": {"uv": [0, 4, 0.625, 5.5], "texture": "#0"},
				"up": {"uv": [0, 0.625, 0, 0], "texture": "#0"},
				"down": {"uv": [0, 0, 0, 0.625], "texture": "#0"}
			}
		},
		{
			"from": [1.46447, -11, 5.53553],
			"to": [1.46447, 1, 10.53553],
			"rotation": {"angle": 0, "axis": "y", "origin": [4.48188, -6, 8.91977]},
			"faces": {
				"north": {"uv": [0, 0, 0, 1.5], "texture": "#0"},
				"east": {"uv": [4.375, 4, 5, 5.5], "texture": "#0"},
				"south": {"uv": [0, 0, 0, 1.5], "texture": "#0"},
				"west": {"uv": [5, 4, 4.375, 5.5], "texture": "#0"},
				"up": {"uv": [0, 0.625, 0, 0], "texture": "#0"},
				"down": {"uv": [0, 0, 0, 0.625], "texture": "#0"}
			}
		},
		{
			"from": [3.49076, -11, 12.19692],
			"to": [8.49076, 1, 12.19692],
			"rotation": {"angle": -45, "axis": "y", "origin": [4.48188, -6, 8.91977]},
			"faces": {
				"north": {"uv": [3.75, 4, 4.375, 5.5], "texture": "#0"},
				"east": {"uv": [0, 0, 0, 1.5], "texture": "#0"},
				"south": {"uv": [4.375, 4, 3.75, 5.5], "texture": "#0"},
				"west": {"uv": [0, 0, 0, 1.5], "texture": "#0"},
				"up": {"uv": [0.625, 0, 0, 0], "texture": "#0"},
				"down": {"uv": [0.625, 0, 0, 0], "texture": "#0"}
			}
		},
		{
			"from": [4.40452, -3.6, 16.21738],
			"to": [10.90452, 13.4, 16.21738],
			"rotation": {"angle": 0, "axis": "y", "origin": [7.65498, 2.9, 8.37072]},
			"faces": {
				"north": {"uv": [3.25, 1.875, 4.125, 4], "texture": "#0"},
				"east": {"uv": [0, 0, 0, 2.125], "texture": "#0"},
				"south": {"uv": [4.125, 1.875, 3.25, 4], "texture": "#0"},
				"west": {"uv": [0, 0, 0, 2.125], "texture": "#0"},
				"up": {"uv": [0.875, 0, 0, 0], "texture": "#0"},
				"down": {"uv": [0.875, 0, 0, 0], "texture": "#0"}
			}
		},
		{
			"from": [4.40544, -3.6, 0.52407],
			"to": [10.90544, 13.4, 0.52407],
			"rotation": {"angle": 0, "axis": "y", "origin": [7.65498, 2.9, 8.37072]},
			"faces": {
				"north": {"uv": [0.875, 1.875, 0, 4], "texture": "#0"},
				"east": {"uv": [0, 0, 0, 2.125], "texture": "#0"},
				"south": {"uv": [0, 1.875, 0.875, 4], "texture": "#0"},
				"west": {"uv": [0, 0, 0, 2.125], "texture": "#0"},
				"up": {"uv": [0.875, 0, 0, 0], "texture": "#0"},
				"down": {"uv": [0.875, 0, 0, 0], "texture": "#0"}
			}
		},
		{
			"from": [4.40498, -3.6, 0.52388],
			"to": [10.90498, 13.4, 0.52388],
			"rotation": {"angle": -45, "axis": "y", "origin": [7.65498, 2.9, 8.37072]},
			"faces": {
				"north": {"uv": [1.75, 1.875, 0.875, 4], "texture": "#0"},
				"east": {"uv": [0, 0, 0, 2.125], "texture": "#0"},
				"south": {"uv": [0.875, 1.875, 1.75, 4], "texture": "#0"},
				"west": {"uv": [0, 0, 0, 2.125], "texture": "#0"},
				"up": {"uv": [0.875, 0, 0, 0], "texture": "#0"},
				"down": {"uv": [0.875, 0, 0, 0], "texture": "#0"}
			}
		},
		{
			"from": [15.50071, -3.6, 5.12118],
			"to": [15.50071, 13.4, 11.62118],
			"rotation": {"angle": 0, "axis": "y", "origin": [7.65498, 2.9, 8.37072]},
			"faces": {
				"north": {"uv": [0, 0, 0, 2.125], "texture": "#0"},
				"east": {"uv": [2.5, 1.875, 1.75, 4], "texture": "#0"},
				"south": {"uv": [0, 0, 0, 2.125], "texture": "#0"},
				"west": {"uv": [1.75, 1.875, 2.5, 4], "texture": "#0"},
				"up": {"uv": [0, 0.75, 0, 0], "texture": "#0"},
				"down": {"uv": [0, 0, 0, 0.75], "texture": "#0"}
			}
		},
		{
			"from": [15.50117, -3.6, 5.12137],
			"to": [15.50117, 13.4, 11.62137],
			"rotation": {"angle": -45, "axis": "y", "origin": [7.65498, 2.9, 8.37072]},
			"faces": {
				"north": {"uv": [0, 0, 0, 2.125], "texture": "#0"},
				"east": {"uv": [3.25, 1.875, 2.5, 4], "texture": "#0"},
				"south": {"uv": [0, 0, 0, 2.125], "texture": "#0"},
				"west": {"uv": [2.5, 1.875, 3.25, 4], "texture": "#0"},
				"up": {"uv": [0, 0.75, 0, 0], "texture": "#0"},
				"down": {"uv": [0, 0, 0, 0.75], "texture": "#0"}
			}
		},
		{
			"from": [-0.19122, -3.6, 5.12007],
			"to": [-0.19122, 13.4, 11.62007],
			"rotation": {"angle": -45, "axis": "y", "origin": [7.65498, 2.9, 8.37072]},
			"faces": {
				"north": {"uv": [0, 0, 0, 2.125], "texture": "#0"},
				"east": {"uv": [5.875, 1.875, 6.75, 4], "texture": "#0"},
				"south": {"uv": [0, 0, 0, 2.125], "texture": "#0"},
				"west": {"uv": [6.75, 1.875, 5.875, 4], "texture": "#0"},
				"up": {"uv": [0, 0.875, 0, 0], "texture": "#0"},
				"down": {"uv": [0, 0, 0, 0.875], "texture": "#0"}
			}
		},
		{
			"from": [-0.19076, -3.6, 5.12026],
			"to": [-0.19076, 13.4, 11.62026],
			"rotation": {"angle": 0, "axis": "y", "origin": [7.65498, 2.9, 8.37072]},
			"faces": {
				"north": {"uv": [0, 0, 0, 2.125], "texture": "#0"},
				"east": {"uv": [5, 1.875, 5.875, 4], "texture": "#0"},
				"south": {"uv": [0, 0, 0, 2.125], "texture": "#0"},
				"west": {"uv": [5.875, 1.875, 5, 4], "texture": "#0"},
				"up": {"uv": [0, 0.875, 0, 0], "texture": "#0"},
				"down": {"uv": [0, 0, 0, 0.875], "texture": "#0"}
			}
		},
		{
			"from": [4.40498, -3.6, 16.21757],
			"to": [10.90498, 13.4, 16.21757],
			"rotation": {"angle": -45, "axis": "y", "origin": [7.65498, 2.9, 8.37072]},
			"faces": {
				"north": {"uv": [4.125, 1.875, 5, 4], "texture": "#0"},
				"east": {"uv": [0, 0, 0, 2.125], "texture": "#0"},
				"south": {"uv": [5, 1.875, 4.125, 4], "texture": "#0"},
				"west": {"uv": [0, 0, 0, 2.125], "texture": "#0"},
				"up": {"uv": [0.875, 0, 0, 0], "texture": "#0"},
				"down": {"uv": [0.875, 0, 0, 0], "texture": "#0"}
			}
		},
		{
			"from": [2.76738, 2.352, 20.18023],
			"to": [12.38738, 17, 20.18023],
			"rotation": {"angle": 0, "axis": "y", "origin": [7.57806, 11.972, 8.56718]},
			"faces": {
				"north": {"uv": [4, 0, 5.25, 1.875], "texture": "#0"},
				"east": {"uv": [0, 0, 0, 1.875], "texture": "#0"},
				"south": {"uv": [5.25, 0, 4, 1.875], "texture": "#0"},
				"west": {"uv": [0, 0, 0, 1.875], "texture": "#0"},
				"up": {"uv": [1.25, 0, 0, 0], "texture": "#0"},
				"down": {"uv": [1.25, 0, 0, 0], "texture": "#0"}
			}
		},
		{
			"from": [2.76874, 2.352, -3.04587],
			"to": [12.38874, 17, -3.04587],
			"rotation": {"angle": 0, "axis": "y", "origin": [7.57806, 11.972, 8.56718]},
			"faces": {
				"north": {"uv": [10.25, 0, 9, 1.875], "texture": "#0"},
				"east": {"uv": [0, 0, 0, 1.875], "texture": "#0"},
				"south": {"uv": [9, 0, 10.25, 1.875], "texture": "#0"},
				"west": {"uv": [0, 0, 0, 1.875], "texture": "#0"},
				"up": {"uv": [1.25, 0, 0, 0], "texture": "#0"},
				"down": {"uv": [1.25, 0, 0, 0], "texture": "#0"}
			}
		},
		{
			"from": [2.76806, 2.352, -3.04615],
			"to": [12.38806, 17, -3.04615],
			"rotation": {"angle": -45, "axis": "y", "origin": [7.57806, 11.972, 8.56718]},
			"faces": {
				"north": {"uv": [1.25, 0, 0, 1.875], "texture": "#0"},
				"east": {"uv": [0, 0, 0, 1.875], "texture": "#0"},
				"south": {"uv": [0, 0, 1.25, 1.875], "texture": "#0"},
				"west": {"uv": [0, 0, 0, 1.875], "texture": "#0"},
				"up": {"uv": [1.25, 0, 0, 0], "texture": "#0"},
				"down": {"uv": [1.25, 0, 0, 0], "texture": "#0"}
			}
		},
		{
			"from": [19.18975, 2.352, 3.75786],
			"to": [19.18975, 17, 13.37786],
			"rotation": {"angle": 0, "axis": "y", "origin": [7.57806, 11.972, 8.56718]},
			"faces": {
				"north": {"uv": [0, 0, 0, 1.875], "texture": "#0"},
				"east": {"uv": [2.625, 0, 1.375, 1.875], "texture": "#0"},
				"south": {"uv": [0, 0, 0, 1.875], "texture": "#0"},
				"west": {"uv": [1.375, 0, 2.625, 1.875], "texture": "#0"},
				"up": {"uv": [0, 1.25, 0, 0], "texture": "#0"},
				"down": {"uv": [0, 0, 0, 1.25], "texture": "#0"}
			}
		},
		{
			"from": [19.19043, 2.352, 3.75814],
			"to": [19.19043, 17, 13.37814],
			"rotation": {"angle": -45, "axis": "y", "origin": [7.57806, 11.972, 8.56718]},
			"faces": {
				"north": {"uv": [0, 0, 0, 1.875], "texture": "#0"},
				"east": {"uv": [3.875, 0, 2.625, 1.875], "texture": "#0"},
				"south": {"uv": [0, 0, 0, 1.875], "texture": "#0"},
				"west": {"uv": [2.625, 0, 3.875, 1.875], "texture": "#0"},
				"up": {"uv": [0, 1.25, 0, 0], "texture": "#0"},
				"down": {"uv": [0, 0, 0, 1.25], "texture": "#0"}
			}
		},
		{
			"from": [-4.0343, 2.352, 3.75622],
			"to": [-4.0343, 17, 13.37622],
			"rotation": {"angle": -45, "axis": "y", "origin": [7.57806, 11.972, 8.56718]},
			"faces": {
				"north": {"uv": [0, 0, 0, 1.875], "texture": "#0"},
				"east": {"uv": [7.75, 0, 9, 1.875], "texture": "#0"},
				"south": {"uv": [0, 0, 0, 1.875], "texture": "#0"},
				"west": {"uv": [9, 0, 7.75, 1.875], "texture": "#0"},
				"up": {"uv": [0, 1.25, 0, 0], "texture": "#0"},
				"down": {"uv": [0, 0, 0, 1.25], "texture": "#0"}
			}
		},
		{
			"from": [-4.03362, 2.352, 3.7565],
			"to": [-4.03362, 17, 13.3765],
			"rotation": {"angle": 0, "axis": "y", "origin": [7.57806, 11.972, 8.56718]},
			"faces": {
				"north": {"uv": [0, 0, 0, 1.875], "texture": "#0"},
				"east": {"uv": [6.5, 0, 7.75, 1.875], "texture": "#0"},
				"south": {"uv": [0, 0, 0, 1.875], "texture": "#0"},
				"west": {"uv": [7.75, 0, 6.5, 1.875], "texture": "#0"},
				"up": {"uv": [0, 1.25, 0, 0], "texture": "#0"},
				"down": {"uv": [0, 0, 0, 1.25], "texture": "#0"}
			}
		},
		{
			"from": [2.76806, 2.352, 20.18051],
			"to": [12.38806, 17, 20.18051],
			"rotation": {"angle": -45, "axis": "y", "origin": [7.57806, 11.972, 8.56718]},
			"faces": {
				"north": {"uv": [5.25, 0, 6.5, 1.875], "texture": "#0"},
				"east": {"uv": [0, 0, 0, 1.875], "texture": "#0"},
				"south": {"uv": [6.5, 0, 5.25, 1.875], "texture": "#0"},
				"west": {"uv": [0, 0, 0, 1.875], "texture": "#0"},
				"up": {"uv": [1.25, 0, 0, 0], "texture": "#0"},
				"down": {"uv": [1.25, 0, 0, 0], "texture": "#0"}
			}
		}
	],
	"display": {
		"head": {
			"translation": [0, 11.75, 0],
			"scale": [3, 3, 3]
		}
	},
	"groups": [
		{
			"name": "bottom",
			"origin": [-0.51812, 5, 6.91977],
			"color": 0,
			"children": [0, 1, 2, 3, 4, 5, 6, 7]
		},
		{
			"name": "bottom",
			"origin": [-0.51812, 5, 6.91977],
			"color": 0,
			"children": [8, 9, 10, 11, 12, 13, 14, 15]
		},
		{
			"name": "bottom",
			"origin": [-0.51812, 5, 6.91977],
			"color": 0,
			"children": [16, 17, 18, 19, 20, 21, 22, 23]
		}
	]
}