{
	"credit": "Made with Blockbench",
	"texture_size": [128, 128],
	"textures": {
		"1": "modelengine:entity/lr_minotaur_rock",
		"particle": "modelengine:entity/lr_minotaur_rock"
	},
	"elements": [
		{
			"from": [1, 0, -12],
			"to": [27, 9, 19],
			"rotation": {"angle": 0, "axis": "y", "origin": [0, 0, 7]},
			"faces": {
				"north": {"uv": [1.5, 8.625, 4.75, 9.75], "texture": "#1"},
				"east": {"uv": [7.5, 3.125, 11.375, 4.25], "texture": "#1"},
				"south": {"uv": [4.75, 9, 8, 10.125], "texture": "#1"},
				"west": {"uv": [6.5, 7.875, 10.375, 9], "texture": "#1"},
				"up": {"uv": [3.25, 8.625, 0, 4.75], "texture": "#1"},
				"down": {"uv": [6.5, 4.75, 3.25, 8.625], "texture": "#1"}
			}
		},
		{
			"from": [-11, 0, -7],
			"to": [1, 9, 15],
			"rotation": {"angle": 0, "axis": "y", "origin": [0, 0, 7]},
			"faces": {
				"north": {"uv": [9.375, 1.125, 10.875, 2.25], "texture": "#1"},
				"east": {"uv": [8, 9, 10.75, 10.125], "texture": "#1"},
				"south": {"uv": [1.5, 9.75, 3, 10.875], "texture": "#1"},
				"west": {"uv": [9.375, 0, 12.125, 1.125], "texture": "#1"},
				"up": {"uv": [9.875, 7, 8.375, 4.25], "texture": "#1"},
				"down": {"uv": [1.5, 8.625, 0, 11.375], "texture": "#1"}
			}
		},
		{
			"from": [0, 9, -16],
			"to": [30, 12, 22],
			"rotation": {"angle": 0, "axis": "y", "origin": [0, 0, 12]},
			"faces": {
				"north": {"uv": [9.375, 2.25, 13.125, 2.625], "texture": "#1"},
				"east": {"uv": [8.375, 7, 13.125, 7.375], "texture": "#1"},
				"south": {"uv": [9.375, 2.625, 13.125, 3], "texture": "#1"},
				"west": {"uv": [8.375, 7.375, 13.125, 7.75], "texture": "#1"},
				"up": {"uv": [3.75, 4.75, 0, 0], "texture": "#1"},
				"down": {"uv": [7.5, 0, 3.75, 4.75], "texture": "#1"}
			}
		},
		{
			"from": [-15, 9, -9],
			"to": [0, 12, 16],
			"rotation": {"angle": 0, "axis": "y", "origin": [0, 0, 7]},
			"faces": {
				"north": {"uv": [9.875, 5, 11.75, 5.375], "texture": "#1"},
				"east": {"uv": [9.875, 4.25, 13, 4.625], "texture": "#1"},
				"south": {"uv": [9.875, 5.375, 11.75, 5.75], "texture": "#1"},
				"west": {"uv": [9.875, 4.625, 13, 5], "texture": "#1"},
				"up": {"uv": [8.375, 7.875, 6.5, 4.75], "texture": "#1"},
				"down": {"uv": [9.375, 0, 7.5, 3.125], "texture": "#1"}
			}
		},
		{
			"from": [-8, -10, 0],
			"to": [2, 0, 0],
			"faces": {
				"north": {"uv": [12.5, 0, 13.75, 1.25], "texture": "#1"},
				"east": {"uv": [0, 0, 0, 1.125], "texture": "#1"},
				"south": {"uv": [12.5, 0, 13.75, 1.25], "texture": "#1"},
				"west": {"uv": [0, 0, 0, 1.125], "texture": "#1"},
				"up": {"uv": [0, 0, 1.25, 0], "texture": "#1"},
				"down": {"uv": [0, 0, 1.25, 0], "texture": "#1"}
			}
		},
		{
			"from": [14, -10, 10],
			"to": [24, 0, 10],
			"rotation": {"angle": 45, "axis": "y", "origin": [19, -5, 10]},
			"faces": {
				"north": {"uv": [12.5, 0, 13.75, 1.25], "texture": "#1"},
				"east": {"uv": [0, 0, 0, 1.125], "texture": "#1"},
				"south": {"uv": [12.5, 0, 13.75, 1.25], "texture": "#1"},
				"west": {"uv": [0, 0, 0, 1.125], "texture": "#1"},
				"up": {"uv": [0, 0, 1.25, 0], "texture": "#1"},
				"down": {"uv": [0, 0, 1.25, 0], "texture": "#1"}
			}
		}
	],
	"display": {},
	"groups": [
		{
			"name": "attachment_rock",
			"origin": [5, 0, 12],
			"color": 0,
			"children": [0, 1, 2, 3, 4, 5]
		}
	]
}