{
    "firecircle": {
        "sounds": [
            "littleroom_piglinking:firecircle"
        ]
    },
    "firecirclespawn": {
        "sounds": [
            "littleroom_piglinking:firecirclespawn"
        ]
    },
    "grunt": {
        "sounds": [
            "littleroom_piglinking:grunt1",
            "littleroom_piglinking:grunt2",
            "littleroom_piglinking:grunt3"
        ]
    },
    "impact": {
        "sounds": [
            "littleroom_piglinking:impact1",
            "littleroom_piglinking:impact2",
            "littleroom_piglinking:impact3",
            "littleroom_piglinking:impact4"
        ]
    },
    "leap": {
        "sounds": [
            "littleroom_piglinking:leap"
        ]
    },
    "meteor": {
        "sounds": [
            "littleroom_piglinking:meteor"
        ]
    },
    "poof": {
        "sounds": [
            "littleroom_piglinking:poof"
        ]
    },
    "squeal": {
        "sounds": [
            "littleroom_piglinking:squeal"
        ]
    }
}