{"textures":{"0":"modelengine:entity/onion_stage"},"elements":[{"from":[3.5,0.0,3.5],"to":[12.5,2.0,12.5],"faces":{"east":{"uv":[1.625,2.875,2.1875,2.75],"tintindex":0,"rotation":0,"texture":"#0"},"south":{"uv":[1.625,2.875,2.1875,2.75],"tintindex":0,"rotation":0,"texture":"#0"},"north":{"uv":[1.625,2.875,2.1875,2.75],"tintindex":0,"rotation":0,"texture":"#0"},"west":{"uv":[1.625,2.875,2.1875,2.75],"tintindex":0,"rotation":0,"texture":"#0"},"up":{"uv":[0.8125,3.4375,0.0,2.625],"tintindex":0,"rotation":0,"texture":"#0"},"down":{"uv":[1.625,2.625,0.8125,3.4375],"tintindex":0,"rotation":0,"texture":"#0"}}},{"from":[1.5,10.0,8.0],"to":[14.5,16.0,8.0],"faces":{"south":{"uv":[1.625,3.0625,2.4375,3.4375],"tintindex":0,"rotation":0,"texture":"#0"},"north":{"uv":[1.625,3.0625,2.4375,3.4375],"tintindex":0,"rotation":0,"texture":"#0"}},"rotation":{"origin":[8.0,13.0,8.0],"angle":45.0,"axis":"y"}},{"from":[8.0,10.0,1.5],"to":[8.0,16.0,14.5],"faces":{"east":{"uv":[1.625,3.0625,2.4375,3.4375],"tintindex":0,"rotation":0,"texture":"#0"},"west":{"uv":[1.625,3.0625,2.4375,3.4375],"tintindex":0,"rotation":0,"texture":"#0"}},"rotation":{"origin":[8.0,13.0,8.0],"angle":45.0,"axis":"y"}},{"from":[2.0,2.0,2.0],"to":[14.0,10.0,14.0],"faces":{"east":{"uv":[1.5,3.4375,2.25,3.9375],"tintindex":0,"rotation":0,"texture":"#0"},"south":{"uv":[1.5,3.4375,2.25,3.9375],"tintindex":0,"rotation":0,"texture":"#0"},"north":{"uv":[1.5,3.4375,2.25,3.9375],"tintindex":0,"rotation":0,"texture":"#0"},"west":{"uv":[1.5,3.4375,2.25,3.9375],"tintindex":0,"rotation":0,"texture":"#0"},"up":{"uv":[0.75,4.1875,0.0,3.4375],"tintindex":0,"rotation":0,"texture":"#0"},"down":{"uv":[1.5,3.4375,0.75,4.1875],"tintindex":0,"rotation":0,"texture":"#0"}}}],"display":{"gui":{"rotation":[30,225,0]}}}