{"textures":{"0":"modelengine:entity/broccoli_stage"},"elements":[{"from":[10.0,4.0,1.0],"to":[15.0,9.0,6.0],"faces":{"east":{"uv":[0.3125,4.5625,0.625,4.875],"tintindex":0,"rotation":0,"texture":"#0"},"south":{"uv":[0.625,4.5625,0.3125,4.875],"tintindex":0,"rotation":0,"texture":"#0"},"north":{"uv":[0.625,4.5625,0.3125,4.875],"tintindex":0,"rotation":0,"texture":"#0"},"west":{"uv":[0.625,4.5625,0.3125,4.875],"tintindex":0,"rotation":0,"texture":"#0"},"up":{"uv":[0.3125,4.5625,0.0,4.875],"tintindex":0,"rotation":0,"texture":"#0"},"down":{"uv":[0.3125,4.875,0.0,5.1875],"tintindex":0,"rotation":0,"texture":"#0"}}},{"from":[1.0,4.0,10.0],"to":[6.0,9.0,15.0],"faces":{"east":{"uv":[0.625,4.5625,0.3125,4.875],"tintindex":0,"rotation":0,"texture":"#0"},"south":{"uv":[0.625,4.5625,0.3125,4.875],"tintindex":0,"rotation":0,"texture":"#0"},"north":{"uv":[0.625,4.5625,0.3125,4.875],"tintindex":0,"rotation":0,"texture":"#0"},"west":{"uv":[0.3125,4.5625,0.625,4.875],"tintindex":0,"rotation":0,"texture":"#0"},"up":{"uv":[0.0,4.875,0.3125,4.5625],"tintindex":0,"rotation":0,"texture":"#0"},"down":{"uv":[0.0,5.1875,0.3125,4.875],"tintindex":0,"rotation":0,"texture":"#0"}}},{"from":[5.0,1.0,5.0],"to":[11.0,5.0,11.0],"faces":{"east":{"uv":[1.0625,4.5625,1.4375,4.8125],"tintindex":0,"rotation":0,"texture":"#0"},"south":{"uv":[1.0625,4.5625,1.4375,4.8125],"tintindex":0,"rotation":0,"texture":"#0"},"north":{"uv":[1.0625,4.5625,1.4375,4.8125],"tintindex":0,"rotation":0,"texture":"#0"},"west":{"uv":[1.0625,4.5625,1.4375,4.8125],"tintindex":0,"rotation":0,"texture":"#0"},"up":{"uv":[0.6875,4.5625,1.0625,4.9375],"tintindex":0,"rotation":0,"texture":"#0"},"down":{"uv":[0.6875,4.9375,1.0625,5.3125],"tintindex":0,"rotation":0,"texture":"#0"}}},{"from":[1.0,4.0,1.0],"to":[6.0,9.0,6.0],"faces":{"east":{"uv":[0.3125,4.5625,0.625,4.875],"tintindex":0,"rotation":0,"texture":"#0"},"south":{"uv":[0.3125,4.5625,0.625,4.875],"tintindex":0,"rotation":0,"texture":"#0"},"north":{"uv":[0.3125,4.5625,0.625,4.875],"tintindex":0,"rotation":0,"texture":"#0"},"west":{"uv":[0.625,4.5625,0.3125,4.875],"tintindex":0,"rotation":0,"texture":"#0"},"up":{"uv":[0.0,4.5625,0.3125,4.875],"tintindex":0,"rotation":0,"texture":"#0"},"down":{"uv":[0.0,4.875,0.3125,5.1875],"tintindex":0,"rotation":0,"texture":"#0"}}},{"from":[2.0,5.0,2.0],"to":[14.0,11.0,14.0],"faces":{"east":{"uv":[0.75,3.0,1.5,3.375],"tintindex":0,"rotation":0,"texture":"#0"},"south":{"uv":[0.75,3.0,1.5,3.375],"tintindex":0,"rotation":0,"texture":"#0"},"north":{"uv":[0.75,3.0,1.5,3.375],"tintindex":0,"rotation":0,"texture":"#0"},"west":{"uv":[0.75,3.0,1.5,3.375],"tintindex":0,"rotation":0,"texture":"#0"},"up":{"uv":[0.0,3.0,0.75,3.75],"tintindex":0,"rotation":0,"texture":"#0"},"down":{"uv":[0.0,3.75,0.75,4.5],"tintindex":0,"rotation":0,"texture":"#0"}}},{"from":[10.0,4.0,10.0],"to":[15.0,9.0,15.0],"faces":{"east":{"uv":[0.625,4.5625,0.3125,4.875],"tintindex":0,"rotation":0,"texture":"#0"},"south":{"uv":[0.3125,4.5625,0.625,4.875],"tintindex":0,"rotation":0,"texture":"#0"},"north":{"uv":[0.3125,4.5625,0.625,4.875],"tintindex":0,"rotation":0,"texture":"#0"},"west":{"uv":[0.3125,4.5625,0.625,4.875],"tintindex":0,"rotation":0,"texture":"#0"},"up":{"uv":[0.3125,4.875,0.0,4.5625],"tintindex":0,"rotation":0,"texture":"#0"},"down":{"uv":[0.3125,5.1875,0.0,4.875],"tintindex":0,"rotation":0,"texture":"#0"}}},{"from":[4.0,11.0,4.0],"to":[12.0,13.0,12.0],"faces":{"east":{"uv":[1.3125,3.4375,1.8125,3.5625],"tintindex":0,"rotation":0,"texture":"#0"},"south":{"uv":[1.3125,3.4375,1.8125,3.5625],"tintindex":0,"rotation":0,"texture":"#0"},"north":{"uv":[1.3125,3.4375,1.8125,3.5625],"tintindex":0,"rotation":0,"texture":"#0"},"west":{"uv":[1.3125,3.4375,1.8125,3.5625],"tintindex":0,"rotation":0,"texture":"#0"},"up":{"uv":[0.8125,3.4375,1.3125,3.9375],"tintindex":0,"rotation":0,"texture":"#0"},"down":{"uv":[0.8125,3.9375,1.3125,4.4375],"tintindex":0,"rotation":0,"texture":"#0"}}}],"display":{"gui":{"rotation":[30,225,0]}}}