{
	"credit": "Made with Blockbench",
	"texture_size": [128, 128],
	"textures": {
		"0": "modelengine:entity/direwolf_taiga"
	},
	"elements": [
		{
			"from": [7.2, 10.85, 7.1],
			"to": [7.2, 18.55, 19.9],
			"rotation": {"angle": -22.5, "axis": "x", "origin": [7.1, 6.7, 17.7]},
			"faces": {
				"north": {"uv": [0, 0, 0, 1], "texture": "#0"},
				"east": {"uv": [0, 3.25, 1.625, 4.25], "texture": "#0"},
				"south": {"uv": [0, 0, 0, 1], "texture": "#0"},
				"west": {"uv": [1.625, 3.25, 0, 4.25], "texture": "#0"},
				"up": {"uv": [0, 1.625, 0, 0], "texture": "#0"},
				"down": {"uv": [0, 0, 0, 1.625], "texture": "#0"}
			}
		},
		{
			"from": [-2.1, 9.2, 8.05],
			"to": [4.9, 14.2, 8.05],
			"rotation": {"angle": 45, "axis": "y", "origin": [4.9, 7.2, 7.8]},
			"faces": {
				"north": {"uv": [5.625, 7, 4.75, 7.625], "texture": "#0"},
				"east": {"uv": [0, 0, 0, 0.625], "texture": "#0"},
				"south": {"uv": [5.625, 7, 4.75, 7.625], "texture": "#0"},
				"west": {"uv": [0, 0, 0, 0.625], "texture": "#0"},
				"up": {"uv": [0, 0.875, 0, 0], "rotation": 90, "texture": "#0"},
				"down": {"uv": [0, 0, 0, 0.875], "rotation": 270, "texture": "#0"}
			}
		},
		{
			"from": [9.1, 9.2, 8.05],
			"to": [16.1, 14.2, 8.05],
			"rotation": {"angle": -45, "axis": "y", "origin": [9.1, 7.2, 7.8]},
			"faces": {
				"north": {"uv": [4.75, 7, 5.625, 7.625], "texture": "#0"},
				"east": {"uv": [0, 0, 0, 0.625], "texture": "#0"},
				"south": {"uv": [4.75, 7, 5.625, 7.625], "texture": "#0"},
				"west": {"uv": [0, 0, 0, 0.625], "texture": "#0"},
				"up": {"uv": [0, 0.875, 0, 0], "rotation": 270, "texture": "#0"},
				"down": {"uv": [0, 0, 0, 0.875], "rotation": 90, "texture": "#0"}
			}
		},
		{
			"from": [3.4, 3.2, 7.8],
			"to": [3.4, 11.2, 12.8],
			"rotation": {"angle": -45, "axis": "y", "origin": [3.4, 7.2, 7.8]},
			"faces": {
				"north": {"uv": [0, 0, 0, 1], "texture": "#0"},
				"east": {"uv": [0.625, 6.75, 0, 7.75], "texture": "#0"},
				"south": {"uv": [0, 0, 0, 1], "texture": "#0"},
				"west": {"uv": [0.625, 6.75, 0, 7.75], "texture": "#0"},
				"up": {"uv": [0, 0.625, 0, 0], "texture": "#0"},
				"down": {"uv": [0, 0, 0, 0.625], "texture": "#0"}
			}
		},
		{
			"from": [10.85, 3.2, 7.8],
			"to": [10.85, 11.2, 12.8],
			"rotation": {"angle": 45, "axis": "y", "origin": [10.85, 7.2, 7.8]},
			"faces": {
				"north": {"uv": [0, 0, 0, 1], "texture": "#0"},
				"east": {"uv": [0, 6.75, 0.625, 7.75], "texture": "#0"},
				"south": {"uv": [0, 0, 0, 1], "texture": "#0"},
				"west": {"uv": [0, 6.75, 0.625, 7.75], "texture": "#0"},
				"up": {"uv": [0, 0.625, 0, 0], "texture": "#0"},
				"down": {"uv": [0, 0, 0, 0.625], "texture": "#0"}
			}
		},
		{
			"from": [2.85, 6.05, 4.8],
			"to": [11.35, 11.25, 11.3],
			"rotation": {"angle": 0, "axis": "y", "origin": [7.75, 6.05, 12.6]},
			"faces": {
				"north": {"uv": [2.75, 6.875, 3.625, 7.5], "texture": "#0"},
				"east": {"uv": [7.25, 0, 8, 0.625], "texture": "#0"},
				"south": {"uv": [7, 0.75, 7.875, 1.375], "texture": "#0"},
				"west": {"uv": [5.625, 7.5, 6.375, 8.125], "texture": "#0"},
				"up": {"uv": [7, 1.625, 6.125, 0.875], "texture": "#0"},
				"down": {"uv": [2.875, 5.875, 2, 6.625], "texture": "#0"}
			}
		},
		{
			"from": [5.4, 4.05, 1.15],
			"to": [8.8, 6.05, 5.8],
			"rotation": {"angle": 0, "axis": "y", "origin": [7.75, 6.05, 12.6]},
			"faces": {
				"north": {"uv": [7.875, 9, 8.25, 9.25], "texture": "#0"},
				"east": {"uv": [8, 0.375, 8.625, 0.625], "texture": "#0"},
				"south": {"uv": [9, 8.875, 9.375, 9.125], "texture": "#0"},
				"west": {"uv": [8.75, 5.625, 9.375, 5.875], "texture": "#0"},
				"up": {"uv": [8.75, 7.75, 8.375, 7.125], "texture": "#0"},
				"down": {"uv": [7.875, 8.375, 7.5, 9], "texture": "#0"}
			}
		},
		{
			"from": [5.15, 6.05, 0.9],
			"to": [9.05, 8.65, 4.8],
			"rotation": {"angle": 0, "axis": "y", "origin": [7.75, 6.05, 12.6]},
			"faces": {
				"north": {"uv": [8.375, 7.75, 8.875, 8.125], "texture": "#0"},
				"east": {"uv": [8.375, 8.125, 8.875, 8.5], "texture": "#0"},
				"south": {"uv": [8.5, 1.125, 9, 1.5], "texture": "#0"},
				"west": {"uv": [8.5, 1.5, 9, 1.875], "texture": "#0"},
				"up": {"uv": [5.125, 1.5, 4.625, 1], "texture": "#0"},
				"down": {"uv": [8.375, 8.125, 7.875, 8.625], "texture": "#0"}
			}
		},
		{
			"from": [2.85, 6.1, 11.3],
			"to": [11.35, 11.25, 13.5],
			"rotation": {"angle": 0, "axis": "y", "origin": [6.8, 6.65, 18.5]},
			"faces": {
				"north": {"uv": [1.5, 1.75, 2.625, 3.25], "texture": "#0"},
				"east": {"uv": [1.5, 4.25, 1.775, 4.89375], "texture": "#0"},
				"south": {"uv": [1.875, 4.75, 3, 5.25], "texture": "#0"},
				"west": {"uv": [2.625, 5.75, 2.9, 6.39375], "texture": "#0"},
				"up": {"uv": [3.0625, 6.025, 2, 5.75], "texture": "#0"},
				"down": {"uv": [2.9375, 5.75, 1.875, 6.025], "texture": "#0"}
			}
		}
	],
	"display": {
		"thirdperson_righthand": {
			"rotation": [0, 126, 0],
			"scale": [0.75, 0.75, 0.75]
		},
		"thirdperson_lefthand": {
			"rotation": [0, 126, 0],
			"scale": [0.75, 0.75, 0.75]
		},
		"firstperson_righthand": {
			"rotation": [-20, 112, 50],
			"translation": [-0.5, 2.5, 0],
			"scale": [0.75, 0.75, 0.75]
		},
		"firstperson_lefthand": {
			"rotation": [-20, 112, 50],
			"translation": [0, 1.75, 0],
			"scale": [0.75, 0.75, 0.75]
		},
		"ground": {
			"rotation": [-31, 0, 0],
			"translation": [0, 3.5, 0]
		},
		"gui": {
			"rotation": [42, 129, 0],
			"translation": [-1.25, -1, 0]
		},
		"head": {
			"rotation": [9, 0, 0],
			"translation": [2, 5.75, -2],
			"scale": [2, 2, 2]
		},
		"fixed": {
			"translation": [0, 0, -10.5],
			"scale": [2, 2, 2]
		}
	}
}