{"textures":{"0":"modelengine:entity/radish_stage"},"elements":[{"from":[2.0,12.0,8.0],"to":[14.0,22.0,8.0],"faces":{"south":{"uv":[0.0,3.0,0.75,3.625],"tintindex":0,"rotation":0,"texture":"#0"},"north":{"uv":[0.0,3.0,0.75,3.625],"tintindex":0,"rotation":0,"texture":"#0"}}},{"from":[5.0,1.0,5.0],"to":[11.0,3.0,11.0],"faces":{"east":{"uv":[1.375,3.625,1.75,3.75],"tintindex":0,"rotation":0,"texture":"#0"},"south":{"uv":[1.375,3.625,1.75,3.75],"tintindex":0,"rotation":0,"texture":"#0"},"north":{"uv":[1.375,3.625,1.75,3.75],"tintindex":0,"rotation":0,"texture":"#0"},"west":{"uv":[1.375,3.625,1.75,3.75],"tintindex":0,"rotation":0,"texture":"#0"},"up":{"uv":[1.375,4.0,1.0,3.625],"tintindex":0,"rotation":0,"texture":"#0"},"down":{"uv":[1.375,4.0,1.0,4.375],"tintindex":0,"rotation":0,"texture":"#0"}}},{"from":[4.0,3.0,4.0],"to":[12.0,12.0,12.0],"faces":{"east":{"uv":[0.5,3.625,1.0,4.1875],"tintindex":0,"rotation":0,"texture":"#0"},"south":{"uv":[0.5,3.625,1.0,4.1875],"tintindex":0,"rotation":0,"texture":"#0"},"north":{"uv":[0.5,3.625,1.0,4.1875],"tintindex":0,"rotation":0,"texture":"#0"},"west":{"uv":[0.5,3.625,1.0,4.1875],"tintindex":0,"rotation":0,"texture":"#0"},"up":{"uv":[0.5,4.125,0.0,3.625],"tintindex":0,"rotation":0,"texture":"#0"},"down":{"uv":[0.5,4.125,0.0,4.625],"tintindex":0,"rotation":0,"texture":"#0"}}},{"from":[8.0,12.0,2.0],"to":[8.0,22.0,14.0],"faces":{"east":{"uv":[0.0,3.0,0.75,3.625],"tintindex":0,"rotation":0,"texture":"#0"},"west":{"uv":[0.0,3.0,0.75,3.625],"tintindex":0,"rotation":0,"texture":"#0"}}}],"display":{"gui":{"rotation":[30,225,0]}}}