{"textures":{"0":"modelengine:entity/sweet_potato_stage"},"elements":[{"from":[3.5,0.0,-4.0],"to":[11.5,7.0,3.0],"faces":{"east":{"uv":[2.1875,3.5625,1.75,4.0],"tintindex":0,"rotation":0,"texture":"#0"},"south":{"uv":[1.75,4.0,2.25,4.4375],"tintindex":0,"rotation":0,"texture":"#0"},"north":{"uv":[1.75,4.0,2.25,4.4375],"tintindex":0,"rotation":0,"texture":"#0"},"west":{"uv":[1.75,3.5625,2.1875,4.0],"tintindex":0,"rotation":0,"texture":"#0"},"up":{"uv":[1.25,3.5625,1.75,4.0],"tintindex":0,"rotation":0,"texture":"#0"},"down":{"uv":[1.25,4.0,1.75,3.5625],"tintindex":0,"rotation":0,"texture":"#0"}},"rotation":{"origin":[3.5,0.0,5.0],"angle":22.5,"axis":"x"}},{"from":[3.0,0.5,2.0],"to":[12.0,8.5,11.0],"faces":{"east":{"uv":[0.5625,5.3125,1.0625,4.75],"tintindex":0,"rotation":90,"texture":"#0"},"south":{"uv":[0.0,5.3125,0.5625,5.8125],"tintindex":0,"rotation":0,"texture":"#0"},"north":{"uv":[0.0,5.3125,0.5625,5.8125],"tintindex":0,"rotation":0,"texture":"#0"},"west":{"uv":[0.5625,4.75,1.0625,5.3125],"tintindex":0,"rotation":90,"texture":"#0"},"up":{"uv":[0.0,5.3125,0.5625,4.75],"tintindex":0,"rotation":0,"texture":"#0"},"down":{"uv":[0.0,4.75,0.5625,5.3125],"tintindex":0,"rotation":0,"texture":"#0"}}},{"from":[2.5,0.0,11.0],"to":[12.5,9.0,20.0],"faces":{"east":{"uv":[0.625,3.5625,1.1875,4.125],"tintindex":0,"rotation":0,"texture":"#0"},"south":{"uv":[0.0,4.125,0.625,4.6875],"tintindex":0,"rotation":0,"texture":"#0"},"north":{"uv":[0.625,4.125,1.25,4.6875],"tintindex":0,"rotation":0,"texture":"#0"},"west":{"uv":[1.1875,3.5625,0.625,4.125],"tintindex":0,"rotation":0,"texture":"#0"},"up":{"uv":[0.0,4.125,0.625,3.5625],"tintindex":0,"rotation":0,"texture":"#0"},"down":{"uv":[0.0,3.5625,0.625,4.125],"tintindex":0,"rotation":0,"texture":"#0"}},"rotation":{"origin":[2.5,0.0,11.0],"angle":-22.5,"axis":"x"}},{"from":[4.5,6.7,-6.3999996],"to":[10.5,11.7,-2.3999996],"faces":{"east":{"uv":[2.0625,3.625,1.75,3.875],"tintindex":0,"rotation":270,"texture":"#0"},"south":{"uv":[1.25,3.5625,1.625,3.875],"tintindex":0,"rotation":0,"texture":"#0"},"north":{"uv":[1.3125,3.875,1.6875,3.5625],"tintindex":0,"rotation":180,"texture":"#0"},"west":{"uv":[1.75,3.625,2.0625,3.875],"tintindex":0,"rotation":90,"texture":"#0"},"up":{"uv":[1.75,4.0,2.125,4.25],"tintindex":0,"rotation":180,"texture":"#0"},"down":{"uv":[1.8125,4.0625,2.1875,4.3125],"tintindex":0,"rotation":0,"texture":"#0"}},"rotation":{"origin":[3.5,3.6999998,-6.3999996],"angle":45.0,"axis":"x"}}],"display":{"gui":{"rotation":[30,225,0]}}}