{"textures":{"0":"modelengine:entity/turnip_stage"},"elements":[{"from":[6.0,1.0,6.0],"to":[10.0,3.0,10.0],"faces":{"east":{"uv":[0.75,2.875,1.0,3.0],"tintindex":0,"rotation":0,"texture":"#0"},"south":{"uv":[0.75,2.875,1.0,3.0],"tintindex":0,"rotation":0,"texture":"#0"},"north":{"uv":[0.75,2.875,1.0,3.0],"tintindex":0,"rotation":0,"texture":"#0"},"west":{"uv":[0.75,2.875,1.0,3.0],"tintindex":0,"rotation":0,"texture":"#0"},"up":{"uv":[1.0,2.875,0.75,2.625],"tintindex":0,"rotation":0,"texture":"#0"},"down":{"uv":[1.0,2.625,0.75,2.875],"tintindex":0,"rotation":0,"texture":"#0"}}},{"from":[2.0,9.0,8.0],"to":[14.0,19.0,8.0],"faces":{"south":{"uv":[0.0,2.625,0.75,3.25],"tintindex":0,"rotation":0,"texture":"#0"},"north":{"uv":[0.0,2.625,0.75,3.25],"tintindex":0,"rotation":0,"texture":"#0"}}},{"from":[4.0,3.0,4.0],"to":[12.0,9.0,12.0],"faces":{"east":{"uv":[1.0,3.375,1.5,3.75],"tintindex":0,"rotation":0,"texture":"#0"},"south":{"uv":[1.0,3.375,1.5,3.75],"tintindex":0,"rotation":0,"texture":"#0"},"north":{"uv":[1.0,3.375,1.5,3.75],"tintindex":0,"rotation":0,"texture":"#0"},"west":{"uv":[1.0,3.375,1.5,3.75],"tintindex":0,"rotation":0,"texture":"#0"},"up":{"uv":[0.5,3.75,0.0,3.25],"tintindex":0,"rotation":0,"texture":"#0"},"down":{"uv":[1.0,3.25,0.5,3.75],"tintindex":0,"rotation":0,"texture":"#0"}}},{"from":[8.0,9.0,2.0],"to":[8.0,19.0,14.0],"faces":{"east":{"uv":[0.0,2.625,0.75,3.25],"tintindex":0,"rotation":0,"texture":"#0"},"west":{"uv":[0.0,2.625,0.75,3.25],"tintindex":0,"rotation":0,"texture":"#0"}}}],"display":{"gui":{"rotation":[30,225,0]}}}