{"textures":{"0":"modelengine:entity/radish_stage"},"elements":[{"from":[6.5,9.0,6.5],"to":[9.5,13.0,9.5],"faces":{"east":{"uv":[0.1875,2.375,0.375,2.625],"tintindex":0,"rotation":0,"texture":"#0"},"south":{"uv":[0.375,2.375,0.1875,2.625],"tintindex":0,"rotation":0,"texture":"#0"},"north":{"uv":[0.375,2.375,0.1875,2.625],"tintindex":0,"rotation":0,"texture":"#0"},"west":{"uv":[0.1875,2.375,0.375,2.625],"tintindex":0,"rotation":0,"texture":"#0"},"up":{"uv":[0.0,2.375,0.1875,2.5625],"tintindex":0,"rotation":0,"texture":"#0"},"down":{"uv":[0.0,2.5625,0.1875,2.75],"tintindex":0,"rotation":0,"texture":"#0"}}},{"from":[5.5,13.0,8.0],"to":[10.5,17.0,8.0],"faces":{"south":{"uv":[0.0,2.125,0.3125,2.375],"tintindex":0,"rotation":0,"texture":"#0"},"north":{"uv":[0.3125,2.125,0.0,2.375],"tintindex":0,"rotation":0,"texture":"#0"}}},{"from":[8.0,13.0,5.5],"to":[8.0,17.0,10.5],"faces":{"east":{"uv":[0.3125,2.125,0.0,2.375],"tintindex":0,"rotation":0,"texture":"#0"},"west":{"uv":[0.0,2.125,0.3125,2.375],"tintindex":0,"rotation":0,"texture":"#0"}}},{"from":[7.0,8.0,7.0],"to":[9.0,9.0,9.0],"faces":{"east":{"uv":[0.5,2.125,0.625,2.1875],"tintindex":0,"rotation":0,"texture":"#0"},"south":{"uv":[0.625,2.125,0.5,2.1875],"tintindex":0,"rotation":0,"texture":"#0"},"north":{"uv":[0.625,2.125,0.5,2.1875],"tintindex":0,"rotation":0,"texture":"#0"},"west":{"uv":[0.5,2.125,0.625,2.1875],"tintindex":0,"rotation":0,"texture":"#0"},"up":{"uv":[0.375,2.125,0.5,2.25],"tintindex":0,"rotation":0,"texture":"#0"},"down":{"uv":[0.375,2.25,0.5,2.375],"tintindex":0,"rotation":0,"texture":"#0"}}}],"display":{"gui":{"rotation":[30,225,0]}}}