{
    "dragonsentinel.death": {
        "sounds": [
            "littleroom/dragon_sentinel/death"
        ]
    },
    "dragonsentinel.dragon_flamebreath": {
        "sounds": [
            "littleroom/dragon_sentinel/dragon_flamebreath"
        ]
    },
    "dragonsentinel.dragon_wing_flap": {
        "sounds": [
            "littleroom/dragon_sentinel/dragon_wing_flap"
        ]
    },
    "dragonsentinel.fire_woosh": {
        "sounds": [
            "littleroom/dragon_sentinel/fire_woosh_1",
            "littleroom/dragon_sentinel/fire_woosh_2",
            "littleroom/dragon_sentinel/fire_woosh_3"
        ]
    },
    "dragonsentinel.impact": {
        "sounds": [
            "littleroom/dragon_sentinel/impact1",
            "littleroom/dragon_sentinel/impact2",
            "littleroom/dragon_sentinel/impact3",
            "littleroom/dragon_sentinel/impact4"
        ]
    },
    "dragonsentinel.jump": {
        "sounds": [
            "littleroom/dragon_sentinel/jump"
        ]
    },
    "dragonsentinel.swing": {
        "sounds": [
            "littleroom/dragon_sentinel/swing1",
            "littleroom/dragon_sentinel/swing2",
            "littleroom/dragon_sentinel/swing3",
            "littleroom/dragon_sentinel/swing4",
            "littleroom/dragon_sentinel/swing5"
        ]
    },
    "dragonsentinel.vox_grunt": {
        "sounds": [
            "littleroom/dragon_sentinel/vox_grunt_1",
            "littleroom/dragon_sentinel/vox_grunt_2",
            "littleroom/dragon_sentinel/vox_grunt_3",
            "littleroom/dragon_sentinel/vox_grunt_4"
        ]
    },
    "dragonsentinel.vox_laugh": {
        "sounds": [
            "littleroom/dragon_sentinel/vox_laugh_1",
            "littleroom/dragon_sentinel/vox_laugh_2"
        ]
    },
    "dragonsentinel.vox_pain": {
        "sounds": [
            "littleroom/dragon_sentinel/vox_pain_1",
            "littleroom/dragon_sentinel/vox_pain_2",
            "littleroom/dragon_sentinel/vox_pain_3",
            "littleroom/dragon_sentinel/vox_pain_4"
        ]
    },
    "dragonsentinel.vox_jump": {
        "sounds": [
            "littleroom/dragon_sentinel/vox_jump_1",
            "littleroom/dragon_sentinel/vox_jump_2",
            "littleroom/dragon_sentinel/vox_jump_3"
        ]
    },
    "dragonsentinel.vox_dragonform": {
        "sounds": [
            "littleroom/dragon_sentinel/vox_dragonform"
        ]
    }
}
