{
   "littleroom.ancientgolem.awaken":{
		 "sounds": [
			"littleroom/ancient_golem/awaken"
		 ]
	},
   "littleroom.ancientgolem.laser_buildup":{
		 "sounds": [
			"littleroom/ancient_golem/laser_buildup"
		 ]
	},
   "littleroom.ancientgolem.laser_shot":{
		 "sounds": [
			"littleroom/ancient_golem/laser_shot_01",
			"littleroom/ancient_golem/laser_shot_02",
			"littleroom/ancient_golem/laser_shot_03"
		 ]
	},
   "littleroom.ancientgolem.movement":{
		 "sounds": [
			"littleroom/ancient_golem/movement_01",
			"littleroom/ancient_golem/movement_02",
			"littleroom/ancient_golem/movement_03",
			"littleroom/ancient_golem/movement_04",
			"littleroom/ancient_golem/movement_05"
		 ]
	},
   "littleroom.ancientgolem.step":{
		 "sounds": [
			"littleroom/ancient_golem/step_1",
			"littleroom/ancient_golem/step_2",
			"littleroom/ancient_golem/step_3",
			"littleroom/ancient_golem/step_4"
		 ]
	},
   "littleroom.ancientgolem.voice":{
		 "sounds": [
			"littleroom/ancient_golem/voice_1",
			"littleroom/ancient_golem/voice_2",
			"littleroom/ancient_golem/voice_3"
		 ]
	}
}
