{"textures":{"0":"modelengine:entity/paprika_stage"},"elements":[{"from":[5.0,1.0,5.0],"to":[11.0,2.0,11.0],"faces":{"east":{"uv":[0.375,2.6875,0.75,2.75],"tintindex":0,"rotation":0,"texture":"#0"},"south":{"uv":[0.375,2.6875,0.75,2.75],"tintindex":0,"rotation":0,"texture":"#0"},"north":{"uv":[0.375,2.6875,0.75,2.75],"tintindex":0,"rotation":0,"texture":"#0"},"west":{"uv":[0.375,2.6875,0.75,2.75],"tintindex":0,"rotation":0,"texture":"#0"},"up":{"uv":[0.375,3.0625,0.0,2.6875],"tintindex":0,"rotation":0,"texture":"#0"},"down":{"uv":[0.375,3.0625,0.0,3.4375],"tintindex":0,"rotation":0,"texture":"#0"}}},{"from":[3.0,5.0,3.0],"to":[13.0,10.0,13.0],"faces":{"east":{"uv":[1.0625,2.5,1.6875,2.8125],"tintindex":0,"rotation":0,"texture":"#0"},"south":{"uv":[1.0625,2.5,1.6875,2.8125],"tintindex":0,"rotation":0,"texture":"#0"},"north":{"uv":[1.0625,2.5,1.6875,2.8125],"tintindex":0,"rotation":0,"texture":"#0"},"west":{"uv":[1.0625,2.5,1.6875,2.8125],"tintindex":0,"rotation":0,"texture":"#0"},"up":{"uv":[1.0625,3.4375,0.4375,2.8125],"tintindex":0,"rotation":0,"texture":"#0"},"down":{"uv":[1.6875,2.8125,1.0625,3.4375],"tintindex":0,"rotation":0,"texture":"#0"}}},{"from":[7.0,10.0,7.0],"to":[9.0,15.0,9.0],"faces":{"east":{"uv":[0.0,2.25,0.125,2.5625],"tintindex":0,"rotation":0,"texture":"#0"},"south":{"uv":[0.0,2.25,0.125,2.5625],"tintindex":0,"rotation":0,"texture":"#0"},"north":{"uv":[0.0,2.25,0.125,2.5625],"tintindex":0,"rotation":0,"texture":"#0"},"west":{"uv":[0.0,2.25,0.125,2.5625],"tintindex":0,"rotation":0,"texture":"#0"},"up":{"uv":[0.125,2.25,0.0,2.125],"tintindex":0,"rotation":0,"texture":"#0"},"down":{"uv":[0.25,2.125,0.125,2.25],"tintindex":0,"rotation":0,"texture":"#0"}},"rotation":{"origin":[8.0,11.0,8.0],"angle":22.5,"axis":"z"}},{"from":[6.0,10.0,6.0],"to":[10.0,11.0,10.0],"faces":{"east":{"uv":[0.5625,2.125,0.8125,2.1875],"tintindex":0,"rotation":0,"texture":"#0"},"south":{"uv":[0.5625,2.125,0.8125,2.1875],"tintindex":0,"rotation":0,"texture":"#0"},"north":{"uv":[0.5625,2.125,0.8125,2.1875],"tintindex":0,"rotation":0,"texture":"#0"},"west":{"uv":[0.5625,2.125,0.8125,2.1875],"tintindex":0,"rotation":0,"texture":"#0"},"up":{"uv":[0.5625,2.375,0.3125,2.125],"tintindex":0,"rotation":0,"texture":"#0"},"down":{"uv":[0.5625,2.375,0.3125,2.625],"tintindex":0,"rotation":0,"texture":"#0"}}},{"from":[3.5,2.0,3.5],"to":[12.5,5.0,12.5],"faces":{"east":{"uv":[1.125,3.5,1.6875,3.6875],"tintindex":0,"rotation":0,"texture":"#0"},"south":{"uv":[1.125,3.5,1.6875,3.6875],"tintindex":0,"rotation":0,"texture":"#0"},"north":{"uv":[1.125,3.5,1.6875,3.6875],"tintindex":0,"rotation":0,"texture":"#0"},"west":{"uv":[1.125,3.5,1.6875,3.6875],"tintindex":0,"rotation":0,"texture":"#0"},"up":{"uv":[0.5625,4.0625,0.0,3.5],"tintindex":0,"rotation":0,"texture":"#0"},"down":{"uv":[1.125,3.5,0.5625,4.0625],"tintindex":0,"rotation":0,"texture":"#0"}}}],"display":{"gui":{"rotation":[30,225,0]}}}