{
	"credit": "Made with Blockbench",
	"texture_size": [128, 128],
	"textures": {
		"2": "modelengine:entity/rot"
	},
	"elements": [
		{
			"from": [7.9, 10.05235, -3.1167],
			"to": [7.9, 11.65235, 2.0833],
			"rotation": {"angle": 0, "axis": "y", "origin": [8.1, 11.65235, 8.4833]},
			"faces": {
				"north": {"uv": [0, 0, 0, 0.5], "texture": "#2"},
				"east": {"uv": [5.5, 4.375, 7.125, 4.875], "texture": "#2"},
				"south": {"uv": [0, 0, 0, 0.5], "texture": "#2"},
				"west": {"uv": [7.125, 4.375, 5.5, 4.875], "texture": "#2"},
				"up": {"uv": [0, 1.625, 0, 0], "texture": "#2"},
				"down": {"uv": [0, 0, 0, 1.625], "texture": "#2"}
			}
		},
		{
			"from": [7.9, 5.65235, -11],
			"to": [7.9, 8.45235, -5],
			"rotation": {"angle": 0, "axis": "y", "origin": [8.3, 7.65235, -4.7167]},
			"faces": {
				"north": {"uv": [0, 0, 0, 0.875], "texture": "#2"},
				"east": {"uv": [2, 2.25, 3.875, 3.125], "texture": "#2"},
				"south": {"uv": [0, 0, 0, 0.875], "texture": "#2"},
				"west": {"uv": [3.875, 2.25, 2, 3.125], "texture": "#2"},
				"up": {"uv": [0, 1.875, 0, 0], "texture": "#2"},
				"down": {"uv": [0, 0, 0, 1.875], "texture": "#2"}
			}
		},
		{
			"from": [7.5, 7.65235, -7.5167],
			"to": [8.3, 8.45235, 2.8833],
			"rotation": {"angle": 0, "axis": "y", "origin": [8.3, 7.65235, -4.7167]},
			"faces": {
				"north": {"uv": [8.5, 10.25, 8.25, 10.5], "texture": "#2"},
				"east": {"uv": [8.75, 4.125, 5.5, 4.375], "texture": "#2"},
				"south": {"uv": [0.25, 10.375, 0, 10.625], "texture": "#2"},
				"west": {"uv": [8, 3.875, 4.75, 4.125], "texture": "#2"},
				"up": {"uv": [4, 8.375, 4.25, 5.125], "texture": "#2"},
				"down": {"uv": [1.5, 5.25, 1.75, 8.5], "texture": "#2"}
			}
		},
		{
			"from": [6.9, 5.65235, -2.3167],
			"to": [7.3, 9.25235, -1.1167],
			"rotation": {"angle": 0, "axis": "y", "origin": [7.1, 7.45235, -1.7167]},
			"faces": {
				"north": {"uv": [8.125, 9.875, 8, 11], "texture": "#2"},
				"east": {"uv": [0.375, 8.75, 0, 9.875], "texture": "#2"},
				"south": {"uv": [8.25, 9.875, 8.125, 11], "texture": "#2"},
				"west": {"uv": [8, 8.625, 7.625, 9.75], "texture": "#2"},
				"up": {"uv": [1.375, 7.25, 1.5, 6.875], "texture": "#2"},
				"down": {"uv": [1.375, 7.25, 1.5, 7.625], "texture": "#2"}
			}
		},
		{
			"from": [8.5, 5.65235, -0.3167],
			"to": [8.9, 9.25235, 0.8833],
			"rotation": {"angle": 0, "axis": "y", "origin": [8.7, 7.45235, 0.2833]},
			"faces": {
				"north": {"uv": [1.75, 8.5, 1.625, 9.625], "texture": "#2"},
				"east": {"uv": [7.625, 8.625, 7.25, 9.75], "texture": "#2"},
				"south": {"uv": [6.75, 8.75, 6.625, 9.875], "texture": "#2"},
				"west": {"uv": [6.125, 8.625, 5.75, 9.75], "texture": "#2"},
				"up": {"uv": [2.875, 6, 3, 5.625], "texture": "#2"},
				"down": {"uv": [3.75, 6.75, 3.875, 7.125], "texture": "#2"}
			}
		},
		{
			"from": [8.5, 5.65235, -3.5167],
			"to": [8.9, 9.25235, -2.3167],
			"rotation": {"angle": 22.5, "axis": "x", "origin": [8.7, 7.45235, -2.9167]},
			"faces": {
				"north": {"uv": [4, 6, 3.875, 7.125], "texture": "#2"},
				"east": {"uv": [5.75, 8.625, 5.375, 9.75], "texture": "#2"},
				"south": {"uv": [1.625, 8.5, 1.5, 9.625], "texture": "#2"},
				"west": {"uv": [5.375, 8.625, 5, 9.75], "texture": "#2"},
				"up": {"uv": [1.875, 2.875, 2, 2.5], "texture": "#2"},
				"down": {"uv": [2.875, 5.25, 3, 5.625], "texture": "#2"}
			}
		},
		{
			"from": [7.1, 6.05235, 5.6833],
			"to": [8.7, 7.65235, 6.4833],
			"rotation": {"angle": 22.5, "axis": "x", "origin": [7.9, 6.85235, 6.0833]},
			"faces": {
				"north": {"uv": [10.5, 7.5, 10, 8], "texture": "#2"},
				"east": {"uv": [9.375, 10.125, 9.125, 10.625], "texture": "#2"},
				"south": {"uv": [10.5, 8.875, 10, 9.375], "texture": "#2"},
				"west": {"uv": [7.875, 10.125, 7.625, 10.625], "texture": "#2"},
				"up": {"uv": [10.125, 8.875, 10.625, 8.625], "texture": "#2"},
				"down": {"uv": [9.375, 10.125, 9.875, 10.375], "texture": "#2"}
			}
		},
		{
			"from": [7.1, 6.05235, 7.2833],
			"to": [8.7, 7.65235, 8.0833],
			"rotation": {"angle": -22.5, "axis": "x", "origin": [7.9, 6.85235, 7.6833]},
			"faces": {
				"north": {"uv": [7.125, 10, 6.625, 10.5], "texture": "#2"},
				"east": {"uv": [7.625, 10.125, 7.375, 10.625], "texture": "#2"},
				"south": {"uv": [10.5, 7, 10, 7.5], "texture": "#2"},
				"west": {"uv": [7.375, 10.125, 7.125, 10.625], "texture": "#2"},
				"up": {"uv": [10.125, 8.625, 10.625, 8.375], "texture": "#2"},
				"down": {"uv": [8.625, 10.125, 9.125, 10.375], "texture": "#2"}
			}
		},
		{
			"from": [7.3, 8.05235, -4.7167],
			"to": [8.5, 10.05235, 2.0833],
			"rotation": {"angle": 0, "axis": "y", "origin": [8.1, 9.65235, 8.4833]},
			"faces": {
				"north": {"uv": [10.5, 2.875, 10.125, 3.5], "texture": "#2"},
				"east": {"uv": [4.75, 3.625, 2.625, 4.25], "texture": "#2"},
				"south": {"uv": [10.5, 4.625, 10.125, 5.25], "texture": "#2"},
				"west": {"uv": [2.625, 3.625, 0.5, 4.25], "texture": "#2"},
				"up": {"uv": [2.5, 7.375, 2.875, 5.25], "texture": "#2"},
				"down": {"uv": [5.5, 5.375, 5.875, 7.5], "texture": "#2"}
			}
		},
		{
			"from": [7.3, 4.85235, 2.0833],
			"to": [8.5, 6.05235, 5.2833],
			"rotation": {"angle": 0, "axis": "y", "origin": [8.1, 6.45235, 15.2833]},
			"faces": {
				"north": {"uv": [8.875, 4.875, 8.5, 5.25], "texture": "#2"},
				"east": {"uv": [6.25, 3.5, 7.25, 3.875], "texture": "#2"},
				"south": {"uv": [6.5, 10.125, 6.125, 10.5], "texture": "#2"},
				"west": {"uv": [7.25, 3.5, 6.25, 3.875], "texture": "#2"},
				"up": {"uv": [0.875, 10.125, 1.25, 9.125], "texture": "#2"},
				"down": {"uv": [8.25, 9.25, 8.625, 10.25], "texture": "#2"}
			}
		},
		{
			"from": [7.9, 3.25235, -4.7167],
			"to": [7.9, 4.85235, 5.2833],
			"rotation": {"angle": 0, "axis": "y", "origin": [8.1, 6.45235, 8.4833]},
			"faces": {
				"north": {"uv": [0, 0, 0, 0.5], "texture": "#2"},
				"east": {"uv": [1.875, 3.125, 5, 3.625], "texture": "#2"},
				"south": {"uv": [0, 0, 0, 0.5], "texture": "#2"},
				"west": {"uv": [5, 3.125, 1.875, 3.625], "texture": "#2"},
				"up": {"uv": [0, 3.125, 0, 0], "texture": "#2"},
				"down": {"uv": [0, 0, 0, 3.125], "texture": "#2"}
			}
		},
		{
			"from": [7.3, 4.85235, -4.7167],
			"to": [8.5, 6.85235, 2.0833],
			"rotation": {"angle": 0, "axis": "y", "origin": [8.1, 6.45235, 8.4833]},
			"faces": {
				"north": {"uv": [10.375, 9.75, 10, 10.375], "texture": "#2"},
				"east": {"uv": [3.5, 1, 5.625, 1.625], "texture": "#2"},
				"south": {"uv": [1.25, 10.125, 0.875, 10.75], "texture": "#2"},
				"west": {"uv": [5.625, 1, 3.5, 1.625], "texture": "#2"},
				"up": {"uv": [1.75, 7.375, 2.125, 5.25], "texture": "#2"},
				"down": {"uv": [2.125, 5.25, 2.5, 7.375], "texture": "#2"}
			}
		},
		{
			"from": [7.5, 6.45235, -1.1167],
			"to": [8.3, 7.25235, 16.0833],
			"rotation": {"angle": 0, "axis": "y", "origin": [8.3, 6.45235, 8.4833]},
			"faces": {
				"north": {"uv": [10.5, 5.25, 10.25, 5.5], "texture": "#2"},
				"east": {"uv": [8.875, 0.75, 3.5, 1], "texture": "#2"},
				"south": {"uv": [10.5, 5.5, 10.25, 5.75], "texture": "#2"},
				"west": {"uv": [8.875, 0.5, 3.5, 0.75], "texture": "#2"},
				"up": {"uv": [0, 8.75, 0.25, 3.375], "texture": "#2"},
				"down": {"uv": [0.25, 3.375, 0.5, 8.75], "texture": "#2"}
			}
		},
		{
			"from": [7.1, 6.05235, 16.0833],
			"to": [8.7, 7.65235, 19.2833],
			"rotation": {"angle": 0, "axis": "y", "origin": [8.3, 6.45235, 8.4833]},
			"faces": {
				"north": {"uv": [4.5, 10, 4, 10.5], "texture": "#2"},
				"east": {"uv": [3.5, 8.25, 2.5, 8.75], "texture": "#2"},
				"south": {"uv": [5, 10, 4.5, 10.5], "texture": "#2"},
				"west": {"uv": [9.25, 1.5, 8.25, 2], "texture": "#2"},
				"up": {"uv": [3.5, 9.25, 4, 8.25], "texture": "#2"},
				"down": {"uv": [8.25, 7.375, 8.75, 8.375], "texture": "#2"}
			}
		}
	],
	"gui_light": "front",
	"display": {
		"thirdperson_righthand": {
			"rotation": [90, 0, 0],
			"translation": [0, 5.75, 4],
			"scale": [2, 2, 2]
		},
		"thirdperson_lefthand": {
			"rotation": [90, 0, 0],
			"translation": [0, 5.75, 4],
			"scale": [2, 2, 2]
		},
		"firstperson_righthand": {
			"rotation": [74, -28, -36],
			"translation": [3.25, 3.25, -2.25],
			"scale": [1.4, 1.4, 1.4]
		},
		"firstperson_lefthand": {
			"rotation": [74, -28, -36],
			"translation": [3.25, 3.25, -2.25],
			"scale": [1.4, 1.4, 1.4]
		},
		"ground": {
			"rotation": [45, 0, 0],
			"translation": [0, 7.75, 0]
		},
		"gui": {
			"rotation": [70, -43, 53],
			"translation": [-1.75, -1.25, 0],
			"scale": [0.7, 0.7, 0.7]
		},
		"fixed": {
			"rotation": [90, 0, -90],
			"translation": [1.5, -3.75, -0.75],
			"scale": [2, 2, 2]
		}
	},
	"groups": [
		{
			"name": "kur_righthandhand",
			"origin": [0.5, 7.42058, 7.80551],
			"color": 0,
			"children": [0, 1, 2, 3, 4, 5, 6, 7, 8, 9, 10, 11, 12, 13]
		}
	]
}