{"textures":{"0":"modelengine:entity/wild_ginseng_stage"},"elements":[{"from":[5.0,8.0,6.975],"to":[7.0,10.0,9.025],"faces":{"east":{"uv":[0.125,1.9375,0.25,2.0625],"tintindex":0,"rotation":0,"texture":"#0"},"south":{"uv":[0.125,1.8125,0.25,1.9375],"tintindex":0,"rotation":0,"texture":"#0"},"north":{"uv":[0.25,1.8125,0.125,1.9375],"tintindex":0,"rotation":0,"texture":"#0"},"west":{"uv":[0.25,1.8125,0.375,1.9375],"tintindex":0,"rotation":0,"texture":"#0"},"up":{"uv":[0.0,1.9375,0.125,1.8125],"tintindex":0,"rotation":0,"texture":"#0"},"down":{"uv":[0.0,1.9375,0.125,2.0625],"tintindex":0,"rotation":0,"texture":"#0"}},"rotation":{"origin":[7.0,8.0,8.0],"angle":-45.0,"axis":"z"}},{"from":[8.0,8.0,6.0],"to":[10.0,9.0,7.0],"faces":{"east":{"uv":[0.1875,2.375,0.25,2.4375],"tintindex":0,"rotation":0,"texture":"#0"},"south":{"uv":[0.0,2.375,0.125,2.4375],"tintindex":0,"rotation":0,"texture":"#0"},"north":{"uv":[0.125,2.375,0.0,2.4375],"tintindex":0,"rotation":0,"texture":"#0"},"west":{"uv":[0.125,2.375,0.1875,2.4375],"tintindex":0,"rotation":0,"texture":"#0"},"up":{"uv":[0.0,2.375,0.125,2.4375],"tintindex":0,"rotation":0,"texture":"#0"},"down":{"uv":[0.0,2.375,0.125,2.4375],"tintindex":0,"rotation":0,"texture":"#0"}}},{"from":[3.6,9.45,8.0],"to":[7.6,14.45,8.0],"faces":{"south":{"uv":[0.25,1.5,0.0,1.8125],"tintindex":0,"rotation":0,"texture":"#0"},"north":{"uv":[0.0,1.5,0.25,1.8125],"tintindex":0,"rotation":0,"texture":"#0"}}},{"from":[10.0,8.0,9.0],"to":[11.0,9.0,10.0],"faces":{"east":{"uv":[0.125,2.375,0.1875,2.4375],"tintindex":0,"rotation":0,"texture":"#0"},"south":{"uv":[0.125,2.375,0.1875,2.4375],"tintindex":0,"rotation":0,"texture":"#0"},"north":{"uv":[0.125,2.375,0.1875,2.4375],"tintindex":0,"rotation":0,"texture":"#0"},"west":{"uv":[0.125,2.375,0.1875,2.4375],"tintindex":0,"rotation":0,"texture":"#0"},"up":{"uv":[0.125,2.375,0.1875,2.4375],"tintindex":0,"rotation":0,"texture":"#0"},"down":{"uv":[0.125,2.375,0.1875,2.4375],"tintindex":0,"rotation":0,"texture":"#0"}}},{"from":[7.0,8.0,7.0],"to":[9.0,9.5,9.0],"faces":{"east":{"uv":[0.125,2.0625,0.25,2.15625],"tintindex":0,"rotation":0,"texture":"#0"},"south":{"uv":[0.125,2.0625,0.25,2.15625],"tintindex":0,"rotation":0,"texture":"#0"},"north":{"uv":[0.125,2.0625,0.25,2.15625],"tintindex":0,"rotation":0,"texture":"#0"},"west":{"uv":[0.125,2.0625,0.25,2.15625],"tintindex":0,"rotation":0,"texture":"#0"},"up":{"uv":[0.0,2.0625,0.125,2.1875],"tintindex":0,"rotation":0,"texture":"#0"},"down":{"uv":[0.0,2.1875,0.125,2.3125],"tintindex":0,"rotation":0,"texture":"#0"}}},{"from":[9.0,8.0,8.0],"to":[11.0,9.0,9.0],"faces":{"east":{"uv":[0.125,2.375,0.1875,2.4375],"tintindex":0,"rotation":0,"texture":"#0"},"south":{"uv":[0.125,2.375,0.0,2.4375],"tintindex":0,"rotation":0,"texture":"#0"},"north":{"uv":[0.0,2.375,0.125,2.4375],"tintindex":0,"rotation":0,"texture":"#0"},"west":{"uv":[0.125,2.375,0.1875,2.4375],"tintindex":0,"rotation":0,"texture":"#0"},"up":{"uv":[0.125,2.375,0.0,2.4375],"tintindex":0,"rotation":0,"texture":"#0"},"down":{"uv":[0.125,2.375,0.0,2.4375],"tintindex":0,"rotation":0,"texture":"#0"}}}],"display":{"gui":{"rotation":[30,225,0]}}}