{"textures":{"0":"modelengine:entity/bean_stage"},"elements":[{"from":[8.0,9.9,5.5],"to":[8.0,10.9,6.5],"faces":{"east":{"uv":[0.4375,0.625,0.5625,0.5],"tintindex":0,"rotation":90,"texture":"#0"},"west":{"uv":[0.4375,0.5,0.5625,0.625],"tintindex":0,"rotation":90,"texture":"#0"}},"rotation":{"origin":[8.5,9.9,8.5],"angle":-22.5,"axis":"x"}},{"from":[7.5,8.0,8.0],"to":[8.5,9.0,10.0],"faces":{"east":{"uv":[0.5,0.375,0.4375,0.5],"tintindex":0,"rotation":90,"texture":"#0"},"south":{"uv":[0.5,0.375,0.5625,0.4375],"tintindex":0,"rotation":0,"texture":"#0"},"north":{"uv":[0.4375,0.3125,0.5,0.375],"tintindex":0,"rotation":0,"texture":"#0"},"west":{"uv":[0.4375,0.5,0.5,0.375],"tintindex":0,"rotation":90,"texture":"#0"},"up":{"uv":[0.4375,0.375,0.5,0.5],"tintindex":0,"rotation":0,"texture":"#0"},"down":{"uv":[0.5,0.5,0.4375,0.375],"tintindex":0,"rotation":0,"texture":"#0"}},"rotation":{"origin":[8.5,8.0,8.0],"angle":-22.5,"axis":"x"}},{"from":[7.525,8.0,6.0],"to":[8.475,9.0,8.0],"faces":{"east":{"uv":[0.5,0.5,0.4375,0.375],"tintindex":0,"rotation":90,"texture":"#0"},"south":{"uv":[0.5,0.375,0.5625,0.4375],"tintindex":0,"rotation":0,"texture":"#0"},"north":{"uv":[0.5,0.4375,0.5625,0.5],"tintindex":0,"rotation":0,"texture":"#0"},"west":{"uv":[0.4375,0.375,0.5,0.5],"tintindex":0,"rotation":90,"texture":"#0"},"up":{"uv":[0.4375,0.5,0.5,0.375],"tintindex":0,"rotation":0,"texture":"#0"},"down":{"uv":[0.5,0.375,0.4375,0.5],"tintindex":0,"rotation":0,"texture":"#0"}},"rotation":{"origin":[8.5,8.0,8.0],"angle":22.5,"axis":"x"}}],"display":{"gui":{"rotation":[30,225,0]}}}