{
	"credit": "Made with Blockbench",
	"texture_size": [64, 64],
	"textures": {
		"3": "modelengine:entity/ork_nil"
	},
	"elements": [
		{
			"from": [-5.78491, 6.63962, 7.77206],
			"to": [11.71509, 9.63962, 8.27206],
			"rotation": {"angle": 0, "axis": "z", "origin": [7.76755, 8.13962, 8.02206]},
			"faces": {
				"north": {"uv": [0.00625, 0.00625, 0.74375, 4.36875], "rotation": 270, "texture": "#3"},
				"east": {"uv": [9.18125, 7.30625, 8.44375, 7.19375], "rotation": 90, "texture": "#3"},
				"south": {"uv": [0.75625, 0.00625, 1.49375, 4.36875], "rotation": 90, "texture": "#3"},
				"west": {"uv": [9.43125, 3.06875, 8.69375, 3.18125], "rotation": 90, "texture": "#3"},
				"up": {"uv": [0.13125, 4.38125, 0.24375, 8.74375], "rotation": 90, "texture": "#3"},
				"down": {"uv": [0.00625, 4.38125, 0.11875, 8.74375], "rotation": 90, "texture": "#3"}
			}
		},
		{
			"from": [-5.32731, 9.94011, 7.77206],
			"to": [-3.82731, 11.94011, 8.27206],
			"rotation": {"angle": 22.5, "axis": "z", "origin": [7.76755, 8.13962, 8.02206]},
			"faces": {
				"north": {"uv": [7.50625, 2.94375, 7.99375, 3.30625], "rotation": 270, "texture": "#3"},
				"east": {"uv": [9.30625, 5.18125, 8.81875, 5.06875], "rotation": 90, "texture": "#3"},
				"south": {"uv": [7.50625, 6.19375, 7.99375, 6.55625], "rotation": 90, "texture": "#3"},
				"west": {"uv": [9.30625, 5.19375, 8.81875, 5.30625], "rotation": 90, "texture": "#3"},
				"up": {"uv": [7.56875, 8.94375, 7.68125, 9.30625], "rotation": 90, "texture": "#3"},
				"down": {"uv": [7.44375, 8.94375, 7.55625, 9.30625], "rotation": 90, "texture": "#3"}
			}
		},
		{
			"from": [-5.32731, 8.19011, 8.02206],
			"to": [-3.57731, 9.94011, 8.02206],
			"rotation": {"angle": 22.5, "axis": "z", "origin": [7.76755, 8.13962, 8.02206]},
			"faces": {
				"north": {"uv": [2.06875, 7.31875, 2.49375, 7.74375], "rotation": 270, "texture": "#3"},
				"east": {"uv": [0.43125, 0.00625, 0.00625, 0.00625], "rotation": 90, "texture": "#3"},
				"south": {"uv": [4.06875, 7.31875, 4.49375, 7.74375], "rotation": 90, "texture": "#3"},
				"west": {"uv": [0.43125, 0.00625, 0.00625, 0.00625], "rotation": 90, "texture": "#3"},
				"up": {"uv": [0.00625, 0.00625, 0.00625, 0.43125], "rotation": 90, "texture": "#3"},
				"down": {"uv": [0.00625, 0.00625, 0.00625, 0.43125], "rotation": 90, "texture": "#3"}
			}
		},
		{
			"from": [7.21509, 7.63962, 7.52206],
			"to": [11.71509, 8.63962, 8.52206],
			"rotation": {"angle": 0, "axis": "z", "origin": [7.76755, 8.13962, 8.02206]},
			"faces": {
				"north": {"uv": [2.88125, 6.25625, 3.11875, 7.36875], "rotation": 270, "texture": "#3"},
				"east": {"uv": [6.18125, 0.80625, 5.94375, 0.56875], "rotation": 90, "texture": "#3"},
				"south": {"uv": [4.75625, 6.56875, 4.99375, 7.68125], "rotation": 90, "texture": "#3"},
				"west": {"uv": [3.18125, 8.81875, 2.94375, 9.05625], "rotation": 90, "texture": "#3"},
				"up": {"uv": [5.00625, 6.56875, 5.24375, 7.68125], "rotation": 90, "texture": "#3"},
				"down": {"uv": [4.50625, 6.56875, 4.74375, 7.68125], "rotation": 90, "texture": "#3"}
			}
		},
		{
			"from": [11.71509, 6.38962, 7.52206],
			"to": [14.21509, 9.88962, 8.52206],
			"rotation": {"angle": 0, "axis": "z", "origin": [7.76755, 8.13962, 8.02206]},
			"faces": {
				"north": {"uv": [0.25625, 4.38125, 1.11875, 4.99375], "rotation": 270, "texture": "#3"},
				"east": {"uv": [7.86875, 2.18125, 7.00625, 1.94375], "rotation": 90, "texture": "#3"},
				"south": {"uv": [4.63125, 3.44375, 5.49375, 4.05625], "rotation": 90, "texture": "#3"},
				"west": {"uv": [7.86875, 2.19375, 7.00625, 2.43125], "rotation": 90, "texture": "#3"},
				"up": {"uv": [8.06875, 7.31875, 8.30625, 7.93125], "rotation": 90, "texture": "#3"},
				"down": {"uv": [6.69375, 8.06875, 6.93125, 8.68125], "rotation": 90, "texture": "#3"}
			}
		},
		{
			"from": [14.21509, 7.76462, 7.64706],
			"to": [20.21509, 8.51462, 8.39706],
			"rotation": {"angle": 0, "axis": "z", "origin": [7.76755, 8.13962, 8.02206]},
			"faces": {
				"north": {"uv": [5.25625, 6.56875, 5.43125, 8.05625], "rotation": 270, "texture": "#3"},
				"east": {"uv": [9.18125, 8.11875, 9.00625, 7.94375], "rotation": 90, "texture": "#3"},
				"south": {"uv": [5.63125, 6.56875, 5.80625, 8.05625], "rotation": 90, "texture": "#3"},
				"west": {"uv": [8.55625, 9.00625, 8.38125, 9.18125], "rotation": 90, "texture": "#3"},
				"up": {"uv": [5.81875, 6.56875, 5.99375, 8.05625], "rotation": 90, "texture": "#3"},
				"down": {"uv": [5.44375, 6.56875, 5.61875, 8.05625], "rotation": 90, "texture": "#3"}
			}
		},
		{
			"from": [18.46023, 7.26462, 12.69885],
			"to": [20.21023, 9.01462, 12.69885],
			"rotation": {"angle": 22.5, "axis": "y", "origin": [7.76755, 8.13962, 8.02206]},
			"faces": {
				"north": {"uv": [7.31875, 6.63125, 7.74375, 7.05625], "rotation": 270, "texture": "#3"},
				"east": {"uv": [0.43125, 0.00625, 0.00625, 0.00625], "rotation": 90, "texture": "#3"},
				"south": {"uv": [7.31875, 7.06875, 7.74375, 7.49375], "rotation": 90, "texture": "#3"},
				"west": {"uv": [0.43125, 0.00625, 0.00625, 0.00625], "rotation": 90, "texture": "#3"},
				"up": {"uv": [0.00625, 0.00625, 0.00625, 0.43125], "rotation": 90, "texture": "#3"},
				"down": {"uv": [0.00625, 0.00625, 0.00625, 0.43125], "rotation": 90, "texture": "#3"}
			}
		},
		{
			"from": [-5.78491, 5.88962, 7.74706],
			"to": [-3.53491, 8.13962, 7.74706],
			"rotation": {"angle": 0, "axis": "z", "origin": [7.76755, 8.13962, 8.02206]},
			"faces": {
				"north": {"uv": [5.50625, 4.81875, 6.05625, 5.36875], "rotation": 270, "texture": "#3"},
				"east": {"uv": [0.55625, 0.00625, 0.00625, 0.00625], "rotation": 90, "texture": "#3"},
				"south": {"uv": [5.50625, 5.38125, 6.05625, 5.93125], "rotation": 90, "texture": "#3"},
				"west": {"uv": [0.55625, 0.00625, 0.00625, 0.00625], "rotation": 90, "texture": "#3"},
				"up": {"uv": [0.00625, 0.00625, 0.00625, 0.55625], "rotation": 90, "texture": "#3"},
				"down": {"uv": [0.00625, 0.00625, 0.00625, 0.55625], "rotation": 90, "texture": "#3"}
			}
		},
		{
			"from": [-5.78491, 8.13962, 7.74706],
			"to": [-3.53491, 10.38962, 7.74706],
			"rotation": {"angle": 0, "axis": "z", "origin": [7.76755, 8.13962, 8.02206]},
			"faces": {
				"north": {"uv": [0.25625, 5.63125, 0.80625, 6.18125], "rotation": 270, "texture": "#3"},
				"east": {"uv": [0.55625, 0.00625, 0.00625, 0.00625], "rotation": 90, "texture": "#3"},
				"south": {"uv": [0.81875, 5.69375, 1.36875, 6.24375], "rotation": 90, "texture": "#3"},
				"west": {"uv": [0.55625, 0.00625, 0.00625, 0.00625], "rotation": 90, "texture": "#3"},
				"up": {"uv": [0.00625, 0.00625, 0.00625, 0.55625], "rotation": 90, "texture": "#3"},
				"down": {"uv": [0.00625, 0.00625, 0.00625, 0.55625], "rotation": 90, "texture": "#3"}
			}
		},
		{
			"from": [-5.78491, 8.13962, 8.29706],
			"to": [-3.53491, 10.38962, 8.29706],
			"rotation": {"angle": 0, "axis": "z", "origin": [7.76755, 8.13962, 8.02206]},
			"faces": {
				"north": {"uv": [1.38125, 5.69375, 1.93125, 6.24375], "rotation": 270, "texture": "#3"},
				"east": {"uv": [0.55625, 0.00625, 0.00625, 0.00625], "rotation": 90, "texture": "#3"},
				"south": {"uv": [5.75625, 2.00625, 6.30625, 2.55625], "rotation": 90, "texture": "#3"},
				"west": {"uv": [0.55625, 0.00625, 0.00625, 0.00625], "rotation": 90, "texture": "#3"},
				"up": {"uv": [0.00625, 0.00625, 0.00625, 0.55625], "rotation": 90, "texture": "#3"},
				"down": {"uv": [0.00625, 0.00625, 0.00625, 0.55625], "rotation": 90, "texture": "#3"}
			}
		},
		{
			"from": [-5.78491, 5.88962, 8.29706],
			"to": [-3.53491, 8.13962, 8.29706],
			"rotation": {"angle": 0, "axis": "z", "origin": [7.76755, 8.13962, 8.02206]},
			"faces": {
				"north": {"uv": [5.75625, 2.56875, 6.30625, 3.11875], "rotation": 270, "texture": "#3"},
				"east": {"uv": [0.55625, 0.00625, 0.00625, 0.00625], "rotation": 90, "texture": "#3"},
				"south": {"uv": [5.94375, 0.00625, 6.49375, 0.55625], "rotation": 90, "texture": "#3"},
				"west": {"uv": [0.55625, 0.00625, 0.00625, 0.00625], "rotation": 90, "texture": "#3"},
				"up": {"uv": [0.00625, 0.00625, 0.00625, 0.55625], "rotation": 90, "texture": "#3"},
				"down": {"uv": [0.00625, 0.00625, 0.00625, 0.55625], "rotation": 90, "texture": "#3"}
			}
		},
		{
			"from": [-5.32731, 6.33914, 8.02206],
			"to": [-3.57731, 8.08914, 8.02206],
			"rotation": {"angle": -22.5, "axis": "z", "origin": [7.76755, 8.13962, 8.02206]},
			"faces": {
				"north": {"uv": [2.50625, 7.38125, 2.93125, 7.80625], "rotation": 270, "texture": "#3"},
				"east": {"uv": [0.43125, 0.00625, 0.00625, 0.00625], "rotation": 90, "texture": "#3"},
				"south": {"uv": [6.31875, 7.38125, 6.74375, 7.80625], "rotation": 90, "texture": "#3"},
				"west": {"uv": [0.43125, 0.00625, 0.00625, 0.00625], "rotation": 90, "texture": "#3"},
				"up": {"uv": [0.00625, 0.00625, 0.00625, 0.43125], "rotation": 90, "texture": "#3"},
				"down": {"uv": [0.00625, 0.00625, 0.00625, 0.43125], "rotation": 90, "texture": "#3"}
			}
		},
		{
			"from": [-5.32731, 4.33914, 7.77206],
			"to": [-3.82731, 6.33914, 8.27206],
			"rotation": {"angle": -22.5, "axis": "z", "origin": [7.76755, 8.13962, 8.02206]},
			"faces": {
				"north": {"uv": [7.56875, 3.69375, 8.05625, 4.05625], "rotation": 270, "texture": "#3"},
				"east": {"uv": [9.30625, 5.43125, 8.81875, 5.31875], "rotation": 90, "texture": "#3"},
				"south": {"uv": [7.75625, 1.00625, 8.24375, 1.36875], "rotation": 90, "texture": "#3"},
				"west": {"uv": [7.80625, 8.81875, 7.31875, 8.93125], "rotation": 90, "texture": "#3"},
				"up": {"uv": [7.94375, 8.94375, 8.05625, 9.30625], "rotation": 90, "texture": "#3"},
				"down": {"uv": [7.69375, 8.94375, 7.80625, 9.30625], "rotation": 90, "texture": "#3"}
			}
		},
		{
			"from": [-4.03491, 9.43806, 7.23706],
			"to": [11.71509, 10.68806, 7.23706],
			"rotation": {"angle": 22.5, "axis": "x", "origin": [7.76755, 8.13962, 8.02206]},
			"faces": {
				"north": {"uv": [3.36875, 0.00625, 3.06875, 3.93125], "rotation": 270, "texture": "#3"},
				"east": {"uv": [0.30625, 0.00625, 0.00625, 0.00625], "rotation": 90, "texture": "#3"},
				"south": {"uv": [3.69375, 0.00625, 3.99375, 3.93125], "rotation": 90, "texture": "#3"},
				"west": {"uv": [0.30625, 0.00625, 0.00625, 0.00625], "rotation": 90, "texture": "#3"},
				"up": {"uv": [0.00625, 0.00625, 0.00625, 3.93125], "rotation": 90, "texture": "#3"},
				"down": {"uv": [0.00625, 0.00625, 0.00625, 3.93125], "rotation": 90, "texture": "#3"}
			}
		},
		{
			"from": [-4.03491, 9.43806, 8.80706],
			"to": [11.71509, 10.68806, 8.80706],
			"rotation": {"angle": -22.5, "axis": "x", "origin": [7.76755, 8.13962, 8.02206]},
			"faces": {
				"north": {"uv": [3.69375, 0.00625, 3.99375, 3.93125], "rotation": 270, "texture": "#3"},
				"east": {"uv": [0.30625, 0.00625, 0.00625, 0.00625], "rotation": 90, "texture": "#3"},
				"south": {"uv": [3.68125, 0.00625, 3.38125, 3.93125], "rotation": 90, "texture": "#3"},
				"west": {"uv": [0.30625, 0.00625, 0.00625, 0.00625], "rotation": 90, "texture": "#3"},
				"up": {"uv": [0.00625, 0.00625, 0.00625, 3.93125], "rotation": 90, "texture": "#3"},
				"down": {"uv": [0.00625, 0.00625, 0.00625, 3.93125], "rotation": 90, "texture": "#3"}
			}
		},
		{
			"from": [-4.03491, 5.58291, 8.78706],
			"to": [11.71509, 6.83291, 8.78706],
			"rotation": {"angle": 22.5, "axis": "x", "origin": [7.76755, 8.13962, 8.02206]},
			"faces": {
				"north": {"uv": [3.99375, 0.00625, 3.69375, 3.93125], "rotation": 270, "texture": "#3"},
				"east": {"uv": [0.00625, 0.00625, 0.30625, 0.00625], "rotation": 90, "texture": "#3"},
				"south": {"uv": [3.38125, 0.00625, 3.68125, 3.93125], "rotation": 90, "texture": "#3"},
				"west": {"uv": [0.00625, 0.00625, 0.30625, 0.00625], "rotation": 90, "texture": "#3"},
				"up": {"uv": [0.00625, 0.00625, 0.00625, 3.93125], "rotation": 90, "texture": "#3"},
				"down": {"uv": [0.00625, 0.00625, 0.00625, 3.93125], "rotation": 90, "texture": "#3"}
			}
		},
		{
			"from": [-4.03491, 5.59948, 7.21706],
			"to": [11.71509, 6.84948, 7.21706],
			"rotation": {"angle": -22.5, "axis": "x", "origin": [7.76755, 8.13962, 8.02206]},
			"faces": {
				"north": {"uv": [3.06875, 0.00625, 3.36875, 3.93125], "rotation": 270, "texture": "#3"},
				"east": {"uv": [0.00625, 0.00625, 0.30625, 0.00625], "rotation": 90, "texture": "#3"},
				"south": {"uv": [3.99375, 0.00625, 3.69375, 3.93125], "rotation": 90, "texture": "#3"},
				"west": {"uv": [0.00625, 0.00625, 0.30625, 0.00625], "rotation": 90, "texture": "#3"},
				"up": {"uv": [0.00625, 0.00625, 0.00625, 3.93125], "rotation": 90, "texture": "#3"},
				"down": {"uv": [0.00625, 0.00625, 0.00625, 3.93125], "rotation": 90, "texture": "#3"}
			}
		}
	],
	"gui_light": "front",
	"display": {
		"thirdperson_righthand": {
			"rotation": [0, 97, -90],
			"translation": [0, 11.25, 2.25],
			"scale": [1.5, 1.5, 1.5]
		},
		"thirdperson_lefthand": {
			"rotation": [0, 97, 90],
			"translation": [-0.5, 11.25, 2.25],
			"scale": [1.5, 1.5, 1.5]
		},
		"firstperson_righthand": {
			"rotation": [-32, 114, -73],
			"translation": [3, 3.5, -2],
			"scale": [1.5, 1.5, 1.5]
		},
		"firstperson_lefthand": {
			"rotation": [-32, 114, 102],
			"translation": [3, 3.5, -2],
			"scale": [1.5, 1.5, 1.5]
		},
		"ground": {
			"rotation": [0, 0, -54],
			"translation": [0, 7.25, 0]
		},
		"gui": {
			"rotation": [0, 0, -137],
			"translation": [-0.5, -0.5, 0],
			"scale": [0.75, 0.75, 0.75]
		},
		"head": {
			"scale": [0, 0, 0]
		},
		"fixed": {
			"translation": [0, 0, 0.5],
			"scale": [2, 2, 2]
		}
	},
	"groups": [
		{
			"name": "sword",
			"origin": [9, 4.13962, 8.02941],
			"color": 0,
			"children": [0, 1, 2, 3, 4, 5, 6, 7, 8, 9, 10, 11, 12, 13, 14, 15, 16]
		}
	]
}