{
	"credit": "Made with Blockbench",
	"texture_size": [256, 256],
	"textures": {
		"1": "modelengine:entity/lr_anubis"
	},
	"elements": [
		{
			"from": [7.49993, -4.10261, 7.36243],
			"to": [8.49993, 4.89739, 8.36243],
			"rotation": {"angle": 0, "axis": "x", "origin": [7.89009, 9.18945, 7.86243]},
			"faces": {
				"north": {"uv": [0.375, 7.0625, 0.5, 8.1875], "texture": "#1"},
				"east": {"uv": [5.1875, 7.25, 5.3125, 8.375], "texture": "#1"},
				"south": {"uv": [1.1875, 7.3125, 1.3125, 8.4375], "texture": "#1"},
				"west": {"uv": [1.3125, 7.3125, 1.4375, 8.4375], "texture": "#1"},
				"up": {"uv": [1.75, 7, 1.625, 6.875], "texture": "#1"},
				"down": {"uv": [7.625, 4.0625, 7.5, 4.1875], "texture": "#1"}
			}
		},
		{
			"from": [6.74993, -11.60261, 6.61243],
			"to": [9.24993, -4.10261, 9.11243],
			"rotation": {"angle": 0, "axis": "x", "origin": [7.89009, 9.18945, 7.86243]},
			"faces": {
				"north": {"uv": [5.6875, 2.4375, 6, 3.375], "texture": "#1"},
				"east": {"uv": [2.6875, 5.8125, 3, 6.75], "texture": "#1"},
				"south": {"uv": [3, 5.8125, 3.3125, 6.75], "texture": "#1"},
				"west": {"uv": [4.6875, 5.8125, 5, 6.75], "texture": "#1"},
				"up": {"uv": [1.4375, 3.5, 1.125, 3.1875], "texture": "#1"},
				"down": {"uv": [2.375, 7.75, 2.0625, 8.0625], "texture": "#1"}
			}
		},
		{
			"from": [7.24993, 7.89739, 7.11243],
			"to": [8.74993, 10.89739, 8.61243],
			"rotation": {"angle": 0, "axis": "x", "origin": [7.89009, 9.18945, 7.86243]},
			"faces": {
				"north": {"uv": [7.9375, 3.0625, 8.125, 3.4375], "texture": "#1"},
				"east": {"uv": [7.9375, 7.3125, 8.125, 7.6875], "texture": "#1"},
				"south": {"uv": [2.375, 8, 2.5625, 8.375], "texture": "#1"},
				"west": {"uv": [2.5625, 8, 2.75, 8.375], "texture": "#1"},
				"up": {"uv": [3.8125, 4.9375, 3.625, 4.75], "texture": "#1"},
				"down": {"uv": [4.375, 5, 4.1875, 5.1875], "texture": "#1"}
			}
		},
		{
			"from": [7.74993, 4.89739, 7.61243],
			"to": [8.24993, 6.89739, 8.11243],
			"rotation": {"angle": 0, "axis": "x", "origin": [7.89009, 9.18945, 7.86243]},
			"faces": {
				"north": {"uv": [0.5, 5.25, 0.5625, 5.5], "texture": "#1"},
				"east": {"uv": [2.375, 6.625, 2.4375, 6.875], "texture": "#1"},
				"south": {"uv": [5.375, 6.8125, 5.4375, 7.0625], "texture": "#1"},
				"west": {"uv": [2.625, 6.9375, 2.6875, 7.1875], "texture": "#1"},
				"up": {"uv": [0.6875, 4.375, 0.625, 4.3125], "texture": "#1"},
				"down": {"uv": [0.75, 4.3125, 0.6875, 4.375], "texture": "#1"}
			}
		},
		{
			"from": [7.49993, 6.89739, 7.36243],
			"to": [8.49993, 7.89739, 8.36243],
			"rotation": {"angle": 0, "axis": "x", "origin": [7.89009, 9.18945, 7.86243]},
			"faces": {
				"north": {"uv": [8.1875, 1.0625, 8.3125, 1.1875], "texture": "#1"},
				"east": {"uv": [8.1875, 1.5625, 8.3125, 1.6875], "texture": "#1"},
				"south": {"uv": [8.1875, 3.4375, 8.3125, 3.5625], "texture": "#1"},
				"west": {"uv": [8.1875, 3.5625, 8.3125, 3.6875], "texture": "#1"},
				"up": {"uv": [8.3125, 5.125, 8.1875, 5], "texture": "#1"},
				"down": {"uv": [8.3125, 5.125, 8.1875, 5.25], "texture": "#1"}
			}
		},
		{
			"from": [7.49993, 10.89739, 7.36243],
			"to": [8.49993, 14.89739, 8.36243],
			"rotation": {"angle": 0, "axis": "x", "origin": [7.89009, 9.18945, 7.86243]},
			"faces": {
				"north": {"uv": [4.5, 8, 4.625, 8.5], "texture": "#1"},
				"east": {"uv": [4.625, 8, 4.75, 8.5], "texture": "#1"},
				"south": {"uv": [6.4375, 8, 6.5625, 8.5], "texture": "#1"},
				"west": {"uv": [6.5625, 8, 6.6875, 8.5], "texture": "#1"},
				"up": {"uv": [8.375, 1.3125, 8.25, 1.1875], "texture": "#1"},
				"down": {"uv": [8.375, 1.6875, 8.25, 1.8125], "texture": "#1"}
			}
		},
		{
			"from": [7.49993, 17.31417, -1.36396],
			"to": [8.49993, 22.81417, 0.13604],
			"rotation": {"angle": 45, "axis": "x", "origin": [7.89009, 9.96409, 8.63708]},
			"faces": {
				"north": {"uv": [2.25, 4.375, 2.375, 5.0625], "texture": "#1"},
				"east": {"uv": [0.625, 2.5, 0.8125, 3.1875], "texture": "#1"},
				"south": {"uv": [1, 7.875, 1.125, 8.5625], "texture": "#1"},
				"west": {"uv": [0.8125, 2.5, 0.625, 3.1875], "texture": "#1"},
				"up": {"uv": [3.3125, 6.9375, 3.1875, 6.75], "texture": "#1"},
				"down": {"uv": [7.375, 5.25, 7.25, 5.4375], "texture": "#1"}
			}
		},
		{
			"from": [7.12234, 16.89739, 7.27595],
			"to": [8.53734, 20.39739, 8.69095],
			"rotation": {"angle": 45, "axis": "y", "origin": [8.67385, 10.68945, 8.09329]},
			"faces": {
				"north": {"uv": [3.5, 7.875, 3.6875, 8.3125], "texture": "#1"},
				"east": {"uv": [3.0625, 1.125, 3.25, 1.5625], "texture": "#1"},
				"south": {"uv": [2.8125, 4.3125, 3, 4.75], "texture": "#1"},
				"west": {"uv": [0.3125, 5.875, 0.5, 6.3125], "texture": "#1"},
				"up": {"uv": [1.5625, 6.3125, 1.375, 6.125], "rotation": 90, "texture": "#1"},
				"down": {"uv": [2, 6.375, 1.8125, 6.5625], "rotation": 270, "texture": "#1"}
			}
		},
		{
			"from": [6.99993, 14.89739, 7.11243],
			"to": [8.99993, 21.89739, 8.61243],
			"rotation": {"angle": 0, "axis": "x", "origin": [7.89009, 9.18945, 7.86243]},
			"faces": {
				"north": {"uv": [2.8125, 0.6875, 3.0625, 1.5625], "texture": "#1"},
				"east": {"uv": [4.5, 5.875, 4.6875, 6.75], "texture": "#1"},
				"south": {"uv": [2.4375, 6.0625, 2.6875, 6.9375], "texture": "#1"},
				"west": {"uv": [4.6875, 5.875, 4.5, 6.75], "texture": "#1"},
				"up": {"uv": [6.125, 5.875, 5.875, 5.6875], "texture": "#1"},
				"down": {"uv": [6.9375, 2.125, 6.6875, 2.3125], "texture": "#1"}
			}
		},
		{
			"from": [7.49993, 21.31417, -5.36396],
			"to": [8.49993, 22.81417, -1.36396],
			"rotation": {"angle": 45, "axis": "x", "origin": [7.89009, 9.96409, 8.63708]},
			"faces": {
				"north": {"uv": [7.1875, 7.5, 7.3125, 7.6875], "texture": "#1"},
				"east": {"uv": [5.9375, 4.6875, 6.4375, 4.875], "texture": "#1"},
				"south": {"uv": [8.1875, 0.3125, 8.3125, 0.5], "texture": "#1"},
				"west": {"uv": [6.4375, 4.6875, 5.9375, 4.875], "texture": "#1"},
				"up": {"uv": [0.9375, 8.5625, 0.8125, 8.0625], "texture": "#1"},
				"down": {"uv": [2.1875, 8.0625, 2.0625, 8.5625], "texture": "#1"}
			}
		},
		{
			"from": [7.49993, 17.63503, -6.13861],
			"to": [8.49993, 21.63503, -4.63861],
			"rotation": {"angle": 45, "axis": "x", "origin": [7.89009, 9.18945, 7.86243]},
			"faces": {
				"north": {"uv": [2.1875, 8.0625, 2.3125, 8.5625], "texture": "#1"},
				"east": {"uv": [0.9375, 5.625, 1.125, 6.125], "texture": "#1"},
				"south": {"uv": [3.875, 8.0625, 4, 8.5625], "texture": "#1"},
				"west": {"uv": [1.125, 5.625, 0.9375, 6.125], "texture": "#1"},
				"up": {"uv": [8.3125, 0.6875, 8.1875, 0.5], "texture": "#1"},
				"down": {"uv": [8.3125, 0.6875, 8.1875, 0.875], "texture": "#1"}
			}
		},
		{
			"from": [7.49993, 17.63503, -4.63861],
			"to": [8.49993, 19.13503, -2.13861],
			"rotation": {"angle": 45, "axis": "x", "origin": [7.89009, 9.18945, 7.86243]},
			"faces": {
				"north": {"uv": [8.1875, 0.875, 8.3125, 1.0625], "texture": "#1"},
				"east": {"uv": [4, 8.0625, 4.3125, 8.25], "texture": "#1"},
				"south": {"uv": [8.1875, 1.375, 8.3125, 1.5625], "texture": "#1"},
				"west": {"uv": [4.3125, 8.0625, 4, 8.25], "texture": "#1"},
				"up": {"uv": [3.6875, 1.125, 3.5625, 0.8125], "texture": "#1"},
				"down": {"uv": [1.25, 5.0625, 1.125, 5.375], "texture": "#1"}
			}
		},
		{
			"from": [7.24993, 12.39739, 7.11243],
			"to": [8.74993, 13.39739, 8.61243],
			"rotation": {"angle": 0, "axis": "x", "origin": [7.89009, 9.18945, 7.86243]},
			"faces": {
				"north": {"uv": [5.6875, 0.3125, 5.875, 0.4375], "texture": "#1"},
				"east": {"uv": [5.6875, 1.625, 5.875, 1.75], "texture": "#1"},
				"south": {"uv": [6.25, 1.5, 6.4375, 1.625], "texture": "#1"},
				"west": {"uv": [6.625, 0.9375, 6.8125, 1.0625], "texture": "#1"},
				"up": {"uv": [6.6875, 2, 6.5, 1.8125], "texture": "#1"},
				"down": {"uv": [1.375, 6.6875, 1.1875, 6.875], "texture": "#1"}
			}
		},
		{
			"from": [6.99993, 20.39739, 8.61243],
			"to": [8.99993, 21.89739, 11.11243],
			"rotation": {"angle": 0, "axis": "x", "origin": [7.89009, 9.18945, 7.86243]},
			"faces": {
				"north": {"uv": [8.125, 3.25, 8.375, 3.4375], "texture": "#1"},
				"east": {"uv": [5.3125, 8.0625, 5.625, 8.25], "texture": "#1"},
				"south": {"uv": [8.125, 4.0625, 8.375, 4.25], "texture": "#1"},
				"west": {"uv": [8.0625, 6.25, 8.375, 6.4375], "texture": "#1"},
				"up": {"uv": [5.4375, 2.0625, 5.1875, 1.75], "texture": "#1"},
				"down": {"uv": [8.125, 6.6875, 7.875, 7], "texture": "#1"}
			}
		},
		{
			"from": [7.12234, 16.89739, 7.03391],
			"to": [8.53734, 20.39739, 8.44891],
			"rotation": {"angle": -45, "axis": "y", "origin": [8.67385, 7.18945, 7.63157]},
			"faces": {
				"north": {"uv": [5.6875, 7.875, 5.875, 8.3125], "texture": "#1"},
				"east": {"uv": [5.875, 7.875, 6.0625, 8.3125], "texture": "#1"},
				"south": {"uv": [6.0625, 7.875, 6.25, 8.3125], "texture": "#1"},
				"west": {"uv": [3.6875, 7.875, 3.875, 8.3125], "texture": "#1"},
				"up": {"uv": [7, 5.625, 6.8125, 5.4375], "rotation": 270, "texture": "#1"},
				"down": {"uv": [7.1875, 0.3125, 7, 0.5], "rotation": 90, "texture": "#1"}
			}
		},
		{
			"from": [6.99993, 20.39739, 4.61243],
			"to": [8.99993, 21.89739, 7.11243],
			"rotation": {"angle": 0, "axis": "x", "origin": [7.89009, 9.18945, 7.86243]},
			"faces": {
				"north": {"uv": [8.125, 4.25, 8.375, 4.4375], "texture": "#1"},
				"east": {"uv": [8.0625, 6.4375, 8.375, 6.625], "texture": "#1"},
				"south": {"uv": [8.125, 5.25, 8.375, 5.4375], "texture": "#1"},
				"west": {"uv": [6.6875, 8.0625, 7, 8.25], "texture": "#1"},
				"up": {"uv": [8.1875, 0.3125, 7.9375, 0], "texture": "#1"},
				"down": {"uv": [8.1875, 1.375, 7.9375, 1.6875], "texture": "#1"}
			}
		}
	],
	"gui_light": "front",
	"display": {
		"thirdperson_righthand": {
			"translation": [0, 1, 1.75]
		},
		"thirdperson_lefthand": {
			"translation": [0, 1, 1.75]
		},
		"firstperson_righthand": {
			"rotation": [-8, 25, -18],
			"translation": [-1.5, -1.5, 1.75]
		},
		"firstperson_lefthand": {
			"rotation": [-8, 25, -18],
			"translation": [-1.5, -1.5, 1.75]
		},
		"ground": {
			"rotation": [46, 0, 0],
			"translation": [0, 7.25, 0],
			"scale": [0.6, 0.6, 0.6]
		},
		"gui": {
			"rotation": [69, 37, -62],
			"scale": [0.5, 0.5, 0.5]
		},
		"fixed": {
			"rotation": [0, 90, 0],
			"translation": [0, 0, -0.5],
			"scale": [1.4, 1.4, 1.4]
		}
	},
	"groups": [
		{
			"name": "staff",
			"origin": [-0.00014, 9.11336, -0.15219],
			"color": 0,
			"children": [0, 1, 2, 3, 4, 5, 6, 7, 8, 9, 10, 11, 12, 13, 14, 15]
		}
	]
}