{"textures":{"0":"modelengine:entity/egg_plant_stage"},"elements":[{"from":[8.0,7.33073,5.80448],"to":[9.8,10.33073,7.80448],"faces":{"east":{"uv":[0.25,1.3125,0.125,1.5],"tintindex":0,"rotation":180,"texture":"#0"},"south":{"uv":[0.125,1.125,0.25,1.3125],"tintindex":0,"rotation":180,"texture":"#0"},"north":{"uv":[0.25,1.125,0.375,1.3125],"tintindex":0,"rotation":180,"texture":"#0"},"west":{"uv":[0.25,1.125,0.125,1.3125],"tintindex":0,"rotation":180,"texture":"#0"},"up":{"uv":[0.0,1.25,0.125,1.375],"tintindex":0,"rotation":270,"texture":"#0"},"down":{"uv":[0.0,1.125,0.125,1.25],"tintindex":0,"rotation":0,"texture":"#0"}},"rotation":{"origin":[8.9,7.33073,5.80448],"angle":-22.5,"axis":"x"}},{"from":[7.8,5.7,8.5],"to":[10.0,7.9,9.6],"faces":{"east":{"uv":[0.8125,0.9375,0.6875,1.0],"tintindex":0,"rotation":270,"texture":"#0"},"south":{"uv":[0.6875,0.875,0.5625,1.0],"tintindex":0,"rotation":0,"texture":"#0"},"north":{"uv":[0.625,1.1875,0.6875,1.25],"tintindex":0,"rotation":180,"texture":"#0"},"west":{"uv":[0.6875,0.875,0.8125,0.9375],"tintindex":0,"rotation":90,"texture":"#0"},"up":{"uv":[0.8125,0.875,0.6875,0.9375],"tintindex":0,"rotation":180,"texture":"#0"},"down":{"uv":[0.6875,0.9375,0.8125,1.0],"tintindex":0,"rotation":0,"texture":"#0"}},"rotation":{"origin":[8.9,5.8,9.5],"angle":22.5,"axis":"x"}},{"from":[7.9,5.8,5.5],"to":[9.9,7.8,9.5],"faces":{"east":{"uv":[0.375,0.875,0.25,1.125],"tintindex":0,"rotation":270,"texture":"#0"},"south":{"uv":[0.0,0.875,0.125,1.0],"tintindex":0,"rotation":0,"texture":"#0"},"north":{"uv":[0.0,1.0,0.125,1.125],"tintindex":0,"rotation":180,"texture":"#0"},"west":{"uv":[0.25,0.875,0.125,1.125],"tintindex":0,"rotation":90,"texture":"#0"},"up":{"uv":[0.125,0.875,0.25,1.125],"tintindex":0,"rotation":180,"texture":"#0"},"down":{"uv":[0.375,0.875,0.5,1.125],"tintindex":0,"rotation":0,"texture":"#0"}},"rotation":{"origin":[8.9,5.8,9.5],"angle":22.5,"axis":"x"}},{"from":[8.9,5.7,9.6],"to":[8.9,7.9,11.6],"faces":{"east":{"uv":[0.5625,1.0,0.8125,1.25],"tintindex":0,"rotation":270,"texture":"#0"},"west":{"uv":[0.8125,1.0,0.5625,1.25],"tintindex":0,"rotation":90,"texture":"#0"}},"rotation":{"origin":[8.9,5.8,9.5],"angle":22.5,"axis":"x"}}],"display":{"gui":{"rotation":[30,225,0]}}}