{
    "sources": [
        {
            "type": "single",
            "resource": "littleroom_ancientgolem:ancient_golem_laser"
        },
        {
            "type": "single",
            "resource": "modelengine:entity/lr_anubis"
        },
        {
            "type": "single",
            "resource": "littleroom_anubis:lr_anubisslasheffect"
        },
        {
            "type": "single",
            "resource": "littleroom_anubis:lr_anubis_bullethell"
        },
        {
            "type": "single",
            "resource": "littleroom_anubis:lr_anubis_laser"
        },
        {
            "type": "single",
            "resource": "modelengine:entity/boreal_druid_icespike"
        },
        {
            "type": "single",
            "resource": "littleroom_bufobufo:bufo_bufo_youngling"
        },
        {
            "type": "single",
            "resource": "littleroom_bufobufo:bufobufo_hat"
        },
        {
            "type": "single",
            "resource": "modelengine:entity/bufobufo_pet"
        },
        {
            "type": "single",
            "resource": "littleroom_bufobufo:bufobufo_shield"
        },
        {
            "type": "single",
            "resource": "littleroom_bufobufo:bufobufo_sword"
        },
        {
            "type": "single",
            "resource": "littleroom_cookingpot:apple_turnover"
        },
        {
            "type": "single",
            "resource": "littleroom_cookingpot:bacon_eggs"
        },
        {
            "type": "single",
            "resource": "littleroom_cookingpot:beef_kebab"
        },
        {
            "type": "single",
            "resource": "littleroom_cookingpot:beef_sandwich"
        },
        {
            "type": "single",
            "resource": "littleroom_cookingpot:berry_milk"
        },
        {
            "type": "single",
            "resource": "littleroom_cookingpot:brownie"
        },
        {
            "type": "single",
            "resource": "littleroom_cookingpot:candy_apple"
        },
        {
            "type": "single",
            "resource": "littleroom_cookingpot:chicken_kebab"
        },
        {
            "type": "single",
            "resource": "littleroom_cookingpot:chicken_sandwich"
        },
        {
            "type": "single",
            "resource": "littleroom_cookingpot:chocolate_bar"
        },
        {
            "type": "single",
            "resource": "littleroom_cookingpot:chocolate_milk"
        },
        {
            "type": "single",
            "resource": "littleroom_cookingpot:cod_sandwich"
        },
        {
            "type": "single",
            "resource": "littleroom_cookingpot:cod_sushi"
        },
        {
            "type": "single",
            "resource": "modelengine:entity/cooking_pot"
        },
        {
            "type": "single",
            "resource": "littleroom_cookingpot:cotton_candy"
        },
        {
            "type": "single",
            "resource": "littleroom_cookingpot:donut"
        },
        {
            "type": "single",
            "resource": "littleroom_cookingpot:egg_basket"
        },
        {
            "type": "single",
            "resource": "littleroom_cookingpot:failure_food"
        },
        {
            "type": "single",
            "resource": "littleroom_cookingpot:fish_chips"
        },
        {
            "type": "single",
            "resource": "littleroom_cookingpot:fruit_salad"
        },
        {
            "type": "single",
            "resource": "littleroom_cookingpot:glazed_ham"
        },
        {
            "type": "single",
            "resource": "littleroom_cookingpot:ham_sandwich"
        },
        {
            "type": "single",
            "resource": "littleroom_cookingpot:lollipop"
        },
        {
            "type": "single",
            "resource": "littleroom_cookingpot:milk_steak"
        },
        {
            "type": "single",
            "resource": "littleroom_cookingpot:pancakes"
        },
        {
            "type": "single",
            "resource": "littleroom_cookingpot:porkchops_applesauce"
        },
        {
            "type": "single",
            "resource": "littleroom_cookingpot:salmon_sandwich"
        },
        {
            "type": "single",
            "resource": "littleroom_cookingpot:salmon_sushi"
        },
        {
            "type": "single",
            "resource": "littleroom_cookingpot:steak_eggs"
        },
        {
            "type": "single",
            "resource": "modelengine:entity/direwolf_desert"
        },
        {
            "type": "single",
            "resource": "modelengine:entity/direwolf"
        },
        {
            "type": "single",
            "resource": "modelengine:entity/direwolf_taiga"
        },
        {
            "type": "single",
            "resource": "littleroom_dungeonkey:dungeonkey"
        },
        {
            "type": "single",
            "resource": "littleroom_eldric:lr_spark"
        },
        {
            "type": "single",
            "resource": "littleroom_etherealreaver:ethereal_reaver_corruption"
        },
        {
            "type": "single",
            "resource": "modelengine:entity/ethereal_reaver_flame"
        },
        {
            "type": "single",
            "resource": "modelengine:entity/ethereal_reaver"
        },
        {
            "type": "single",
            "resource": "modelengine:entity/lr_gryffin_corvid"
        },
        {
            "type": "single",
            "resource": "modelengine:entity/lr_gryffin"
        },
        {
            "type": "single",
            "resource": "littleroom_kriger:kriger_deathbreath"
        },
        {
            "type": "single",
            "resource": "modelengine:entity/rot"
        },
        {
            "type": "single",
            "resource": "littleroom_kurrot:kur_slash"
        },
        {
            "type": "single",
            "resource": "modelengine:entity/succubus_quadblade"
        },
        {
            "type": "single",
            "resource": "modelengine:entity/succubus_quadblade_fx"
        },
        {
            "type": "single",
            "resource": "modelengine:entity/succubus_sword"
        },
        {
            "type": "single",
            "resource": "littleroom_lillith:lillith_meteor"
        },
        {
            "type": "single",
            "resource": "littleroom_lillith:succubus_hearts"
        },
        {
            "type": "single",
            "resource": "modelengine:entity/succubus_boss"
        },
        {
            "type": "single",
            "resource": "modelengine:entity/magnus"
        },
        {
            "type": "single",
            "resource": "littleroom_magnus:magnus_shard"
        },
        {
            "type": "single",
            "resource": "modelengine:entity/magnusshield"
        },
        {
            "type": "single",
            "resource": "modelengine:entity/magnussword"
        },
        {
            "type": "single",
            "resource": "modelengine:entity/medusa_bow"
        },
        {
            "type": "single",
            "resource": "modelengine:entity/medusa_arrow"
        },
        {
            "type": "single",
            "resource": "modelengine:entity/medusa"
        },
        {
            "type": "single",
            "resource": "littleroom_metaldetector:metal_detector"
        },
        {
            "type": "single",
            "resource": "littleroom_minotaur:lr_minotaur_whirlwind"
        },
        {
            "type": "single",
            "resource": "modelengine:entity/LR_minotaur_axe"
        },
        {
            "type": "single",
            "resource": "modelengine:entity/lr_minotaur_rock"
        },
        {
            "type": "single",
            "resource": "modelengine:entity/ork_nil"
        },
        {
            "type": "single",
            "resource": "modelengine:entity/owlbear_cub"
        },
        {
            "type": "single",
            "resource": "littleroom_snorkel:snorkel"
        },
        {
            "type": "single",
            "resource": "modelengine:entity/lrd_snowglobe"
        },
        {
            "type": "single",
            "resource": "modelengine:entity/steamboat"
        },
        {
            "type": "single",
            "resource": "littleroom_voras:voras_bow"
        },
        {
            "type": "single",
            "resource": "littleroom_voras:voras_tombstone_shield"
        },
        {
            "type": "single",
            "resource": "littleroom_watergun:watergun"
        },
        {
            "type": "single",
            "resource": "littleroom_yeti:yeti_axe"
        },
        {
            "type": "single",
            "resource": "modelengine:entity/lr_yeti"
        },
        {
            "type": "single",
            "resource": "littleroom_yeti:yeti_shield"
        },
        {
            "type": "single",
            "resource": "modelengine:entity/yukio_egg"
        },
        {
            "type": "single",
            "resource": "modelengine:entity/yukio_full"
        },
        {
            "type": "single",
            "resource": "littleroom_yukio:yukio_sword"
        },
        {
            "type": "single",
            "resource": "minecraft:easter_mount_texture/mount_bunny_brown"
        },
        {
            "type": "single",
            "resource": "minecraft:easter_mount_texture/mount_bunny_grey"
        },
        {
            "type": "single",
            "resource": "minecraft:easter_mount_texture/mount_bunny_white"
        },
        {
            "type": "single",
            "resource": "minecraft:easter_mount_texture/mount_chick_black"
        },
        {
            "type": "single",
            "resource": "minecraft:easter_mount_texture/mount_chick_white"
        },
        {
            "type": "single",
            "resource": "minecraft:easter_mount_texture/mount_chick_yellow"
        },
        {
            "type": "single",
            "resource": "minecraft:rpg_mount_2_texture/capybara"
        },
        {
            "type": "single",
            "resource": "minecraft:rpg_mount_2_texture/horse_glacial"
        },
        {
            "type": "single",
            "resource": "minecraft:rpg_mount_2_texture/horse_magma"
        },
        {
            "type": "single",
            "resource": "minecraft:rpg_mount_2_texture/horse_pegasus"
        },
        {
            "type": "single",
            "resource": "minecraft:rpg_mount_2_texture/horse_spartan"
        },
        {
            "type": "single",
            "resource": "minecraft:rpg_mount_2_texture/horse_unicorn"
        },
        {
            "type": "single",
            "resource": "minecraft:rpg_mount_2_texture/kitsune_demonic"
        },
        {
            "type": "single",
            "resource": "minecraft:rpg_mount_2_texture/kitsune_inferno"
        },
        {
            "type": "single",
            "resource": "minecraft:rpg_mount_2_texture/kitsune_mount"
        },
        {
            "type": "single",
            "resource": "minecraft:rpg_mount_2_texture/phantom_ender"
        },
        {
            "type": "single",
            "resource": "minecraft:rpg_mount_2_texture/phantom_ghost"
        },
        {
            "type": "single",
            "resource": "minecraft:rpg_mount_2_texture/phoenix_darkflame"
        },
        {
            "type": "single",
            "resource": "minecraft:rpg_mount_2_texture/phoenix_flame"
        },
        {
            "type": "single",
            "resource": "minecraft:rpg_mount_2_texture/phoenix_light"
        },
        {
            "type": "single",
            "resource": "minecraft:rpg_mount_2_texture/phoenix_thunder"
        },
        {
            "type": "single",
            "resource": "modelengine:entity/artichoke_stage"
        },
        {
            "type": "single",
            "resource": "modelengine:entity/asparagus_stage"
        },
        {
            "type": "single",
            "resource": "modelengine:entity/bean_stage"
        },
        {
            "type": "single",
            "resource": "modelengine:entity/broccoli_stage"
        },
        {
            "type": "single",
            "resource": "modelengine:entity/cabbage_stage"
        },
        {
            "type": "single",
            "resource": "modelengine:entity/corn_stage"
        },
        {
            "type": "single",
            "resource": "modelengine:entity/egg_plant_stage"
        },
        {
            "type": "single",
            "resource": "modelengine:entity/garlic_stage"
        },
        {
            "type": "single",
            "resource": "modelengine:entity/green_onion_stage"
        },
        {
            "type": "single",
            "resource": "modelengine:entity/korea_cabbage_stage"
        },
        {
            "type": "single",
            "resource": "modelengine:entity/mole"
        },
        {
            "type": "single",
            "resource": "modelengine:entity/onion_stage"
        },
        {
            "type": "single",
            "resource": "modelengine:entity/paprika_stage"
        },
        {
            "type": "single",
            "resource": "modelengine:entity/parsley_stage"
        },
        {
            "type": "single",
            "resource": "modelengine:entity/pepper_stage"
        },
        {
            "type": "single",
            "resource": "modelengine:entity/radish_stage"
        },
        {
            "type": "single",
            "resource": "modelengine:entity/rice_stage"
        },
        {
            "type": "single",
            "resource": "modelengine:entity/sweet_potato_stage"
        },
        {
            "type": "single",
            "resource": "modelengine:entity/tomato_stage"
        },
        {
            "type": "single",
            "resource": "modelengine:entity/turnip_stage"
        },
        {
            "type": "single",
            "resource": "modelengine:entity/weeder"
        },
        {
            "type": "single",
            "resource": "modelengine:entity/weeder_wheel"
        },
        {
            "type": "single",
            "resource": "modelengine:entity/wild_ginseng_stage"
        },
        {
            "type": "single",
            "resource": "modelengine:entity/ancient_golem"
        },
        {
            "type": "single",
            "resource": "modelengine:entity/poring"
        },
        {
            "type": "single",
            "resource": "modelengine:entity/anubis_dark_pet"
        },
        {
            "type": "single",
            "resource": "modelengine:entity/anubis_pet"
        },
        {
            "type": "single",
            "resource": "modelengine:entity/anubis_pet_pillar"
        },
        {
            "type": "single",
            "resource": "modelengine:entity/azriel_book"
        },
        {
            "type": "single",
            "resource": "modelengine:entity/azriel"
        },
        {
            "type": "single",
            "resource": "modelengine:entity/azriel_weapon"
        },
        {
            "type": "single",
            "resource": "modelengine:entity/azriel_circle"
        },
        {
            "type": "single",
            "resource": "modelengine:entity/azriel_follower"
        },
        {
            "type": "single",
            "resource": "modelengine:entity/azriel_parts"
        },
        {
            "type": "single",
            "resource": "modelengine:entity/azriel_sword"
        },
        {
            "type": "single",
            "resource": "modelengine:entity/bonfire"
        },
        {
            "type": "single",
            "resource": "modelengine:entity/bonfire_lit"
        },
        {
            "type": "single",
            "resource": "modelengine:entity/boreal_druid_2"
        },
        {
            "type": "single",
            "resource": "modelengine:entity/boreal_druid_owl"
        },
        {
            "type": "single",
            "resource": "modelengine:entity/boreal_druid_ice_blast"
        },
        {
            "type": "single",
            "resource": "modelengine:entity/boreal_druid_ice_block"
        },
        {
            "type": "single",
            "resource": "modelengine:entity/boreal_druid_iceclaw"
        },
        {
            "type": "single",
            "resource": "modelengine:entity/boreal_druid_mammoth"
        },
        {
            "type": "single",
            "resource": "modelengine:entity/boreal_druid_player_freeze"
        },
        {
            "type": "single",
            "resource": "modelengine:entity/capybara"
        },
        {
            "type": "single",
            "resource": "modelengine:entity/concussion"
        },
        {
            "type": "single",
            "resource": "modelengine:entity/cooking_pot_wood"
        },
        {
            "type": "single",
            "resource": "modelengine:entity/cookingpot_splash"
        },
        {
            "type": "single",
            "resource": "modelengine:entity/deadbeard_blank"
        },
        {
            "type": "single",
            "resource": "modelengine:entity/deadbeard_pet"
        },
        {
            "type": "single",
            "resource": "modelengine:entity/cookie"
        },
        {
            "type": "single",
            "resource": "modelengine:entity/deadbeard_petboat"
        },
        {
            "type": "single",
            "resource": "modelengine:entity/devlring"
        },
        {
            "type": "single",
            "resource": "modelengine:entity/direwolfbite"
        },
        {
            "type": "single",
            "resource": "modelengine:entity/direwolfslash"
        },
        {
            "type": "single",
            "resource": "modelengine:entity/dragon_sentinel_full"
        },
        {
            "type": "single",
            "resource": "modelengine:entity/dragon_sentinel_polearm"
        },
        {
            "type": "single",
            "resource": "modelengine:entity/dragon_sentinel_dragonform"
        },
        {
            "type": "single",
            "resource": "modelengine:entity/drops"
        },
        {
            "type": "single",
            "resource": "modelengine:entity/eldric_body"
        },
        {
            "type": "single",
            "resource": "modelengine:entity/eldric_hammer"
        },
        {
            "type": "single",
            "resource": "modelengine:entity/eldric_hammer_fx"
        },
        {
            "type": "single",
            "resource": "modelengine:entity/eldric_anvil"
        },
        {
            "type": "single",
            "resource": "modelengine:entity/eldric_ground_crack"
        },
        {
            "type": "single",
            "resource": "modelengine:entity/eldric_lava_spike"
        },
        {
            "type": "single",
            "resource": "modelengine:entity/eldric_megahit_fx"
        },
        {
            "type": "single",
            "resource": "modelengine:entity/eldric_slam_fx"
        },
        {
            "type": "single",
            "resource": "modelengine:entity/ethereal_reaver_beam"
        },
        {
            "type": "single",
            "resource": "modelengine:entity/ethereal_reaver_damage"
        },
        {
            "type": "single",
            "resource": "modelengine:entity/sword_swing"
        },
        {
            "type": "single",
            "resource": "modelengine:entity/ethereal_reaver_lost_soul"
        },
        {
            "type": "single",
            "resource": "modelengine:entity/giant_lava_snail"
        },
        {
            "type": "single",
            "resource": "modelengine:entity/giant_snail"
        },
        {
            "type": "single",
            "resource": "modelengine:entity/giant_snail_parts"
        },
        {
            "type": "single",
            "resource": "modelengine:entity/gui_bar"
        },
        {
            "type": "single",
            "resource": "modelengine:entity/metaldetector_ground"
        },
        {
            "type": "single",
            "resource": "modelengine:entity/hidden_treasure_chest"
        },
        {
            "type": "single",
            "resource": "modelengine:entity/horse_glacial"
        },
        {
            "type": "single",
            "resource": "modelengine:entity/horse_magma"
        },
        {
            "type": "single",
            "resource": "modelengine:entity/horse_pegasus"
        },
        {
            "type": "single",
            "resource": "modelengine:entity/horse_spartan"
        },
        {
            "type": "single",
            "resource": "modelengine:entity/horse_unicorn"
        },
        {
            "type": "single",
            "resource": "modelengine:entity/jackpot_2"
        },
        {
            "type": "single",
            "resource": "modelengine:entity/jackpot_2_lights"
        },
        {
            "type": "single",
            "resource": "modelengine:entity/jackpot_2_roller"
        },
        {
            "type": "single",
            "resource": "modelengine:entity/jackpot_2_converter"
        },
        {
            "type": "single",
            "resource": "modelengine:entity/jackpot_2_converter_price"
        },
        {
            "type": "single",
            "resource": "modelengine:entity/kazk_queen"
        },
        {
            "type": "single",
            "resource": "modelengine:entity/kazk_ground_hole"
        },
        {
            "type": "single",
            "resource": "modelengine:entity/kazk_queen_slash_fx"
        },
        {
            "type": "single",
            "resource": "modelengine:entity/kitsune_demonic"
        },
        {
            "type": "single",
            "resource": "modelengine:entity/kitsune_inferno"
        },
        {
            "type": "single",
            "resource": "modelengine:entity/kitsune"
        },
        {
            "type": "single",
            "resource": "modelengine:entity/kobold_warrior"
        },
        {
            "type": "single",
            "resource": "modelengine:entity/kobold_archer_weapons"
        },
        {
            "type": "single",
            "resource": "modelengine:entity/kobold_assassin"
        },
        {
            "type": "single",
            "resource": "modelengine:entity/kobold_dagger"
        },
        {
            "type": "single",
            "resource": "modelengine:entity/kobold_xbow"
        },
        {
            "type": "single",
            "resource": "modelengine:entity/kobold_assassin_swipe"
        },
        {
            "type": "single",
            "resource": "modelengine:entity/kobold_trap"
        },
        {
            "type": "single",
            "resource": "modelengine:entity/kriger"
        },
        {
            "type": "single",
            "resource": "modelengine:entity/kriger_damaged"
        },
        {
            "type": "single",
            "resource": "modelengine:entity/kriger_parts"
        },
        {
            "type": "single",
            "resource": "modelengine:entity/kurrot_groundbreak"
        },
        {
            "type": "single",
            "resource": "modelengine:entity/kurrot_groundrocks"
        },
        {
            "type": "single",
            "resource": "modelengine:entity/kur"
        },
        {
            "type": "single",
            "resource": "modelengine:entity/lava_salamander"
        },
        {
            "type": "single",
            "resource": "modelengine:entity/lrd_concussed_stars"
        },
        {
            "type": "single",
            "resource": "modelengine:entity/lrd_piglin_king"
        },
        {
            "type": "single",
            "resource": "modelengine:entity/lrd_krampus_fire"
        },
        {
            "type": "single",
            "resource": "modelengine:entity/lrd_piglin"
        },
        {
            "type": "single",
            "resource": "modelengine:entity/lrd_krampus_ember"
        },
        {
            "type": "single",
            "resource": "modelengine:entity/lrd_piglin_king_slash_fx"
        },
        {
            "type": "single",
            "resource": "modelengine:entity/ork_nil_ground_fx"
        },
        {
            "type": "single",
            "resource": "modelengine:entity/lrd_piglin_king_telegraph"
        },
        {
            "type": "single",
            "resource": "modelengine:entity/yukio_full_hit"
        },
        {
            "type": "single",
            "resource": "modelengine:entity/lrd_yukio_falling_ice"
        },
        {
            "type": "single",
            "resource": "modelengine:entity/lrd_yukio_iceshards"
        },
        {
            "type": "single",
            "resource": "modelengine:entity/yukio_pet"
        },
        {
            "type": "single",
            "resource": "modelengine:entity/lr_anubis_groundbreak"
        },
        {
            "type": "single",
            "resource": "modelengine:entity/lr_anubis_mummy"
        },
        {
            "type": "single",
            "resource": "modelengine:entity/lr_anubis_obelisk"
        },
        {
            "type": "single",
            "resource": "modelengine:entity/lr_anubis_parts"
        },
        {
            "type": "single",
            "resource": "modelengine:entity/lr_anubis_darkmode"
        },
        {
            "type": "single",
            "resource": "modelengine:entity/lr_anubis_eye"
        },
        {
            "type": "single",
            "resource": "modelengine:entity/lr_anubis_souls"
        },
        {
            "type": "single",
            "resource": "modelengine:entity/lr_gryffin_feather"
        },
        {
            "type": "single",
            "resource": "modelengine:entity/lr_gryffin_nest"
        },
        {
            "type": "single",
            "resource": "modelengine:entity/lr_gryffin_whirlwind"
        },
        {
            "type": "single",
            "resource": "modelengine:entity/lr_minotaur"
        },
        {
            "type": "single",
            "resource": "modelengine:entity/lr_minotaur_axe"
        },
        {
            "type": "single",
            "resource": "modelengine:entity/lr_minotaur_flash"
        },
        {
            "type": "single",
            "resource": "modelengine:entity/lr_owlbear"
        },
        {
            "type": "single",
            "resource": "modelengine:entity/lr_owlbear_eeth"
        },
        {
            "type": "single",
            "resource": "modelengine:entity/lr_owlbear_slashfx"
        },
        {
            "type": "single",
            "resource": "modelengine:entity/lr_owlbear_parts"
        },
        {
            "type": "single",
            "resource": "modelengine:entity/lr_yeti_chest"
        },
        {
            "type": "single",
            "resource": "modelengine:entity/lr_yeti_icespikes"
        },
        {
            "type": "single",
            "resource": "modelengine:entity/lr_yeti_snowball"
        },
        {
            "type": "single",
            "resource": "modelengine:entity/lr_yeti_damage"
        },
        {
            "type": "single",
            "resource": "modelengine:entity/luffy"
        },
        {
            "type": "single",
            "resource": "modelengine:entity/luffy_damage"
        },
        {
            "type": "single",
            "resource": "modelengine:entity/magnuscracks"
        },
        {
            "type": "single",
            "resource": "modelengine:entity/magnusswordfx"
        },
        {
            "type": "single",
            "resource": "modelengine:entity/medusa_head"
        },
        {
            "type": "single",
            "resource": "modelengine:entity/medusa_claw"
        },
        {
            "type": "single",
            "resource": "modelengine:entity/medusa_snakehead"
        },
        {
            "type": "single",
            "resource": "modelengine:entity/medusa_stone"
        },
        {
            "type": "single",
            "resource": "modelengine:entity/mimic"
        },
        {
            "type": "single",
            "resource": "modelengine:entity/mount_bunny_brown"
        },
        {
            "type": "single",
            "resource": "modelengine:entity/mount_bunny_grey"
        },
        {
            "type": "single",
            "resource": "modelengine:entity/mount_bunny_white"
        },
        {
            "type": "single",
            "resource": "modelengine:entity/mount_chick_black"
        },
        {
            "type": "single",
            "resource": "modelengine:entity/mount_chick_white"
        },
        {
            "type": "single",
            "resource": "modelengine:entity/mount_chick_yellow"
        },
        {
            "type": "single",
            "resource": "modelengine:entity/ork_nil_dash_fx"
        },
        {
            "type": "single",
            "resource": "modelengine:entity/ork_nil_rage"
        },
        {
            "type": "single",
            "resource": "modelengine:entity/parry_knight"
        },
        {
            "type": "single",
            "resource": "modelengine:entity/pet_ghastling"
        },
        {
            "type": "single",
            "resource": "modelengine:entity/pet_ghastling_portal"
        },
        {
            "type": "single",
            "resource": "modelengine:entity/pet_giantturtle"
        },
        {
            "type": "single",
            "resource": "modelengine:entity/kelp"
        },
        {
            "type": "single",
            "resource": "modelengine:entity/pet_giantturtle_royal"
        },
        {
            "type": "single",
            "resource": "modelengine:entity/phantom_ender"
        },
        {
            "type": "single",
            "resource": "modelengine:entity/phantom_ghost"
        },
        {
            "type": "single",
            "resource": "modelengine:entity/phoenix_darkflame"
        },
        {
            "type": "single",
            "resource": "modelengine:entity/phoenix_flame"
        },
        {
            "type": "single",
            "resource": "modelengine:entity/phoenix_light"
        },
        {
            "type": "single",
            "resource": "modelengine:entity/phoenix_thunder"
        },
        {
            "type": "single",
            "resource": "modelengine:entity/plant_monster"
        },
        {
            "type": "single",
            "resource": "modelengine:entity/poporing"
        },
        {
            "type": "single",
            "resource": "modelengine:entity/salamander"
        },
        {
            "type": "single",
            "resource": "modelengine:entity/snail"
        },
        {
            "type": "single",
            "resource": "modelengine:entity/stone_golem"
        },
        {
            "type": "single",
            "resource": "modelengine:entity/stone_minion"
        },
        {
            "type": "single",
            "resource": "modelengine:entity/stone_player"
        },
        {
            "type": "single",
            "resource": "modelengine:entity/succubus_circle"
        },
        {
            "type": "single",
            "resource": "modelengine:entity/succubus_golem"
        },
        {
            "type": "single",
            "resource": "modelengine:entity/succubus_boss_hit"
        },
        {
            "type": "single",
            "resource": "modelengine:entity/succubus"
        },
        {
            "type": "single",
            "resource": "modelengine:entity/tiamat5"
        },
        {
            "type": "single",
            "resource": "modelengine:entity/tiamat_pillar"
        },
        {
            "type": "single",
            "resource": "modelengine:entity/toro_wither"
        },
        {
            "type": "single",
            "resource": "modelengine:entity/toro_wither_pool"
        },
        {
            "type": "single",
            "resource": "modelengine:entity/toro_wither_terror"
        },
        {
            "type": "single",
            "resource": "modelengine:entity/voras"
        },
        {
            "type": "single",
            "resource": "modelengine:entity/voras_baby"
        },
        {
            "type": "single",
            "resource": "modelengine:entity/voras_chest"
        },
        {
            "type": "single",
            "resource": "modelengine:entity/voras_eggsac"
        },
        {
            "type": "single",
            "resource": "modelengine:entity/voras_leg"
        },
        {
            "type": "single",
            "resource": "modelengine:entity/voras_parts"
        },
        {
            "type": "single",
            "resource": "modelengine:entity/voras_pet"
        },
        {
            "type": "single",
            "resource": "modelengine:entity/voras_pet_red"
        },
        {
            "type": "single",
            "resource": "modelengine:entity/voras_pet_teal"
        },
        {
            "type": "single",
            "resource": "modelengine:entity/voras_pet_white"
        },
        {
            "type": "single",
            "resource": "modelengine:entity/voras_tombstone"
        },
        {
            "type": "single",
            "resource": "modelengine:entity/voras_web1"
        },
        {
            "type": "single",
            "resource": "modelengine:entity/voras_web_corpse"
        },
        {
            "type": "single",
            "resource": "modelengine:entity/wraith"
        }
    ]
}