{
    "kazk.death": {
        "sounds": [
            "littleroom_kazk:death"
        ]
    },
    "kazk.ground_impact": {
        "sounds": [
            "littleroom_kazk:ground_impact"
        ]
    },
    "kazk.ground_rumble": {
        "sounds": [
            "littleroom_kazk:ground_rumble"
        ]
    },
    "kazk.hit": {
        "sounds": [
            "littleroom_kazk:hit_1",
            "littleroom_kazk:hit_2",
            "littleroom_kazk:hit_3",
            "littleroom_kazk:hit_4"
        ]
    },
    "kazk.roar": {
        "sounds": [
            "littleroom_kazk:roar"
        ]
    },
    "kazk.rubble": {
        "sounds": [
            "littleroom_kazk:rubble_1",
            "littleroom_kazk:rubble_2",
            "littleroom_kazk:rubble_3"
        ]
    },
    "kazk.spit": {
        "sounds": [
            "littleroom_kazk:spit"
        ]
    },
    "kazk.splat": {
        "sounds": [
            "littleroom_kazk:splat"
        ]
    },
    "kazk.swing": {
        "sounds": [
            "littleroom_kazk:swing_1",
            "littleroom_kazk:swing_2",
            "littleroom_kazk:swing_3",
            "littleroom_kazk:swing_4"
        ]
    },
    "kazk.bite": {
        "sounds": [
            "littleroom_kazk:bite"
        ]
    },
    "kazk.slam": {
        "sounds": [
            "littleroom_kazk:slam"
        ]
    }
}