{
	"credit": "Made with Blockbench",
	"texture_size": [128, 128],
	"textures": {
		"0": "modelengine:entity/bufobufo_pet"
	},
	"elements": [
		{
			"from": [4.99, 5.59, 4.27],
			"to": [11.01, 7.74, 10.29],
			"rotation": {"angle": 0, "axis": "x", "origin": [8, 7.8475, 8.54615]},
			"faces": {
				"north": {"uv": [7.375, 6.125, 9.125, 6.75], "texture": "#0"},
				"east": {"uv": [6.5, 7.375, 8.25, 8], "texture": "#0"},
				"south": {"uv": [7.375, 6.75, 9.125, 7.375], "texture": "#0"},
				"west": {"uv": [0, 7.75, 1.75, 8.375], "texture": "#0"},
				"up": {"uv": [4, 5.5, 2.25, 3.75], "texture": "#0"},
				"down": {"uv": [1.75, 4, 0, 5.75], "texture": "#0"}
			}
		},
		{
			"from": [3.76008, 6.45, 8.56302],
			"to": [5.91008, 9.03, 11.14302],
			"rotation": {"angle": -45, "axis": "y", "origin": [8, 7.8475, 8.54615]},
			"faces": {
				"north": {"uv": [3.75, 8.625, 4.375, 9.375], "texture": "#0"},
				"east": {"uv": [4.375, 8.125, 5.125, 8.875], "texture": "#0"},
				"south": {"uv": [4.375, 8.875, 5, 9.625], "texture": "#0"},
				"west": {"uv": [5.125, 8.125, 5.875, 8.875], "texture": "#0"},
				"up": {"uv": [5.625, 9.625, 5, 8.875], "texture": "#0"},
				"down": {"uv": [9.5, 8.75, 8.875, 9.5], "texture": "#0"}
			}
		},
		{
			"from": [10.08992, 6.45, 8.56302],
			"to": [12.23992, 9.03, 11.14302],
			"rotation": {"angle": 45, "axis": "y", "origin": [8, 7.8475, 8.54615]},
			"faces": {
				"north": {"uv": [4.375, 8.625, 3.75, 9.375], "texture": "#0"},
				"east": {"uv": [5.875, 8.125, 5.125, 8.875], "texture": "#0"},
				"south": {"uv": [5, 8.875, 4.375, 9.625], "texture": "#0"},
				"west": {"uv": [5.125, 8.125, 4.375, 8.875], "texture": "#0"},
				"up": {"uv": [5, 9.625, 5.625, 8.875], "texture": "#0"},
				"down": {"uv": [8.875, 8.75, 9.5, 9.5], "texture": "#0"}
			}
		},
		{
			"from": [6.71, 7.74, 7.28],
			"to": [9.29, 10.32, 7.28],
			"rotation": {"angle": 0, "axis": "x", "origin": [8, 7.8475, 8.54615]},
			"faces": {
				"north": {"uv": [8.25, 0, 9, 0.75], "texture": "#0"},
				"east": {"uv": [8.25, 0, 8.25, 0.75], "texture": "#0"},
				"south": {"uv": [8.25, 0, 9, 0.75], "texture": "#0"},
				"west": {"uv": [0.75, 8.375, 0.75, 9.125], "texture": "#0"},
				"up": {"uv": [9, 0, 8.25, 0], "texture": "#0"},
				"down": {"uv": [2.25, 8.625, 1.5, 8.625], "texture": "#0"}
			}
		},
		{
			"from": [6.71, 7.74, 7.28],
			"to": [6.71, 10.32, 9.86],
			"rotation": {"angle": 0, "axis": "x", "origin": [8, 7.8475, 8.54615]},
			"faces": {
				"north": {"uv": [8.25, 0, 8.25, 0.75], "texture": "#0"},
				"east": {"uv": [8.25, 0, 9, 0.75], "texture": "#0"},
				"south": {"uv": [0.75, 8.375, 0.75, 9.125], "texture": "#0"},
				"west": {"uv": [8.25, 0, 9, 0.75], "texture": "#0"},
				"up": {"uv": [9, 0, 8.25, 0], "rotation": 270, "texture": "#0"},
				"down": {"uv": [2.25, 8.625, 1.5, 8.625], "rotation": 90, "texture": "#0"}
			}
		},
		{
			"from": [6.71, 7.74, 9.86],
			"to": [9.29, 10.32, 9.86],
			"rotation": {"angle": 0, "axis": "x", "origin": [8, 7.8475, 8.54615]},
			"faces": {
				"north": {"uv": [8.25, 0, 9, 0.75], "texture": "#0"},
				"east": {"uv": [8.25, 0, 8.25, 0.75], "texture": "#0"},
				"south": {"uv": [8.25, 0, 9, 0.75], "texture": "#0"},
				"west": {"uv": [0.75, 8.375, 0.75, 9.125], "texture": "#0"},
				"up": {"uv": [9, 0, 8.25, 0], "texture": "#0"},
				"down": {"uv": [2.25, 8.625, 1.5, 8.625], "texture": "#0"}
			}
		},
		{
			"from": [9.29, 7.74, 7.28],
			"to": [9.29, 10.32, 9.86],
			"rotation": {"angle": 0, "axis": "x", "origin": [8, 7.8475, 8.54615]},
			"faces": {
				"north": {"uv": [8.25, 0, 8.25, 0.75], "texture": "#0"},
				"east": {"uv": [8.25, 0, 9, 0.75], "texture": "#0"},
				"south": {"uv": [0.75, 8.375, 0.75, 9.125], "texture": "#0"},
				"west": {"uv": [8.25, 0, 9, 0.75], "texture": "#0"},
				"up": {"uv": [9, 0, 8.25, 0], "rotation": 270, "texture": "#0"},
				"down": {"uv": [2.25, 8.625, 1.5, 8.625], "rotation": 90, "texture": "#0"}
			}
		},
		{
			"from": [4.56, 0, 2.12],
			"to": [11.44, 3.87, 8.57],
			"rotation": {"angle": 22.5, "axis": "x", "origin": [8, 0, 5.56]},
			"faces": {
				"north": {"uv": [4, 3.75, 6, 4.875], "texture": "#0"},
				"east": {"uv": [4.25, 1.125, 6.125, 2.25], "texture": "#0"},
				"south": {"uv": [4.25, 0, 6.25, 1.125], "texture": "#0"},
				"west": {"uv": [6.125, 1.125, 4.25, 2.25], "texture": "#0"},
				"up": {"uv": [4.25, 1.875, 2.25, 0], "texture": "#0"},
				"down": {"uv": [4.25, 1.875, 2.25, 3.75], "texture": "#0"}
			}
		},
		{
			"from": [4.56, 5.49647, 8.64825],
			"to": [11.44, 6.35647, 8.64825],
			"rotation": {"angle": 45, "axis": "x", "origin": [8, 3.56147, 11.65825]},
			"faces": {
				"north": {"uv": [10.25, 7.625, 8.25, 7.875], "texture": "#0"},
				"east": {"uv": [0, 0, 0, 0.25], "texture": "#0"},
				"south": {"uv": [8.25, 7.625, 10.25, 7.875], "texture": "#0"},
				"west": {"uv": [0, 0, 0, 0.25], "texture": "#0"},
				"up": {"uv": [2, 0, 0, 0], "texture": "#0"},
				"down": {"uv": [2, 0, 0, 0], "texture": "#0"}
			}
		},
		{
			"from": [4.56, 2.91647, 8.64825],
			"to": [11.44, 5.49647, 10.36825],
			"rotation": {"angle": 45, "axis": "x", "origin": [8, 3.56147, 11.65825]},
			"faces": {
				"north": {"uv": [6.25, 0, 8.25, 0.75], "texture": "#0"},
				"east": {"uv": [1.75, 4, 2.25, 4.75], "texture": "#0"},
				"south": {"uv": [0, 7, 2, 7.75], "texture": "#0"},
				"west": {"uv": [1.75, 4.75, 2.25, 5.5], "texture": "#0"},
				"up": {"uv": [9.75, 3.625, 7.75, 3.125], "texture": "#0"},
				"down": {"uv": [9.75, 3.625, 7.75, 4.125], "texture": "#0"}
			}
		},
		{
			"from": [4.13, 3.87, 1.69],
			"to": [11.87, 5.59, 8.57],
			"rotation": {"angle": 22.5, "axis": "x", "origin": [8, 1.72, 5.56]},
			"faces": {
				"north": {"uv": [6, 4.375, 8.25, 4.875], "texture": "#0"},
				"east": {"uv": [7.75, 2.125, 9.75, 2.625], "texture": "#0"},
				"south": {"uv": [7, 4.875, 9.25, 5.375], "texture": "#0"},
				"west": {"uv": [7.75, 2.625, 9.75, 3.125], "texture": "#0"},
				"up": {"uv": [2.25, 2, 0, 0], "texture": "#0"},
				"down": {"uv": [2.25, 2, 0, 4], "texture": "#0"}
			}
		},
		{
			"from": [7.14, 1.29, 1.69],
			"to": [8.86, 3.01, 2.12],
			"rotation": {"angle": 22.5, "axis": "x", "origin": [8, 0, 5.56]},
			"faces": {
				"north": {"uv": [9.625, 0, 10.125, 0.5], "texture": "#0"},
				"east": {"uv": [10.625, 0, 10.75, 0.5], "texture": "#0"},
				"south": {"uv": [10.125, 0, 10.625, 0.5], "texture": "#0"},
				"west": {"uv": [10.75, 0, 10.875, 0.5], "texture": "#0"},
				"up": {"uv": [10.5, 0.75, 10, 0.625], "texture": "#0"},
				"down": {"uv": [10.5, 0.5, 10, 0.625], "texture": "#0"}
			}
		}
	],
	"gui_light": "front",
	"display": {
		"gui": {
			"rotation": [20, 180, 0],
			"translation": [0, 3.75, 0],
			"scale": [1.25, 1.25, 1.25]
		}
	}
}