{
	"credit": "Made with Blockbench",
	"texture_size": [64, 64],
	"textures": {
		"0": "littleroom_bufobufo:bufobufo_hat",
		"particle": "littleroom_bufobufo:bufobufo_hat"
	},
	"elements": [
		{
			"from": [0, 0, 0],
			"to": [16, 8, 16],
			"faces": {
				"north": {"uv": [4, 3.5, 8, 5.5], "texture": "#0"},
				"east": {"uv": [4, 5.5, 8, 7.5], "texture": "#0"},
				"south": {"uv": [4, 7.5, 8, 9.5], "texture": "#0"},
				"west": {"uv": [0, 8, 4, 10], "texture": "#0"},
				"up": {"uv": [4, 4, 0, 0], "texture": "#0"},
				"down": {"uv": [4, 4, 0, 8], "texture": "#0"}
			}
		},
		{
			"from": [-2, -1, 12],
			"to": [18, 4, 19],
			"faces": {
				"north": {"uv": [8, 7.5, 13, 8.75], "texture": "#0"},
				"east": {"uv": [11.5, 4.75, 13.25, 6], "texture": "#0"},
				"south": {"uv": [8, 8.75, 13, 10], "texture": "#0"},
				"west": {"uv": [11.5, 6, 13.25, 7.25], "texture": "#0"},
				"up": {"uv": [9, 1.75, 4, 0], "texture": "#0"},
				"down": {"uv": [9, 1.75, 4, 3.5], "texture": "#0"}
			}
		},
		{
			"from": [-2.35355, 3.85355, 12],
			"to": [-2.35355, 4.85355, 19],
			"rotation": {"angle": 45, "axis": "z", "origin": [-2.35355, 4.35355, 15.5]},
			"faces": {
				"north": {"uv": [8, 7.5, 8, 7.75], "texture": "#0"},
				"east": {"uv": [7.25, 12.75, 9, 13], "texture": "#0"},
				"south": {"uv": [8, 8.75, 8, 9], "texture": "#0"},
				"west": {"uv": [7.25, 12.75, 9, 13], "texture": "#0"},
				"up": {"uv": [4, 1.75, 4, 0], "texture": "#0"},
				"down": {"uv": [4, 1.75, 4, 3.5], "texture": "#0"}
			}
		},
		{
			"from": [-2, 3.85426, 19.35285],
			"to": [18, 4.85426, 19.35285],
			"rotation": {"angle": 45, "axis": "x", "origin": [8, 4.35426, 19.35285]},
			"faces": {
				"north": {"uv": [7.25, 12.25, 12.25, 12.5], "texture": "#0"},
				"east": {"uv": [11.5, 4.75, 11.5, 5], "texture": "#0"},
				"south": {"uv": [7.25, 12.25, 12.25, 12.5], "texture": "#0"},
				"west": {"uv": [11.5, 6, 11.5, 6.25], "texture": "#0"},
				"up": {"uv": [9, 0, 4, 0], "texture": "#0"},
				"down": {"uv": [9, 1.75, 4, 1.75], "texture": "#0"}
			}
		},
		{
			"from": [-2.35355, -1.85355, 12],
			"to": [-2.35355, -0.85355, 19],
			"rotation": {"angle": -45, "axis": "z", "origin": [-2.35355, -1.35355, 15.5]},
			"faces": {
				"north": {"uv": [8, 7.75, 8, 7.5], "texture": "#0"},
				"east": {"uv": [7.25, 13, 9, 12.75], "texture": "#0"},
				"south": {"uv": [8, 9, 8, 8.75], "texture": "#0"},
				"west": {"uv": [7.25, 13, 9, 12.75], "texture": "#0"},
				"up": {"uv": [4, 3.5, 4, 1.75], "texture": "#0"},
				"down": {"uv": [4, 0, 4, 1.75], "texture": "#0"}
			}
		},
		{
			"from": [18.35355, 3.85355, 12],
			"to": [18.35355, 4.85355, 19],
			"rotation": {"angle": -45, "axis": "z", "origin": [18.35355, 4.35355, 15.5]},
			"faces": {
				"north": {"uv": [8, 7.5, 8, 7.75], "texture": "#0"},
				"east": {"uv": [9, 12.75, 7.25, 13], "texture": "#0"},
				"south": {"uv": [8, 8.75, 8, 9], "texture": "#0"},
				"west": {"uv": [9, 12.75, 7.25, 13], "texture": "#0"},
				"up": {"uv": [4, 1.75, 4, 0], "texture": "#0"},
				"down": {"uv": [4, 1.75, 4, 3.5], "texture": "#0"}
			}
		},
		{
			"from": [18.35355, -1.85355, 12],
			"to": [18.35355, -0.85355, 19],
			"rotation": {"angle": 45, "axis": "z", "origin": [18.35355, -1.35355, 15.5]},
			"faces": {
				"north": {"uv": [8, 7.75, 8, 7.5], "texture": "#0"},
				"east": {"uv": [9, 13, 7.25, 12.75], "texture": "#0"},
				"south": {"uv": [8, 9, 8, 8.75], "texture": "#0"},
				"west": {"uv": [9, 13, 7.25, 12.75], "texture": "#0"},
				"up": {"uv": [4, 3.5, 4, 1.75], "texture": "#0"},
				"down": {"uv": [4, 0, 4, 1.75], "texture": "#0"}
			}
		},
		{
			"from": [-2, -1.85426, 19.35285],
			"to": [18, -0.85426, 19.35285],
			"rotation": {"angle": -45, "axis": "x", "origin": [8, -1.35426, 19.35285]},
			"faces": {
				"north": {"uv": [7.25, 12.5, 12.25, 12.25], "texture": "#0"},
				"east": {"uv": [11.5, 5, 11.5, 4.75], "texture": "#0"},
				"south": {"uv": [7.25, 12.5, 12.25, 12.25], "texture": "#0"},
				"west": {"uv": [11.5, 6.25, 11.5, 6], "texture": "#0"},
				"up": {"uv": [9, 1.75, 4, 1.75], "texture": "#0"},
				"down": {"uv": [9, 0, 4, 0], "texture": "#0"}
			}
		},
		{
			"from": [1, -9, 16],
			"to": [15, -1, 17],
			"faces": {
				"north": {"uv": [8, 5.5, 11.5, 7.5], "texture": "#0"},
				"east": {"uv": [5, 11.5, 5.25, 13.5], "texture": "#0"},
				"south": {"uv": [8, 5.5, 11.5, 7.5], "texture": "#0"},
				"west": {"uv": [5.25, 11.5, 5.5, 13.5], "texture": "#0"},
				"up": {"uv": [15, 7.5, 11.5, 7.25], "texture": "#0"},
				"down": {"uv": [3.5, 11.75, 0, 12], "texture": "#0"}
			}
		},
		{
			"from": [11.5, 8, 8],
			"to": [11.5, 15, 15],
			"rotation": {"angle": 0, "axis": "y", "origin": [0.5, 0, -1]},
			"faces": {
				"north": {"uv": [5.75, 9.5, 7.5, 11.25], "texture": "#0"},
				"east": {"uv": [0, 10, 1.75, 11.75], "texture": "#0"},
				"south": {"uv": [1.75, 10, 3.5, 11.75], "texture": "#0"},
				"west": {"uv": [7.5, 10, 9.25, 11.75], "texture": "#0"},
				"up": {"uv": [11, 11.75, 9.25, 10], "texture": "#0"},
				"down": {"uv": [12.5, 0, 10.75, 1.75], "texture": "#0"}
			}
		},
		{
			"from": [4.5, 8, 8],
			"to": [4.5, 15, 15],
			"rotation": {"angle": 0, "axis": "y", "origin": [0.5, 0, -1]},
			"faces": {
				"north": {"uv": [5.75, 9.5, 7.5, 11.25], "texture": "#0"},
				"east": {"uv": [0, 10, 1.75, 11.75], "texture": "#0"},
				"south": {"uv": [1.75, 10, 3.5, 11.75], "texture": "#0"},
				"west": {"uv": [7.5, 10, 9.25, 11.75], "texture": "#0"},
				"up": {"uv": [11, 11.75, 9.25, 10], "texture": "#0"},
				"down": {"uv": [12.5, 0, 10.75, 1.75], "texture": "#0"}
			}
		},
		{
			"from": [4.5, 8, 8],
			"to": [11.5, 15, 8],
			"rotation": {"angle": 0, "axis": "y", "origin": [0.5, 0, -1]},
			"faces": {
				"north": {"uv": [5.75, 9.5, 7.5, 11.25], "texture": "#0"},
				"east": {"uv": [0, 10, 1.75, 11.75], "texture": "#0"},
				"south": {"uv": [1.75, 10, 3.5, 11.75], "texture": "#0"},
				"west": {"uv": [7.5, 10, 9.25, 11.75], "texture": "#0"},
				"up": {"uv": [11, 11.75, 9.25, 10], "texture": "#0"},
				"down": {"uv": [12.5, 0, 10.75, 1.75], "texture": "#0"}
			}
		},
		{
			"from": [4.5, 8, 15],
			"to": [11.5, 15, 15],
			"rotation": {"angle": 0, "axis": "y", "origin": [0.5, 0, -1]},
			"faces": {
				"north": {"uv": [5.75, 9.5, 7.5, 11.25], "texture": "#0"},
				"east": {"uv": [0, 10, 1.75, 11.75], "texture": "#0"},
				"south": {"uv": [1.75, 10, 3.5, 11.75], "texture": "#0"},
				"west": {"uv": [7.5, 10, 9.25, 11.75], "texture": "#0"},
				"up": {"uv": [11, 11.75, 9.25, 10], "texture": "#0"},
				"down": {"uv": [12.5, 0, 10.75, 1.75], "texture": "#0"}
			}
		},
		{
			"from": [5, 0, -6],
			"to": [11, 2, 0],
			"faces": {
				"north": {"uv": [7.25, 11.75, 8.75, 12.25], "texture": "#0"},
				"east": {"uv": [8.75, 11.75, 10.25, 12.25], "texture": "#0"},
				"south": {"uv": [0, 12, 1.5, 12.5], "texture": "#0"},
				"west": {"uv": [1.5, 12, 3, 12.5], "texture": "#0"},
				"up": {"uv": [13, 4.75, 11.5, 3.25], "texture": "#0"},
				"down": {"uv": [5, 11.5, 3.5, 13], "texture": "#0"}
			}
		},
		{
			"from": [-3.85355, 4, 4.59619],
			"to": [3.14645, 12, 10.59619],
			"rotation": {"angle": 45, "axis": "y", "origin": [-0.35355, 8, 7.59619]},
			"faces": {
				"north": {"uv": [9, 0, 10.75, 2], "texture": "#0"},
				"east": {"uv": [11, 10, 12.5, 12], "texture": "#0"},
				"south": {"uv": [4, 9.5, 5.75, 11.5], "texture": "#0"},
				"west": {"uv": [5.75, 11.25, 7.25, 13.25], "texture": "#0"},
				"up": {"uv": [10.75, 3.5, 9, 2], "texture": "#0"},
				"down": {"uv": [12.5, 1.75, 10.75, 3.25], "texture": "#0"}
			}
		},
		{
			"from": [12.85355, 4, 4.59619],
			"to": [19.85355, 12, 10.59619],
			"rotation": {"angle": -45, "axis": "y", "origin": [16.35355, 8, 7.59619]},
			"faces": {
				"north": {"uv": [10.75, 0, 9, 2], "texture": "#0"},
				"east": {"uv": [7.25, 11.25, 5.75, 13.25], "texture": "#0"},
				"south": {"uv": [5.75, 9.5, 4, 11.5], "texture": "#0"},
				"west": {"uv": [12.5, 10, 11, 12], "texture": "#0"},
				"up": {"uv": [9, 3.5, 10.75, 2], "texture": "#0"},
				"down": {"uv": [10.75, 1.75, 12.5, 3.25], "texture": "#0"}
			}
		}
	],
	"gui_light": "front",
	"display": {
		"thirdperson_righthand": {
			"rotation": [0, 38, 0],
			"translation": [1.25, 3, 0],
			"scale": [0.5, 0.5, 0.5]
		},
		"thirdperson_lefthand": {
			"rotation": [0, 38, 0],
			"translation": [1.25, 3, 0],
			"scale": [0.5, 0.5, 0.5]
		},
		"firstperson_righthand": {
			"rotation": [0, 38, 0],
			"translation": [1.25, 3, 0],
			"scale": [0.5, 0.5, 0.5]
		},
		"firstperson_lefthand": {
			"rotation": [0, 38, 0],
			"translation": [1.25, 3, 0],
			"scale": [0.5, 0.5, 0.5]
		},
		"ground": {
			"rotation": [23, 0, 0],
			"translation": [0, 6.5, 0],
			"scale": [0.5, 0.5, 0.5]
		},
		"gui": {
			"rotation": [22, 157, 0],
			"translation": [-0.5, 1.75, 0],
			"scale": [0.6, 0.6, 0.6]
		},
		"head": {
			"rotation": [3, 0, 0],
			"translation": [0, 8.25, 0.25],
			"scale": [0.9, 0.9, 0.9]
		},
		"fixed": {
			"rotation": [-90, 0, 0],
			"translation": [0, 0, -6.25]
		}
	}
}