{
	"credit": "Made with Blockbench",
	"texture_size": [64, 64],
	"textures": {
		"2": "littleroom_bufobufo:bufobufo_sword"
	},
	"elements": [
		{
			"from": [11, 0, 7],
			"to": [16, 5, 11],
			"rotation": {"angle": 0, "axis": "y", "origin": [14, 0, 7]},
			"faces": {
				"north": {"uv": [4.5, 3.5, 5.75, 4.75], "texture": "#2"},
				"east": {"uv": [5.5, 0, 6.5, 1.25], "texture": "#2"},
				"south": {"uv": [4.5, 4.75, 5.75, 6], "texture": "#2"},
				"west": {"uv": [5.5, 1.25, 6.5, 2.5], "texture": "#2"},
				"up": {"uv": [3.75, 6.5, 2.5, 5.5], "texture": "#2"},
				"down": {"uv": [6.75, 2.5, 5.5, 3.5], "texture": "#2"}
			}
		},
		{
			"from": [0, 0, 7],
			"to": [5, 5, 11],
			"rotation": {"angle": 0, "axis": "y", "origin": [2, 0, 7]},
			"faces": {
				"north": {"uv": [5.75, 3.5, 4.5, 4.75], "texture": "#2"},
				"east": {"uv": [6.5, 1.25, 5.5, 2.5], "texture": "#2"},
				"south": {"uv": [4.5, 4.75, 5.75, 6], "texture": "#2"},
				"west": {"uv": [6.5, 0, 5.5, 1.25], "texture": "#2"},
				"up": {"uv": [2.5, 6.5, 3.75, 5.5], "texture": "#2"},
				"down": {"uv": [5.5, 2.5, 6.75, 3.5], "texture": "#2"}
			}
		},
		{
			"from": [5, -1, 6],
			"to": [11, 4, 12],
			"rotation": {"angle": 0, "axis": "y", "origin": [13, 0, 7]},
			"faces": {
				"north": {"uv": [3, 3, 4.5, 4.25], "texture": "#2"},
				"east": {"uv": [0, 4, 1.5, 5.25], "texture": "#2"},
				"south": {"uv": [1.5, 4, 3, 5.25], "texture": "#2"},
				"west": {"uv": [3, 4.25, 4.5, 5.5], "texture": "#2"},
				"up": {"uv": [1.5, 4, 0, 2.5], "texture": "#2"},
				"down": {"uv": [3, 2.5, 1.5, 4], "texture": "#2"}
			}
		},
		{
			"from": [6, -10, 7.5],
			"to": [10, -8, 10.5],
			"rotation": {"angle": 0, "axis": "y", "origin": [13, -12, 6.5]},
			"faces": {
				"north": {"uv": [3.75, 7, 4.75, 7.5], "texture": "#2"},
				"east": {"uv": [3.75, 5.5, 4.5, 6], "texture": "#2"},
				"south": {"uv": [4.75, 7, 5.75, 7.5], "texture": "#2"},
				"west": {"uv": [1.75, 7.25, 2.5, 7.75], "texture": "#2"},
				"up": {"uv": [7.5, 1.75, 6.5, 1], "texture": "#2"},
				"down": {"uv": [2.75, 6.5, 1.75, 7.25], "texture": "#2"}
			}
		},
		{
			"from": [6, -2, 7.5],
			"to": [10, 0, 10.5],
			"rotation": {"angle": 0, "axis": "y", "origin": [13, -4, 6.5]},
			"faces": {
				"north": {"uv": [7, 5.75, 8, 6.25], "texture": "#2"},
				"east": {"uv": [7.25, 4.25, 8, 4.75], "texture": "#2"},
				"south": {"uv": [7, 6.25, 8, 6.75], "texture": "#2"},
				"west": {"uv": [7.25, 4.75, 8, 5.25], "texture": "#2"},
				"up": {"uv": [7.5, 2.5, 6.5, 1.75], "texture": "#2"},
				"down": {"uv": [7.75, 2.5, 6.75, 3.25], "texture": "#2"}
			}
		},
		{
			"from": [6.5, -8, 8],
			"to": [9.5, -2, 10],
			"rotation": {"angle": 0, "axis": "y", "origin": [13.5, -4, 6]},
			"faces": {
				"north": {"uv": [6.25, 6, 7, 7.5], "texture": "#2"},
				"east": {"uv": [2.75, 6.5, 3.25, 8], "texture": "#2"},
				"south": {"uv": [0, 6.5, 0.75, 8], "texture": "#2"},
				"west": {"uv": [3.25, 6.5, 3.75, 8], "texture": "#2"},
				"up": {"uv": [8, 3.75, 7.25, 3.25], "texture": "#2"},
				"down": {"uv": [8, 3.75, 7.25, 4.25], "texture": "#2"}
			}
		},
		{
			"from": [5, 11, 8.5],
			"to": [11, 21, 9.5],
			"rotation": {"angle": 0, "axis": "y", "origin": [13, 4, 6.5]},
			"faces": {
				"north": {"uv": [1.5, 0, 3, 2.5], "texture": "#2"},
				"east": {"uv": [6.75, 3.25, 7, 5.75], "texture": "#2"},
				"south": {"uv": [1.5, 0, 3, 2.5], "texture": "#2"},
				"west": {"uv": [7, 3.25, 7.25, 5.75], "texture": "#2"},
				"up": {"uv": [8.5, 7, 7, 6.75], "texture": "#2"},
				"down": {"uv": [8.5, 7, 7, 7.25], "texture": "#2"}
			}
		},
		{
			"from": [5, 18, 9.51],
			"to": [11, 24, 9.51],
			"rotation": {"angle": 0, "axis": "y", "origin": [13, 4, 6.5]},
			"faces": {
				"north": {"uv": [8.5, 0, 10, 1.5], "texture": "#2"},
				"east": {"uv": [0, 0, 0, 1.5], "texture": "#2"},
				"south": {"uv": [3, 1.5, 4.5, 3], "texture": "#2"},
				"west": {"uv": [0, 0, 0, 1.5], "texture": "#2"},
				"up": {"uv": [1.5, 0, 0, 0], "texture": "#2"},
				"down": {"uv": [1.5, 0, 0, 0], "texture": "#2"}
			}
		},
		{
			"from": [5, 18, 8.48],
			"to": [11, 24, 8.48],
			"rotation": {"angle": 0, "axis": "y", "origin": [13, 4, 11.5]},
			"faces": {
				"north": {"uv": [4.5, 1.5, 3, 3], "texture": "#2"},
				"east": {"uv": [0, 0, 0, 1.5], "texture": "#2"},
				"south": {"uv": [10, 0, 8.5, 1.5], "texture": "#2"},
				"west": {"uv": [0, 0, 0, 1.5], "texture": "#2"},
				"up": {"uv": [1.5, 0, 0, 0], "texture": "#2"},
				"down": {"uv": [1.5, 0, 0, 0], "texture": "#2"}
			}
		},
		{
			"from": [5.5107, 18.00707, 8.5],
			"to": [9.7507, 22.24707, 9.5],
			"rotation": {"angle": 45, "axis": "z", "origin": [6.7607, 21.00707, 9]},
			"faces": {
				"north": {"uv": [6.5, 0, 7.5, 1], "texture": "#2"},
				"east": {"uv": [2.5, 7.25, 2.75, 8.25], "texture": "#2"},
				"south": {"uv": [0.75, 6.5, 1.75, 7.5], "texture": "#2"},
				"west": {"uv": [7, 7.25, 7.25, 8.25], "texture": "#2"},
				"up": {"uv": [8.25, 7.5, 7.25, 7.25], "texture": "#2"},
				"down": {"uv": [8.5, 0, 7.5, 0.25], "texture": "#2"}
			}
		},
		{
			"from": [6, 4, 8.5],
			"to": [10, 11, 9.5],
			"rotation": {"angle": 0, "axis": "y", "origin": [13, -6, 6.5]},
			"faces": {
				"north": {"uv": [4.5, 1.75, 5.5, 3.5], "texture": "#2"},
				"east": {"uv": [5.75, 7, 6, 8.75], "texture": "#2"},
				"south": {"uv": [4.5, 1.75, 5.5, 3.5], "texture": "#2"},
				"west": {"uv": [6, 7, 6.25, 8.75], "texture": "#2"},
				"up": {"uv": [8.25, 5.5, 7.25, 5.25], "texture": "#2"},
				"down": {"uv": [8.25, 5.5, 7.25, 5.75], "texture": "#2"}
			}
		}
	],
	"gui_light": "front",
	"display": {
		"thirdperson_righthand": {
			"rotation": [0, -71, 0],
			"translation": [0, 6, 1.75],
			"scale": [0.6, 0.6, 0.6]
		},
		"thirdperson_lefthand": {
			"rotation": [0, -71, 0],
			"translation": [0, 6, 1.75],
			"scale": [0.6, 0.6, 0.6]
		},
		"firstperson_righthand": {
			"rotation": [-18, -71, 0],
			"translation": [0, 5.5, 1.75],
			"scale": [0.6, 0.6, 0.6]
		},
		"firstperson_lefthand": {
			"rotation": [-18, -71, 0],
			"translation": [0, 5.5, 1.75],
			"scale": [0.6, 0.6, 0.6]
		},
		"ground": {
			"rotation": [-42, 0, 0],
			"translation": [0, 7.25, 0],
			"scale": [0.6, 0.6, 0.6]
		},
		"gui": {
			"rotation": [0, 0, -45],
			"translation": [0.5, 0.5, 0],
			"scale": [0.6, 0.6, 0.6]
		},
		"fixed": {
			"rotation": [0, -180, 0],
			"translation": [0, 1.75, 1]
		}
	}
}