{
	"credit": "Made with Blockbench",
	"texture_size": [64, 64],
	"textures": {
		"0": "littleroom_bufobufo:bufobufo_shield",
		"particle": "littleroom_bufobufo:bufobufo_shield"
	},
	"elements": [
		{
			"from": [13, 6, 7],
			"to": [20, 13, 10],
			"faces": {
				"north": {"uv": [3.5, 0, 5.25, 1.75], "texture": "#0"},
				"east": {"uv": [0, 6, 0.75, 7.75], "texture": "#0"},
				"south": {"uv": [3.5, 1.75, 5.25, 3.5], "texture": "#0"},
				"west": {"uv": [0.75, 6, 1.5, 7.75], "texture": "#0"},
				"up": {"uv": [8.25, 0.75, 6.5, 0], "texture": "#0"},
				"down": {"uv": [8.25, 0.75, 6.5, 1.5], "texture": "#0"}
			}
		},
		{
			"from": [-1, 6, 7],
			"to": [6, 13, 10],
			"faces": {
				"north": {"uv": [3.5, 3.5, 5.25, 5.25], "texture": "#0"},
				"east": {"uv": [1.5, 6.25, 2.25, 8], "texture": "#0"},
				"south": {"uv": [0, 4.25, 1.75, 6], "texture": "#0"},
				"west": {"uv": [2.25, 6.25, 3, 8], "texture": "#0"},
				"up": {"uv": [8.25, 2.25, 6.5, 1.5], "texture": "#0"},
				"down": {"uv": [8.25, 2.25, 6.5, 3], "texture": "#0"}
			}
		},
		{
			"from": [13, -2, 8],
			"to": [18, 6, 10],
			"faces": {
				"north": {"uv": [1.75, 4.25, 3, 6.25], "texture": "#0"},
				"east": {"uv": [4.75, 5.25, 5.25, 7.25], "texture": "#0"},
				"south": {"uv": [5.25, 0, 6.5, 2], "texture": "#0"},
				"west": {"uv": [6.75, 3, 7.25, 5], "texture": "#0"},
				"up": {"uv": [8.5, 7.5, 7.25, 7], "texture": "#0"},
				"down": {"uv": [8.5, 7.5, 7.25, 8], "texture": "#0"}
			}
		},
		{
			"from": [1, -2, 8],
			"to": [6, 6, 10],
			"faces": {
				"north": {"uv": [5.25, 2, 6.5, 4], "texture": "#0"},
				"east": {"uv": [6.75, 5, 7.25, 7], "texture": "#0"},
				"south": {"uv": [3, 5.25, 4.25, 7.25], "texture": "#0"},
				"west": {"uv": [6.75, 7, 7.25, 9], "texture": "#0"},
				"up": {"uv": [1.25, 8.25, 0, 7.75], "texture": "#0"},
				"down": {"uv": [2.5, 8, 1.25, 8.5], "texture": "#0"}
			}
		},
		{
			"from": [6, -8, 8],
			"to": [13, 9, 10],
			"faces": {
				"north": {"uv": [0, 0, 1.75, 4.25], "texture": "#0"},
				"east": {"uv": [5.25, 4, 5.75, 8.25], "texture": "#0"},
				"south": {"uv": [1.75, 0, 3.5, 4.25], "texture": "#0"},
				"west": {"uv": [4.25, 5.25, 4.75, 9.5], "texture": "#0"},
				"up": {"uv": [9, 6.5, 7.25, 6], "texture": "#0"},
				"down": {"uv": [9, 6.5, 7.25, 7], "texture": "#0"}
			}
		},
		{
			"from": [8, -1, 14],
			"to": [12, 6, 15],
			"faces": {
				"north": {"uv": [5.75, 4, 6.75, 5.75], "texture": "#0"},
				"east": {"uv": [4, 7.25, 4.25, 9], "texture": "#0"},
				"south": {"uv": [5.75, 5.75, 6.75, 7.5], "texture": "#0"},
				"west": {"uv": [4.75, 7.25, 5, 9], "texture": "#0"},
				"up": {"uv": [6.75, 7.75, 5.75, 7.5], "texture": "#0"},
				"down": {"uv": [6.75, 7.75, 5.75, 8], "texture": "#0"}
			}
		},
		{
			"from": [8, -1, 10],
			"to": [12, 0, 14],
			"faces": {
				"north": {"uv": [5.75, 8, 6.75, 8.25], "texture": "#0"},
				"east": {"uv": [7.25, 8, 8.25, 8.25], "texture": "#0"},
				"south": {"uv": [0, 8.25, 1, 8.5], "texture": "#0"},
				"west": {"uv": [8.25, 0, 9.25, 0.25], "texture": "#0"},
				"up": {"uv": [4, 8.25, 3, 7.25], "texture": "#0"},
				"down": {"uv": [8.25, 3, 7.25, 4], "texture": "#0"}
			}
		},
		{
			"from": [8, 5, 10],
			"to": [12, 6, 14],
			"faces": {
				"north": {"uv": [8.25, 0.25, 9.25, 0.5], "texture": "#0"},
				"east": {"uv": [8.25, 0.5, 9.25, 0.75], "texture": "#0"},
				"south": {"uv": [8.25, 0.75, 9.25, 1], "texture": "#0"},
				"west": {"uv": [8.25, 1, 9.25, 1.25], "texture": "#0"},
				"up": {"uv": [8.25, 5, 7.25, 4], "texture": "#0"},
				"down": {"uv": [8.25, 5, 7.25, 6], "texture": "#0"}
			}
		}
	],
	"gui_light": "front",
	"display": {
		"thirdperson_righthand": {
			"rotation": [60, -50, 0],
			"translation": [3.25, 3, 5],
			"scale": [0.8, 0.8, 0.8]
		},
		"thirdperson_lefthand": {
			"rotation": [60, -50, 0],
			"translation": [3.25, 3, 5],
			"scale": [0.8, 0.8, 0.8]
		},
		"firstperson_righthand": {
			"rotation": [3, -3, -1],
			"translation": [0, 3, -7.75]
		},
		"firstperson_lefthand": {
			"rotation": [3, -3, -1],
			"translation": [0, 3, -7.75]
		},
		"ground": {
			"rotation": [61, 0, 0],
			"translation": [0, 5, 0],
			"scale": [0.6, 0.6, 0.6]
		},
		"gui": {
			"rotation": [-24, 154, 0],
			"translation": [0.75, 2.5, 0],
			"scale": [0.6, 0.6, 0.6]
		},
		"head": {
			"translation": [-1.25, 4.75, -8.5]
		},
		"fixed": {
			"translation": [-1.5, 5, -0.5]
		}
	}
}