{
	"credit": "Made with Blockbench",
	"texture_size": [32, 32],
	"textures": {
		"4": "littleroom_bufobufo:bufo_bufo_youngling"
	},
	"elements": [
		{
			"from": [5.5, 5.14861, 6.56491],
			"to": [10.5, 8.14861, 12.56491],
			"rotation": {"angle": 45, "axis": "x", "origin": [8, 3.64861, 7.56491]},
			"faces": {
				"north": {"uv": [13.25, 9, 14.5, 9.75], "texture": "#4"},
				"east": {"uv": [11.75, 11.5, 13.25, 12.25], "texture": "#4"},
				"south": {"uv": [13.25, 9.75, 14.5, 10.5], "texture": "#4"},
				"west": {"uv": [10.5, 12.25, 12, 13], "texture": "#4"},
				"up": {"uv": [11.75, 10.5, 10.5, 9], "texture": "#4"},
				"down": {"uv": [11.75, 10.5, 10.5, 12], "texture": "#4"}
			}
		},
		{
			"from": [5, 5.14861, 4.56491],
			"to": [11, 8.14861, 9.56491],
			"rotation": {"angle": 0, "axis": "y", "origin": [40, 2.14861, 36.56491]},
			"faces": {
				"north": {"uv": [12, 12.25, 13.5, 13], "texture": "#4"},
				"east": {"uv": [13.25, 10.5, 14.5, 11.25], "texture": "#4"},
				"south": {"uv": [10.5, 13, 12, 13.75], "texture": "#4"},
				"west": {"uv": [13.25, 11.25, 14.5, 12], "texture": "#4"},
				"up": {"uv": [13.25, 10.25, 11.75, 9], "texture": "#4"},
				"down": {"uv": [13.25, 10.25, 11.75, 11.5], "texture": "#4"}
			}
		},
		{
			"from": [6, 2.14861, 5.56491],
			"to": [10, 5.14861, 9.56491],
			"rotation": {"angle": 0, "axis": "y", "origin": [40, 0.14861, 34.56491]},
			"faces": {
				"north": {"uv": [13.5, 12, 14.5, 12.75], "texture": "#4"},
				"east": {"uv": [10, 13.75, 11, 14.5], "texture": "#4"},
				"south": {"uv": [11, 13.75, 12, 14.5], "texture": "#4"},
				"west": {"uv": [12, 14, 13, 14.75], "texture": "#4"},
				"up": {"uv": [13, 14, 12, 13], "texture": "#4"},
				"down": {"uv": [14, 13, 13, 14], "texture": "#4"}
			}
		},
		{
			"from": [2.5, 0.14861, 9.56491],
			"to": [7.5, 3.14861, 12.56491],
			"rotation": {"angle": -45, "axis": "y", "origin": [3.5, 3.14861, 11.06491]},
			"faces": {
				"north": {"uv": [0, 13.5, 1.25, 14.25], "texture": "#4"},
				"east": {"uv": [5, 14.25, 5.75, 15], "texture": "#4"},
				"south": {"uv": [1.25, 13.5, 2.5, 14.25], "texture": "#4"},
				"west": {"uv": [5.75, 14.25, 6.5, 15], "texture": "#4"},
				"up": {"uv": [3.75, 14.25, 2.5, 13.5], "texture": "#4"},
				"down": {"uv": [5, 13.5, 3.75, 14.25], "texture": "#4"}
			}
		},
		{
			"from": [-1.5, 0.14861, 9.56491],
			"to": [2.5, 0.14861, 12.56491],
			"rotation": {"angle": -45, "axis": "y", "origin": [3.5, 3.14861, 11.06491]},
			"faces": {
				"north": {"uv": [0, 0, 1, 0], "texture": "#4"},
				"east": {"uv": [0, 0, 0.75, 0], "texture": "#4"},
				"south": {"uv": [0, 0, 1, 0], "texture": "#4"},
				"west": {"uv": [0, 0, 0.75, 0], "texture": "#4"},
				"up": {"uv": [15, 13.5, 14, 12.75], "texture": "#4"},
				"down": {"uv": [14, 14, 13, 14.75], "texture": "#4"}
			}
		},
		{
			"from": [9.5, 0.14861, 8.56491],
			"to": [11.5, 5.14861, 10.56491],
			"rotation": {"angle": -22.5, "axis": "z", "origin": [11.5, 2.64861, 7.56491]},
			"faces": {
				"north": {"uv": [3, 14.25, 3.5, 15.5], "texture": "#4"},
				"east": {"uv": [3.5, 14.25, 4, 15.5], "texture": "#4"},
				"south": {"uv": [4, 14.25, 4.5, 15.5], "texture": "#4"},
				"west": {"uv": [4.5, 14.25, 5, 15.5], "texture": "#4"},
				"up": {"uv": [9.5, 14.75, 9, 14.25], "texture": "#4"},
				"down": {"uv": [10, 14.25, 9.5, 14.75], "texture": "#4"}
			}
		},
		{
			"from": [4.5, 0.14861, 8.56491],
			"to": [6.5, 5.14861, 10.56491],
			"rotation": {"angle": 22.5, "axis": "z", "origin": [4.5, 2.64861, 7.56491]},
			"faces": {
				"north": {"uv": [3.5, 14.25, 3, 15.5], "texture": "#4"},
				"east": {"uv": [5, 14.25, 4.5, 15.5], "texture": "#4"},
				"south": {"uv": [4.5, 14.25, 4, 15.5], "texture": "#4"},
				"west": {"uv": [4, 14.25, 3.5, 15.5], "texture": "#4"},
				"up": {"uv": [9, 14.75, 9.5, 14.25], "texture": "#4"},
				"down": {"uv": [9.5, 14.25, 10, 14.75], "texture": "#4"}
			}
		},
		{
			"from": [8.5, 0.14861, 9.56491],
			"to": [13.5, 3.14861, 12.56491],
			"rotation": {"angle": 45, "axis": "y", "origin": [12.5, 3.14861, 11.06491]},
			"faces": {
				"north": {"uv": [5, 13.5, 6.25, 14.25], "texture": "#4"},
				"east": {"uv": [6.5, 14.25, 7.25, 15], "texture": "#4"},
				"south": {"uv": [6.25, 13.5, 7.5, 14.25], "texture": "#4"},
				"west": {"uv": [7.25, 14.25, 8, 15], "texture": "#4"},
				"up": {"uv": [8.75, 14.25, 7.5, 13.5], "texture": "#4"},
				"down": {"uv": [10, 13.5, 8.75, 14.25], "texture": "#4"}
			}
		},
		{
			"from": [13.5, 0.14861, 9.56491],
			"to": [17.5, 0.14861, 12.56491],
			"rotation": {"angle": 45, "axis": "y", "origin": [12.5, 3.14861, 11.06491]},
			"faces": {
				"north": {"uv": [0, 0, 1, 0], "texture": "#4"},
				"east": {"uv": [0, 0, 0.75, 0], "texture": "#4"},
				"south": {"uv": [0, 0, 1, 0], "texture": "#4"},
				"west": {"uv": [0, 0, 0.75, 0], "texture": "#4"},
				"up": {"uv": [15, 14.25, 14, 13.5], "texture": "#4"},
				"down": {"uv": [1, 14.25, 0, 15], "texture": "#4"}
			}
		},
		{
			"from": [4.5, 6.89861, 6.56491],
			"to": [6.5, 8.89861, 8.56491],
			"rotation": {"angle": -22.5, "axis": "y", "origin": [5.5, 7.89861, 7.56491]},
			"faces": {
				"north": {"uv": [14, 14.25, 14.5, 14.75], "texture": "#4"},
				"east": {"uv": [14.5, 0, 15, 0.5], "texture": "#4"},
				"south": {"uv": [14.5, 0.5, 15, 1], "texture": "#4"},
				"west": {"uv": [14.5, 1, 15, 1.5], "texture": "#4"},
				"up": {"uv": [15, 2, 14.5, 1.5], "texture": "#4"},
				"down": {"uv": [15, 2, 14.5, 2.5], "texture": "#4"}
			}
		},
		{
			"from": [9.5, 6.89861, 6.56491],
			"to": [11.5, 8.89861, 8.56491],
			"rotation": {"angle": 22.5, "axis": "y", "origin": [10.5, 7.89861, 7.56491]},
			"faces": {
				"north": {"uv": [14.5, 2.5, 15, 3], "texture": "#4"},
				"east": {"uv": [14.5, 3, 15, 3.5], "texture": "#4"},
				"south": {"uv": [14.5, 3.5, 15, 4], "texture": "#4"},
				"west": {"uv": [14.5, 4, 15, 4.5], "texture": "#4"},
				"up": {"uv": [15, 5, 14.5, 4.5], "texture": "#4"},
				"down": {"uv": [15, 5, 14.5, 5.5], "texture": "#4"}
			}
		}
	],
	"gui_light": "front",
	"display": {
		"thirdperson_righthand": {
			"translation": [0, 4.5, 0],
			"scale": [0.6, 0.6, 0.6]
		},
		"thirdperson_lefthand": {
			"translation": [0, 4.5, 0],
			"scale": [0.6, 0.6, 0.6]
		},
		"firstperson_righthand": {
			"rotation": [-20, 106, 0],
			"translation": [0, 4.5, 0],
			"scale": [0.6, 0.6, 0.6]
		},
		"firstperson_lefthand": {
			"rotation": [-20, 106, 0],
			"translation": [0, 4.5, 0],
			"scale": [0.6, 0.6, 0.6]
		},
		"ground": {
			"rotation": [18, 0, 0],
			"translation": [0, 3.5, 0],
			"scale": [0.6, 0.6, 0.6]
		},
		"gui": {
			"rotation": [23, 145, 0],
			"translation": [0, 4.25, 0]
		},
		"head": {
			"translation": [0, 14.5, -1.75]
		},
		"fixed": {
			"rotation": [-90, 0, 0],
			"translation": [0, -1.25, -8.5],
			"scale": [1.2, 1.2, 1.2]
		}
	}
}