{
	"credit": "Made by samus2002",
	"texture_size": [128, 128],
	"textures": {
		"0": "easter_mount_texture/mount_bunny_brown",
		"particle": "easter_mount_texture/mount_bunny_brown"
	},
	"elements": [
		{
			"from": [2.5, 1.02891, 6.2375],
			"to": [13.5, 12.02891, 17.2375],
			"rotation": {"angle": 0, "axis": "y", "origin": [8, 8, 8]},
			"faces": {
				"north": {"uv": [0, 4.125, 1.375, 5.5], "texture": "#0"},
				"east": {"uv": [1.5, 4.125, 2.875, 5.5], "texture": "#0"},
				"south": {"uv": [3, 4.125, 4.375, 5.5], "texture": "#0"},
				"west": {"uv": [4.5, 3, 5.875, 4.375], "texture": "#0"},
				"up": {"uv": [5.875, 5.875, 4.5, 4.5], "texture": "#0"},
				"down": {"uv": [6.625, 0, 5.25, 1.375], "texture": "#0"}
			}
		},
		{
			"from": [1.5, 1.00391, 4.2625],
			"to": [14.5, 7.00391, 9.2625],
			"rotation": {"angle": 0, "axis": "y", "origin": [8, 8, 8]},
			"faces": {
				"north": {"uv": [7, 5.875, 8.625, 6.625], "texture": "#0"},
				"east": {"uv": [3, 9, 3.625, 9.75], "texture": "#0"},
				"south": {"uv": [2.625, 7.125, 4.25, 7.875], "texture": "#0"},
				"west": {"uv": [9, 7.75, 9.625, 8.5], "texture": "#0"},
				"up": {"uv": [9.25, 4.625, 7.625, 4], "texture": "#0"},
				"down": {"uv": [6, 7.625, 4.375, 8.25], "texture": "#0"}
			}
		},
		{
			"from": [3.5, -1.99609, 4.2625],
			"to": [12.5, 1.00391, 4.2625],
			"rotation": {"angle": 0, "axis": "y", "origin": [8, 8, 8]},
			"faces": {
				"north": {"uv": [9.125, 3.125, 10.25, 3.5], "texture": "#0"},
				"east": {"uv": [5, 7.125, 5, 7.5], "texture": "#0"},
				"south": {"uv": [10.25, 3.125, 9.125, 3.5], "texture": "#0"},
				"west": {"uv": [5.125, 7.125, 5.125, 7.5], "texture": "#0"},
				"up": {"uv": [9.125, 3.875, 8, 3.875], "texture": "#0"},
				"down": {"uv": [10.5, 4.625, 9.375, 4.625], "texture": "#0"}
			}
		},
		{
			"from": [3.49224, 11.52774, 11.2375],
			"to": [8.49224, 21.52774, 12.2375],
			"rotation": {"angle": 22.5, "axis": "z", "origin": [8, 8, 8]},
			"faces": {
				"north": {"uv": [7.625, 7.875, 8.25, 9.125], "texture": "#0"},
				"east": {"uv": [8.125, 9.25, 8.25, 10.5], "texture": "#0"},
				"south": {"uv": [8, 0.75, 8.625, 2], "texture": "#0"},
				"west": {"uv": [1.875, 9.375, 2, 10.625], "texture": "#0"},
				"up": {"uv": [6.75, 7.75, 6.125, 7.625], "texture": "#0"},
				"down": {"uv": [10.5, 5.25, 9.875, 5.375], "texture": "#0"}
			}
		},
		{
			"from": [2.49224, 11.52774, 11.2625],
			"to": [9.49224, 24.52774, 11.2625],
			"rotation": {"angle": 22.5, "axis": "z", "origin": [8, 8, 8]},
			"faces": {
				"north": {"uv": [6, 5.125, 6.875, 6.75], "texture": "#0"},
				"east": {"uv": [3.5, 9.875, 3.5, 11.5], "texture": "#0"},
				"south": {"uv": [6.875, 5.125, 6, 6.75], "texture": "#0"},
				"west": {"uv": [3.625, 9.875, 3.625, 11.5], "texture": "#0"},
				"up": {"uv": [7.75, 2.75, 6.875, 2.75], "texture": "#0"},
				"down": {"uv": [10.375, 6.625, 9.5, 6.625], "texture": "#0"}
			}
		},
		{
			"from": [7.50776, 11.52774, 11.2375],
			"to": [12.50776, 21.52774, 12.2375],
			"rotation": {"angle": -22.5, "axis": "z", "origin": [8, 8, 8]},
			"faces": {
				"north": {"uv": [8.25, 7.875, 7.625, 9.125], "texture": "#0"},
				"east": {"uv": [2, 9.375, 1.875, 10.625], "texture": "#0"},
				"south": {"uv": [8.625, 0.75, 8, 2], "texture": "#0"},
				"west": {"uv": [8.25, 9.25, 8.125, 10.5], "texture": "#0"},
				"up": {"uv": [6.125, 7.75, 6.75, 7.625], "texture": "#0"},
				"down": {"uv": [9.875, 5.25, 10.5, 5.375], "texture": "#0"}
			}
		},
		{
			"from": [6.50776, 11.52774, 11.2625],
			"to": [13.50776, 24.52774, 11.2625],
			"rotation": {"angle": -22.5, "axis": "z", "origin": [8, 8, 8]},
			"faces": {
				"north": {"uv": [6.875, 5.125, 6, 6.75], "texture": "#0"},
				"east": {"uv": [3.625, 9.875, 3.625, 11.5], "texture": "#0"},
				"south": {"uv": [6, 5.125, 6.875, 6.75], "texture": "#0"},
				"west": {"uv": [3.5, 9.875, 3.5, 11.5], "texture": "#0"},
				"up": {"uv": [6.875, 2.75, 7.75, 2.75], "texture": "#0"},
				"down": {"uv": [9.5, 6.625, 10.375, 6.625], "texture": "#0"}
			}
		},
		{
			"from": [2.5, 11.04775, 4.82986],
			"to": [13.5, 16.04775, 4.82986],
			"rotation": {"angle": 22.5, "axis": "x", "origin": [8, 8, 8]},
			"faces": {
				"north": {"uv": [7.875, 0, 9.25, 0.625], "texture": "#0"},
				"east": {"uv": [10, 0, 10, 0.625], "texture": "#0"},
				"south": {"uv": [9.25, 0, 7.875, 0.625], "texture": "#0"},
				"west": {"uv": [10, 2.125, 10, 2.75], "texture": "#0"},
				"up": {"uv": [11.125, 8.5, 9.75, 8.5], "texture": "#0"},
				"down": {"uv": [11.25, 5.5, 9.875, 5.5], "texture": "#0"}
			}
		}
	],
	"gui_light": "front",
	"display": {
		"gui": {
			"rotation": [0, 180, 0],
			"translation": [0, -2.25, 0],
			"scale": [0.6, 0.6, 0.6]
		}
	}
}