{
	"credit": "Made by samus2002",
	"texture_size": [128, 128],
	"textures": {
		"0": "easter_mount_texture/mount_chick_black",
		"particle": "easter_mount_texture/mount_chick_black"
	},
	"elements": [
		{
			"from": [3.5, 11.78897, 8.56208],
			"to": [12.5, 18.78897, 8.56208],
			"rotation": {"angle": 22.5, "axis": "x", "origin": [8, 8, 8]},
			"faces": {
				"north": {"uv": [9.125, 4.875, 10.25, 5.75], "texture": "#0"},
				"east": {"uv": [2.875, 11.25, 2.875, 12.125], "texture": "#0"},
				"south": {"uv": [10.25, 4.875, 9.125, 5.75], "texture": "#0"},
				"west": {"uv": [3, 11.25, 3, 12.125], "texture": "#0"},
				"up": {"uv": [7.5, 1.75, 6.375, 1.75], "texture": "#0"},
				"down": {"uv": [7.5, 1.875, 6.375, 1.875], "texture": "#0"}
			}
		},
		{
			"from": [6.5, 0.48097, 2.5],
			"to": [9.5, 2.48097, 5.5],
			"rotation": {"angle": 0, "axis": "y", "origin": [8, 8, 8]},
			"faces": {
				"north": {"uv": [10.375, 9, 10.75, 9.25], "texture": "#0"},
				"east": {"uv": [10.625, 9.375, 11, 9.625], "texture": "#0"},
				"south": {"uv": [10.375, 5.5, 11, 5.75], "texture": "#0"},
				"west": {"uv": [10.625, 9.75, 11, 10], "texture": "#0"},
				"up": {"uv": [5.25, 11, 4.625, 10.625], "texture": "#0"},
				"down": {"uv": [5.75, 10.625, 5.375, 11], "texture": "#0"}
			}
		},
		{
			"from": [6.5, 2.48097, 2.5],
			"to": [9.5, 4.48097, 5.5],
			"rotation": {"angle": 0, "axis": "y", "origin": [8, 8, 8]},
			"faces": {
				"north": {"uv": [7.5, 6.25, 7.875, 6], "texture": "#0"},
				"east": {"uv": [8.125, 10.875, 8.5, 10.625], "texture": "#0"},
				"south": {"uv": [8.625, 7.75, 9.25, 8.125], "texture": "#0"},
				"west": {"uv": [8.5, 10.875, 8.125, 10.625], "texture": "#0"},
				"up": {"uv": [11.125, 3.375, 10.75, 3], "texture": "#0"},
				"down": {"uv": [4.5, 10.625, 3.875, 11], "texture": "#0"}
			}
		},
		{
			"from": [1.5, -1.51903, 5.5],
			"to": [14.5, 11.48097, 18.5],
			"rotation": {"angle": 0, "axis": "y", "origin": [8, 8, 8]},
			"faces": {
				"north": {"uv": [6.375, 0, 8, 1.625], "texture": "#0"},
				"east": {"uv": [1.625, 6.5, 3.25, 8.125], "texture": "#0"},
				"south": {"uv": [3.375, 6.5, 5, 8.125], "texture": "#0"},
				"west": {"uv": [5.125, 6.5, 6.75, 8.125], "texture": "#0"},
				"up": {"uv": [8.5, 8.125, 6.875, 6.5], "texture": "#0"},
				"down": {"uv": [6.875, 8.125, 8.5, 6.5], "texture": "#0"}
			}
		}
	],
	"gui_light": "front",
	"display": {
		"gui": {
			"rotation": [0, 180, 0],
			"translation": [0, 0.75, 0],
			"scale": [0.8, 0.8, 0.8]
		}
	}
}