{"textures":{"0":"modelengine:entity/artichoke_stage"},"elements":[{"from":[4.0,12.0,4.0],"to":[12.0,15.0,12.0],"faces":{"east":{"uv":[0.5,4.375,1.0,4.5625],"tintindex":0,"rotation":0,"texture":"#0"},"south":{"uv":[0.5,4.375,1.0,4.5625],"tintindex":0,"rotation":0,"texture":"#0"},"north":{"uv":[0.5,4.375,1.0,4.5625],"tintindex":0,"rotation":0,"texture":"#0"},"west":{"uv":[0.5,4.375,1.0,4.5625],"tintindex":0,"rotation":0,"texture":"#0"},"down":{"uv":[0.5,4.375,0.0,4.875],"tintindex":0,"rotation":0,"texture":"#0"}}},{"from":[13.0,12.0,3.0],"to":[3.0,13.0,13.0],"faces":{"east":{"uv":[0.625,5.0,1.25,5.0625],"tintindex":0,"rotation":0,"texture":"#0"},"south":{"uv":[0.625,5.0,1.25,5.0625],"tintindex":0,"rotation":0,"texture":"#0"},"north":{"uv":[0.625,5.0,1.25,5.0625],"tintindex":0,"rotation":0,"texture":"#0"},"west":{"uv":[0.625,5.0,1.25,5.0625],"tintindex":0,"rotation":0,"texture":"#0"},"down":{"uv":[0.625,5.0,0.0,5.625],"tintindex":0,"rotation":0,"texture":"#0"}}},{"from":[12.0,14.0,4.0],"to":[4.0,15.0,12.0],"faces":{"east":{"uv":[1.0,4.375,0.5,4.4375],"tintindex":0,"rotation":0,"texture":"#0"},"south":{"uv":[1.0,4.375,0.5,4.4375],"tintindex":0,"rotation":0,"texture":"#0"},"north":{"uv":[1.0,4.375,0.5,4.4375],"tintindex":0,"rotation":0,"texture":"#0"},"west":{"uv":[1.0,4.375,0.5,4.4375],"tintindex":0,"rotation":0,"texture":"#0"},"down":{"uv":[0.0,4.375,0.5,4.875],"tintindex":0,"rotation":0,"texture":"#0"}}},{"from":[4.0,1.0,4.0],"to":[12.0,3.0,12.0],"faces":{"east":{"uv":[1.25,5.0,1.75,5.125],"tintindex":0,"rotation":0,"texture":"#0"},"south":{"uv":[1.25,5.0,1.75,5.125],"tintindex":0,"rotation":0,"texture":"#0"},"north":{"uv":[1.25,5.0,1.75,5.125],"tintindex":0,"rotation":0,"texture":"#0"},"west":{"uv":[1.25,5.0,1.75,5.125],"tintindex":0,"rotation":0,"texture":"#0"},"down":{"uv":[0.625,5.0,0.0,5.625],"tintindex":0,"rotation":0,"texture":"#0"}}},{"from":[3.0,3.0,3.0],"to":[13.0,13.0,13.0],"faces":{"east":{"uv":[0.625,5.0,1.25,5.625],"tintindex":0,"rotation":0,"texture":"#0"},"south":{"uv":[0.625,5.0,1.25,5.625],"tintindex":0,"rotation":0,"texture":"#0"},"north":{"uv":[0.625,5.0,1.25,5.625],"tintindex":0,"rotation":0,"texture":"#0"},"west":{"uv":[0.625,5.0,1.25,5.625],"tintindex":0,"rotation":0,"texture":"#0"},"down":{"uv":[0.625,5.0,0.0,5.625],"tintindex":0,"rotation":0,"texture":"#0"}}}],"display":{"gui":{"rotation":[30,225,0]}}}