{"textures":{"0":"modelengine:entity/onion_stage"},"elements":[{"from":[8.0,11.5,6.0],"to":[8.0,13.5,10.0],"faces":{"east":{"uv":[0.25,2.375,0.5,2.5],"tintindex":0,"rotation":0,"texture":"#0"},"west":{"uv":[0.5,2.375,0.25,2.5],"tintindex":0,"rotation":0,"texture":"#0"}}},{"from":[6.0,11.5,8.0],"to":[10.0,13.5,8.0],"faces":{"south":{"uv":[0.25,2.375,0.5,2.5],"tintindex":0,"rotation":0,"texture":"#0"},"north":{"uv":[0.5,2.375,0.25,2.5],"tintindex":0,"rotation":0,"texture":"#0"}}},{"from":[6.5,8.0,6.5],"to":[9.5,8.5,9.5],"faces":{"east":{"uv":[0.25,2.3125,0.4375,2.375],"tintindex":0,"rotation":0,"texture":"#0"},"south":{"uv":[0.25,2.3125,0.4375,2.375],"tintindex":0,"rotation":0,"texture":"#0"},"north":{"uv":[0.25,2.3125,0.4375,2.375],"tintindex":0,"rotation":0,"texture":"#0"},"west":{"uv":[0.25,2.3125,0.4375,2.375],"tintindex":0,"rotation":0,"texture":"#0"},"up":{"uv":[0.0,2.125,0.25,2.375],"tintindex":0,"rotation":0,"texture":"#0"},"down":{"uv":[0.0,2.375,0.25,2.625],"tintindex":0,"rotation":0,"texture":"#0"}}},{"from":[6.0,8.5,6.0],"to":[10.0,11.5,10.0],"faces":{"east":{"uv":[0.25,2.125,0.5,2.3125],"tintindex":0,"rotation":0,"texture":"#0"},"south":{"uv":[0.25,2.125,0.5,2.3125],"tintindex":0,"rotation":0,"texture":"#0"},"north":{"uv":[0.25,2.125,0.5,2.3125],"tintindex":0,"rotation":0,"texture":"#0"},"west":{"uv":[0.25,2.125,0.5,2.3125],"tintindex":0,"rotation":0,"texture":"#0"},"up":{"uv":[0.0,2.125,0.25,2.375],"tintindex":0,"rotation":0,"texture":"#0"},"down":{"uv":[0.0,2.375,0.25,2.625],"tintindex":0,"rotation":0,"texture":"#0"}}}],"display":{"gui":{"rotation":[30,225,0]}}}