{
	"credit": "Made with Blockbench",
	"texture_size": [32, 32],
	"textures": {
		"0": "littleroom_dungeonkey:dungeonkey",
		"particle": "littleroom_dungeonkey:dungeonkey"
	},
	"elements": [
		{
			"from": [9, 9, 7],
			"to": [12, 15, 9],
			"rotation": {"angle": 0, "axis": "y", "origin": [-1, 0, 1]},
			"faces": {
				"north": {"uv": [4, 0, 2.5, 3], "texture": "#0"},
				"east": {"uv": [6, 1, 7, 4], "texture": "#0"},
				"south": {"uv": [2.5, 0, 4, 3], "texture": "#0"},
				"west": {"uv": [6, 4, 7, 7], "texture": "#0"},
				"up": {"uv": [1.5, 7, 0, 6], "texture": "#0"},
				"down": {"uv": [7.5, 0, 6, 1], "texture": "#0"}
			}
		},
		{
			"from": [4, 9, 7],
			"to": [7, 15, 9],
			"rotation": {"angle": 0, "axis": "y", "origin": [17, 0, 1]},
			"faces": {
				"north": {"uv": [1.5, 0, 0, 3], "texture": "#0"},
				"east": {"uv": [7, 4, 6, 7], "texture": "#0"},
				"south": {"uv": [0, 0, 1.5, 3], "texture": "#0"},
				"west": {"uv": [7, 1, 6, 4], "texture": "#0"},
				"up": {"uv": [0, 7, 1.5, 6], "texture": "#0"},
				"down": {"uv": [6, 0, 7.5, 1], "texture": "#0"}
			}
		},
		{
			"from": [7, 9, 7],
			"to": [9, 13, 9],
			"rotation": {"angle": 0, "axis": "y", "origin": [17, 0, 1]},
			"faces": {
				"north": {"uv": [2.5, 1, 1.5, 3], "texture": "#0"},
				"east": {"uv": [7, 4, 6, 6], "texture": "#0"},
				"south": {"uv": [2.5, 1, 1.5, 3], "texture": "#0"},
				"west": {"uv": [7, 1, 6, 3], "texture": "#0"},
				"up": {"uv": [0, 7, 1, 6], "texture": "#0"},
				"down": {"uv": [6, 0, 7, 1], "texture": "#0"}
			}
		},
		{
			"from": [12, 11, 7],
			"to": [14, 14, 9],
			"rotation": {"angle": 0, "axis": "y", "origin": [-1, 0, 1]},
			"faces": {
				"north": {"uv": [14, 13, 15, 14.5], "texture": "#0"},
				"east": {"uv": [14, 14.5, 15, 16], "texture": "#0"},
				"south": {"uv": [15, 14.5, 16, 16], "texture": "#0"},
				"west": {"uv": [15, 13, 16, 14.5], "texture": "#0"},
				"up": {"uv": [15, 13, 14, 12], "texture": "#0"},
				"down": {"uv": [16, 12, 15, 13], "texture": "#0"}
			}
		},
		{
			"from": [10.38372, 13.07089, 6.5],
			"to": [14.38372, 16.07089, 9.5],
			"rotation": {"angle": 22.5, "axis": "z", "origin": [12.88372, 14.57089, 8.5]},
			"faces": {
				"north": {"uv": [14, 0, 16, 1.5], "texture": "#0"},
				"east": {"uv": [10.5, 0, 12, 1.5], "texture": "#0"},
				"south": {"uv": [14, 1.5, 16, 3], "texture": "#0"},
				"west": {"uv": [10.5, 1.5, 12, 3], "texture": "#0"},
				"up": {"uv": [14, 3, 12, 1.5], "texture": "#0"},
				"down": {"uv": [14, 0, 12, 1.5], "texture": "#0"}
			}
		},
		{
			"from": [2, 11, 7],
			"to": [4, 14, 9],
			"rotation": {"angle": 0, "axis": "y", "origin": [17, 0, 1]},
			"faces": {
				"north": {"uv": [15, 13, 14, 14.5], "texture": "#0"},
				"east": {"uv": [16, 13, 15, 14.5], "texture": "#0"},
				"south": {"uv": [16, 14.5, 15, 16], "texture": "#0"},
				"west": {"uv": [15, 14.5, 14, 16], "texture": "#0"},
				"up": {"uv": [14, 13, 15, 12], "texture": "#0"},
				"down": {"uv": [15, 12, 16, 13], "texture": "#0"}
			}
		},
		{
			"from": [1.61628, 13.07089, 6.5],
			"to": [5.61628, 16.07089, 9.5],
			"rotation": {"angle": -22.5, "axis": "z", "origin": [3.11628, 14.57089, 8.5]},
			"faces": {
				"north": {"uv": [16, 0, 14, 1.5], "texture": "#0"},
				"east": {"uv": [12, 1.5, 10.5, 3], "texture": "#0"},
				"south": {"uv": [16, 1.5, 14, 3], "texture": "#0"},
				"west": {"uv": [12, 0, 10.5, 1.5], "texture": "#0"},
				"up": {"uv": [12, 3, 14, 1.5], "texture": "#0"},
				"down": {"uv": [12, 0, 14, 1.5], "texture": "#0"}
			}
		},
		{
			"from": [7, 0, 7],
			"to": [9, 9, 9],
			"rotation": {"angle": 0, "axis": "y", "origin": [-1, 0, 1]},
			"faces": {
				"north": {"uv": [4, 0, 5, 4.5], "texture": "#0"},
				"east": {"uv": [4, 4.5, 5, 9], "texture": "#0"},
				"south": {"uv": [5, 0, 6, 4.5], "texture": "#0"},
				"west": {"uv": [5, 4.5, 6, 9], "texture": "#0"},
				"up": {"uv": [8, 2, 7, 1], "texture": "#0"},
				"down": {"uv": [3, 7, 2, 8], "texture": "#0"}
			}
		},
		{
			"from": [5, 0, 7.5],
			"to": [7, 4, 8.5],
			"rotation": {"angle": 0, "axis": "y", "origin": [-1, 0, 1]},
			"faces": {
				"north": {"uv": [0, 7, 1, 9], "texture": "#0"},
				"east": {"uv": [7, 2, 7.5, 4], "texture": "#0"},
				"south": {"uv": [1, 7, 2, 9], "texture": "#0"},
				"west": {"uv": [3, 7, 3.5, 9], "texture": "#0"},
				"up": {"uv": [8, 4.5, 7, 4], "texture": "#0"},
				"down": {"uv": [8, 4.5, 7, 5], "texture": "#0"}
			}
		}
	],
	"gui_light": "front",
	"display": {
		"thirdperson_righthand": {
			"rotation": [-180, 67, 0],
			"translation": [1, 5, 0.5],
			"scale": [0.75, 0.75, 0.75]
		},
		"thirdperson_lefthand": {
			"rotation": [-180, 67, 0],
			"translation": [1, 5, 0.5],
			"scale": [0.75, 0.75, 0.75]
		},
		"firstperson_righthand": {
			"rotation": [-180, 83, -32],
			"translation": [1, 5, 0],
			"scale": [0.75, 0.75, 0.75]
		},
		"firstperson_lefthand": {
			"rotation": [-180, -106, 35],
			"translation": [1, 5, 0],
			"scale": [0.75, 0.75, 0.75]
		},
		"ground": {
			"translation": [0, 3.5, 0],
			"scale": [0.75, 0.75, 0.75]
		},
		"gui": {
			"rotation": [3, -5, -40],
			"translation": [-0.75, -1.25, 0],
			"scale": [0.8, 0.8, 0.8]
		},
		"head": {
			"scale": [0, 0, 0]
		}
	}
}