{
	"credit": "Made with Blockbench",
	"texture_size": [128, 128],
	"textures": {
		"0": "modelengine:entity/lrd_snowglobe"
	},
	"elements": [
		{
			"from": [3, 0, 3],
			"to": [13, 2, 13],
			"rotation": {"angle": 0, "axis": "y", "origin": [8, -1, 8]},
			"faces": {
				"north": {"uv": [5.625, 1.375, 6.875, 1.625], "texture": "#0"},
				"east": {"uv": [6.875, 0.875, 8.125, 1.125], "texture": "#0"},
				"south": {"uv": [6.875, 1.25, 8.125, 1.5], "texture": "#0"},
				"west": {"uv": [6.875, 1.625, 8.125, 1.875], "texture": "#0"},
				"up": {"uv": [9.375, 1.25, 8.125, 0], "texture": "#0"},
				"down": {"uv": [6.875, 0, 5.625, 1.25], "texture": "#0"}
			}
		},
		{
			"from": [2, 2.5, 2],
			"to": [14, 4.5, 14],
			"rotation": {"angle": 0, "axis": "y", "origin": [8, -0.5, 8]},
			"faces": {
				"north": {"uv": [7.125, 3.625, 8.875, 3.875], "texture": "#0"},
				"east": {"uv": [7.125, 3.875, 8.875, 4.125], "texture": "#0"},
				"south": {"uv": [7.125, 4.125, 8.875, 4.375], "texture": "#0"},
				"west": {"uv": [7.125, 4.375, 8.875, 4.625], "texture": "#0"},
				"up": {"uv": [3.625, 5.5, 1.875, 3.75], "texture": "#0"},
				"down": {"uv": [5.5, 1.875, 3.75, 3.625], "texture": "#0"}
			}
		},
		{
			"name": "cube inverted",
			"from": [14, 14.5, 14],
			"to": [2, 2.5, 2],
			"rotation": {"angle": 0, "axis": "y", "origin": [9, 2.5, 9]},
			"faces": {
				"north": {"uv": [3.625, 3.75, 5.375, 5.5], "texture": "#0"},
				"east": {"uv": [5.375, 3.625, 7.125, 5.375], "texture": "#0"},
				"south": {"uv": [5.375, 5.375, 7.125, 7.125], "texture": "#0"},
				"west": {"uv": [1.875, 5.5, 3.625, 7.25], "texture": "#0"},
				"up": {"uv": [7.25, 3.625, 5.5, 1.875], "texture": "#0"},
				"down": {"uv": [5.375, 5.5, 3.625, 7.25], "texture": "#0"}
			}
		},
		{
			"name": "cube inverted inverted",
			"from": [14.5, 15, 14.5],
			"to": [1.5, 2, 1.5],
			"rotation": {"angle": 0, "axis": "y", "origin": [20.5, 14, 20.5]},
			"faces": {
				"north": {"uv": [1.875, 1.875, 3.75, 0], "texture": "#0"},
				"east": {"uv": [1.875, 3.75, 3.75, 1.875], "texture": "#0"},
				"south": {"uv": [0, 1.875, 1.875, 0], "texture": "#0"},
				"west": {"uv": [0, 3.75, 1.875, 1.875], "texture": "#0"},
				"up": {"uv": [3.75, 0, 5.625, 1.875], "texture": "#0"},
				"down": {"uv": [0, 5.625, 1.875, 3.75], "texture": "#0"}
			}
		},
		{
			"from": [5, 4.5, 5],
			"to": [11, 8.5, 11],
			"rotation": {"angle": 0, "axis": "y", "origin": [8, -0.5, 8]},
			"faces": {
				"north": {"uv": [0.75, 6.875, 1.5, 7.375], "texture": "#0"},
				"east": {"uv": [7.125, 4.625, 7.875, 5.125], "texture": "#0"},
				"south": {"uv": [7.125, 5.125, 7.875, 5.625], "texture": "#0"},
				"west": {"uv": [5.375, 7.125, 6.125, 7.625], "texture": "#0"},
				"up": {"uv": [0.75, 7.625, 0, 6.875], "texture": "#0"},
				"down": {"uv": [7.625, 0, 6.875, 0.75], "texture": "#0"}
			}
		},
		{
			"from": [6, 8.5, 6],
			"to": [10, 12.5, 10],
			"rotation": {"angle": 0, "axis": "y", "origin": [9, 3.5, 9]},
			"faces": {
				"north": {"uv": [1.25, 5.625, 1.75, 6.125], "texture": "#0"},
				"east": {"uv": [1.25, 6.125, 1.75, 6.625], "texture": "#0"},
				"south": {"uv": [7.125, 5.625, 7.625, 6.125], "texture": "#0"},
				"west": {"uv": [6.125, 7.125, 6.625, 7.625], "texture": "#0"},
				"up": {"uv": [7.625, 6.625, 7.125, 6.125], "texture": "#0"},
				"down": {"uv": [7.125, 7.125, 6.625, 7.625], "texture": "#0"}
			}
		},
		{
			"from": [7.5, 9.5, 4],
			"to": [8.5, 10.5, 7],
			"rotation": {"angle": 0, "axis": "y", "origin": [8.5, 2.5, 9]},
			"faces": {
				"north": {"uv": [4.5, 3.625, 4.625, 3.75], "texture": "#0"},
				"east": {"uv": [3.75, 3.625, 4.125, 3.75], "texture": "#0"},
				"south": {"uv": [4.625, 3.625, 4.75, 3.75], "texture": "#0"},
				"west": {"uv": [4.125, 3.625, 4.5, 3.75], "texture": "#0"},
				"up": {"uv": [1.875, 6, 1.75, 5.625], "texture": "#0"},
				"down": {"uv": [1.875, 6, 1.75, 6.375], "texture": "#0"}
			}
		}
	],
	"gui_light": "front",
	"display": {
		"thirdperson_righthand": {
			"rotation": [54, 27, 0],
			"translation": [-1, 4, 0],
			"scale": [0.5, 0.5, 0.5]
		},
		"thirdperson_lefthand": {
			"rotation": [54, 27, 0],
			"translation": [-1, 4, 0],
			"scale": [0.5, 0.5, 0.5]
		},
		"firstperson_righthand": {
			"rotation": [-16, 125, 0],
			"translation": [0, 3.25, 0],
			"scale": [0.5, 0.5, 0.5]
		},
		"firstperson_lefthand": {
			"rotation": [-16, 125, 0],
			"translation": [0, 3.25, 0],
			"scale": [0.5, 0.5, 0.5]
		},
		"ground": {
			"rotation": [35, 0, 28],
			"translation": [0, 3.75, 0],
			"scale": [0.5, 0.5, 0.5]
		},
		"gui": {
			"rotation": [17, -148, 0],
			"translation": [0, -0.5, 0],
			"scale": [0.75, 0.75, 0.75]
		},
		"head": {
			"translation": [0, 10.25, 0],
			"scale": [0.5, 0.5, 0.5]
		},
		"fixed": {
			"rotation": [-90, 0, 0],
			"translation": [0, 0, -11.75],
			"scale": [1.5, 1.5, 1.5]
		}
	},
	"groups": [
		{
			"name": "snowglobe",
			"origin": [8, 0, 8],
			"color": 0,
			"children": [
				0,
				1,
				2,
				3,
				{
					"name": "snowman",
					"origin": [8, 5, 8.16667],
					"color": 0,
					"children": [4, 5, 6]
				}
			]
		}
	]
}