{"textures":{"0":"modelengine:entity/tomato_stage"},"elements":[{"from":[9.0,8.0,7.0],"to":[7.0,10.0,9.0],"faces":{"east":{"uv":[0.75,2.0,0.9375,2.1875],"tintindex":0,"rotation":0,"texture":"#0"},"south":{"uv":[0.75,2.0,0.9375,2.1875],"tintindex":0,"rotation":0,"texture":"#0"},"north":{"uv":[0.75,2.0,0.9375,2.1875],"tintindex":0,"rotation":0,"texture":"#0"},"west":{"uv":[0.75,2.0,0.9375,2.1875],"tintindex":0,"rotation":0,"texture":"#0"}},"rotation":{"origin":[8.0,9.0,8.0],"angle":-45.0,"axis":"y"}},{"from":[7.0,8.0,7.0],"to":[9.0,10.0,9.0],"faces":{"east":{"uv":[0.75,2.0,0.9375,2.1875],"tintindex":0,"rotation":0,"texture":"#0"},"south":{"uv":[0.75,2.0,0.9375,2.1875],"tintindex":0,"rotation":0,"texture":"#0"},"north":{"uv":[0.75,2.0,0.9375,2.1875],"tintindex":0,"rotation":0,"texture":"#0"},"west":{"uv":[0.75,2.0,0.9375,2.1875],"tintindex":0,"rotation":0,"texture":"#0"}},"rotation":{"origin":[8.0,9.0,8.0],"angle":-45.0,"axis":"y"}},{"from":[6.0,5.5,6.0],"to":[10.0,9.0,10.0],"faces":{"east":{"uv":[0.5,2.0,0.75,2.25],"tintindex":0,"rotation":0,"texture":"#0"},"south":{"uv":[0.25,2.25,0.5,2.5],"tintindex":0,"rotation":0,"texture":"#0"},"north":{"uv":[0.75,2.25,0.5,2.5],"tintindex":0,"rotation":0,"texture":"#0"},"west":{"uv":[0.5,2.0,0.25,2.25],"tintindex":0,"rotation":0,"texture":"#0"},"up":{"uv":[0.0,2.0,0.25,2.25],"tintindex":0,"rotation":0,"texture":"#0"},"down":{"uv":[0.0,2.25,0.25,2.5],"tintindex":0,"rotation":0,"texture":"#0"}}}],"display":{"gui":{"rotation":[30,225,0]}}}