{
	"credit": "Made with Blockbench",
	"texture_size": [64, 64],
	"textures": {
		"1": "modelengine:entity/yukio_egg"
	},
	"elements": [
		{
			"from": [4.5, 2, 4],
			"to": [11.5, 9, 13],
			"rotation": {"angle": 0, "axis": "y", "origin": [7.5, 0, 8]},
			"faces": {
				"north": {"uv": [0, 3.5, 1.75, 5.25], "texture": "#1"},
				"east": {"uv": [0, 0, 2.25, 1.75], "texture": "#1"},
				"south": {"uv": [4, 0, 5.75, 1.75], "texture": "#1"},
				"west": {"uv": [0, 1.75, 2.25, 3.5], "texture": "#1"},
				"up": {"uv": [4, 2.25, 2.25, 0], "texture": "#1"},
				"down": {"uv": [4, 2.25, 2.25, 4.5], "texture": "#1"}
			}
		},
		{
			"from": [11.5, 2, 5],
			"to": [12.5, 9, 12],
			"rotation": {"angle": 0, "axis": "y", "origin": [7.5, 0, 8]},
			"faces": {
				"north": {"uv": [5.25, 10, 5.5, 11.75], "texture": "#1"},
				"east": {"uv": [4, 1.75, 5.75, 3.5], "texture": "#1"},
				"south": {"uv": [5.5, 10, 5.75, 11.75], "texture": "#1"},
				"west": {"uv": [4, 3.5, 5.75, 5.25], "texture": "#1"},
				"up": {"uv": [6, 11.75, 5.75, 10], "texture": "#1"},
				"down": {"uv": [6.25, 10, 6, 11.75], "texture": "#1"}
			}
		},
		{
			"from": [10.5, 9, 6],
			"to": [11.5, 12, 11],
			"rotation": {"angle": 0, "axis": "y", "origin": [7.5, 0, 8]},
			"faces": {
				"north": {"uv": [1.75, 3.5, 2, 4.25], "texture": "#1"},
				"east": {"uv": [5.75, 4.5, 7, 5.25], "texture": "#1"},
				"south": {"uv": [2, 3.5, 2.25, 4.25], "texture": "#1"},
				"west": {"uv": [8.75, 1, 10, 1.75], "texture": "#1"},
				"up": {"uv": [8.25, 11.25, 8, 10], "texture": "#1"},
				"down": {"uv": [8.5, 10, 8.25, 11.25], "texture": "#1"}
			}
		},
		{
			"from": [5.5, 9, 5],
			"to": [10.5, 12, 6],
			"rotation": {"angle": 0, "axis": "y", "origin": [7.5, 0, 8]},
			"faces": {
				"north": {"uv": [8.75, 1.75, 10, 2.5], "texture": "#1"},
				"east": {"uv": [3.5, 4.5, 3.75, 5.25], "texture": "#1"},
				"south": {"uv": [7.25, 8.75, 8.5, 9.5], "texture": "#1"},
				"west": {"uv": [3.75, 4.5, 4, 5.25], "texture": "#1"},
				"up": {"uv": [11.25, 2.5, 10, 2.25], "texture": "#1"},
				"down": {"uv": [9.75, 10, 8.5, 10.25], "texture": "#1"}
			}
		},
		{
			"from": [5.5, 8, 6],
			"to": [10.5, 14, 11],
			"rotation": {"angle": 0, "axis": "y", "origin": [7.5, 0, 8]},
			"faces": {
				"north": {"uv": [5.75, 3, 7, 4.5], "texture": "#1"},
				"east": {"uv": [1.75, 6.25, 3, 7.75], "texture": "#1"},
				"south": {"uv": [0, 7, 1.25, 8.5], "texture": "#1"},
				"west": {"uv": [3, 7, 4.25, 8.5], "texture": "#1"},
				"up": {"uv": [8.25, 4.25, 7, 3], "texture": "#1"},
				"down": {"uv": [5.5, 7, 4.25, 8.25], "texture": "#1"}
			}
		},
		{
			"from": [4.5, 9, 6],
			"to": [5.5, 12, 11],
			"rotation": {"angle": 0, "axis": "y", "origin": [7.5, 0, 8]},
			"faces": {
				"north": {"uv": [3, 6.25, 3.25, 7], "texture": "#1"},
				"east": {"uv": [8.5, 8.75, 9.75, 9.5], "texture": "#1"},
				"south": {"uv": [3.25, 6.25, 3.5, 7], "texture": "#1"},
				"west": {"uv": [9.25, 2.5, 10.5, 3.25], "texture": "#1"},
				"up": {"uv": [10, 11.25, 9.75, 10], "texture": "#1"},
				"down": {"uv": [10.25, 10, 10, 11.25], "texture": "#1"}
			}
		},
		{
			"from": [3.5, 2, 5],
			"to": [4.5, 9, 12],
			"rotation": {"angle": 0, "axis": "y", "origin": [7.5, 0, 8]},
			"faces": {
				"north": {"uv": [6.25, 10, 6.5, 11.75], "texture": "#1"},
				"east": {"uv": [1.75, 4.5, 3.5, 6.25], "texture": "#1"},
				"south": {"uv": [7.25, 10, 7.5, 11.75], "texture": "#1"},
				"west": {"uv": [0, 5.25, 1.75, 7], "texture": "#1"},
				"up": {"uv": [7.75, 11.75, 7.5, 10], "texture": "#1"},
				"down": {"uv": [8, 10, 7.75, 11.75], "texture": "#1"}
			}
		},
		{
			"from": [5.5, 9, 11],
			"to": [10.5, 12, 12],
			"rotation": {"angle": 0, "axis": "y", "origin": [7.5, 0, 8]},
			"faces": {
				"north": {"uv": [9.25, 3.25, 10.5, 4], "texture": "#1"},
				"east": {"uv": [1.25, 7, 1.5, 7.75], "texture": "#1"},
				"south": {"uv": [9.25, 4, 10.5, 4.75], "texture": "#1"},
				"west": {"uv": [1.5, 7, 1.75, 7.75], "texture": "#1"},
				"up": {"uv": [1.25, 10.5, 0, 10.25], "texture": "#1"},
				"down": {"uv": [2.5, 10.25, 1.25, 10.5], "texture": "#1"}
			}
		},
		{
			"from": [5.5, 0, 6],
			"to": [10.5, 1, 11],
			"rotation": {"angle": 0, "axis": "y", "origin": [7.5, 0, 8]},
			"faces": {
				"north": {"uv": [8.5, 10.25, 9.75, 10.5], "texture": "#1"},
				"east": {"uv": [10.25, 10, 11.5, 10.25], "texture": "#1"},
				"south": {"uv": [10.25, 10.25, 11.5, 10.5], "texture": "#1"},
				"west": {"uv": [0, 10.5, 1.25, 10.75], "texture": "#1"},
				"up": {"uv": [8.25, 5.5, 7, 4.25], "texture": "#1"},
				"down": {"uv": [6.75, 7, 5.5, 8.25], "texture": "#1"}
			}
		},
		{
			"from": [4.5, 1, 5],
			"to": [11.5, 2, 12],
			"rotation": {"angle": 0, "axis": "y", "origin": [7.5, 0, 8]},
			"faces": {
				"north": {"uv": [10, 1.25, 11.75, 1.5], "texture": "#1"},
				"east": {"uv": [10, 1.5, 11.75, 1.75], "texture": "#1"},
				"south": {"uv": [10, 1.75, 11.75, 2], "texture": "#1"},
				"west": {"uv": [10, 2, 11.75, 2.25], "texture": "#1"},
				"up": {"uv": [5.25, 7, 3.5, 5.25], "texture": "#1"},
				"down": {"uv": [7, 5.25, 5.25, 7], "texture": "#1"}
			}
		},
		{
			"from": [2.5, -1, 9],
			"to": [8.5, 3, 15],
			"rotation": {"angle": -22.5, "axis": "x", "origin": [5.5, 2, 11]},
			"faces": {
				"north": {"uv": [7.25, 0, 8.75, 1], "texture": "#1"},
				"east": {"uv": [7.25, 1, 8.75, 2], "texture": "#1"},
				"south": {"uv": [7.25, 2, 8.75, 3], "texture": "#1"},
				"west": {"uv": [1.25, 7.75, 2.75, 8.75], "texture": "#1"},
				"up": {"uv": [7.25, 1.5, 5.75, 0], "texture": "#1"},
				"down": {"uv": [7.25, 1.5, 5.75, 3], "texture": "#1"}
			}
		},
		{
			"from": [8.5, -1, 8],
			"to": [12.5, 3, 12],
			"rotation": {"angle": -22.5, "axis": "y", "origin": [5.5, 2, 11]},
			"faces": {
				"north": {"uv": [8.25, 4.25, 9.25, 5.25], "texture": "#1"},
				"east": {"uv": [5.25, 8.25, 6.25, 9.25], "texture": "#1"},
				"south": {"uv": [8.25, 5.25, 9.25, 6.25], "texture": "#1"},
				"west": {"uv": [6.25, 8.25, 7.25, 9.25], "texture": "#1"},
				"up": {"uv": [1, 9.5, 0, 8.5], "texture": "#1"},
				"down": {"uv": [3.75, 8.5, 2.75, 9.5], "texture": "#1"}
			}
		},
		{
			"from": [10.5, 0, 6],
			"to": [15.5, 3, 10],
			"rotation": {"angle": 22.5, "axis": "z", "origin": [13, 1.5, 8]},
			"faces": {
				"north": {"uv": [9.25, 4.75, 10.5, 5.5], "texture": "#1"},
				"east": {"uv": [0, 9.5, 1, 10.25], "texture": "#1"},
				"south": {"uv": [5.25, 9.25, 6.5, 10], "texture": "#1"},
				"west": {"uv": [2, 9.5, 3, 10.25], "texture": "#1"},
				"up": {"uv": [9.25, 7.75, 8, 6.75], "texture": "#1"},
				"down": {"uv": [9.25, 7.75, 8, 8.75], "texture": "#1"}
			}
		},
		{
			"from": [0.5, 0, 7],
			"to": [4.5, 2, 12],
			"rotation": {"angle": 0, "axis": "y", "origin": [5.5, 2, 11]},
			"faces": {
				"north": {"uv": [8.25, 6.25, 9.25, 6.75], "texture": "#1"},
				"east": {"uv": [7.25, 9.5, 8.5, 10], "texture": "#1"},
				"south": {"uv": [1, 9.75, 2, 10.25], "texture": "#1"},
				"west": {"uv": [8.5, 9.5, 9.75, 10], "texture": "#1"},
				"up": {"uv": [9.25, 4.25, 8.25, 3], "texture": "#1"},
				"down": {"uv": [5.25, 8.25, 4.25, 9.5], "texture": "#1"}
			}
		},
		{
			"from": [9.5, 0, 2],
			"to": [13.5, 2, 6],
			"rotation": {"angle": 0, "axis": "y", "origin": [5.5, 2, 11]},
			"faces": {
				"north": {"uv": [9.75, 8.5, 10.75, 9], "texture": "#1"},
				"east": {"uv": [9.75, 9, 10.75, 9.5], "texture": "#1"},
				"south": {"uv": [9.75, 9.5, 10.75, 10], "texture": "#1"},
				"west": {"uv": [10, 0.75, 11, 1.25], "texture": "#1"},
				"up": {"uv": [9.75, 1, 8.75, 0], "texture": "#1"},
				"down": {"uv": [2, 8.75, 1, 9.75], "texture": "#1"}
			}
		},
		{
			"from": [6.5, 0, 2],
			"to": [9.5, 4, 5],
			"rotation": {"angle": 22.5, "axis": "x", "origin": [5, 2, 3.5]},
			"faces": {
				"north": {"uv": [6.5, 9.25, 7.25, 10.25], "texture": "#1"},
				"east": {"uv": [3, 9.5, 3.75, 10.5], "texture": "#1"},
				"south": {"uv": [3.75, 9.5, 4.5, 10.5], "texture": "#1"},
				"west": {"uv": [4.5, 9.5, 5.25, 10.5], "texture": "#1"},
				"up": {"uv": [2.75, 9.5, 2, 8.75], "texture": "#1"},
				"down": {"uv": [10.5, 0, 9.75, 0.75], "texture": "#1"}
			}
		},
		{
			"from": [1.5, 0, 3],
			"to": [6.5, 3, 8],
			"rotation": {"angle": -22.5, "axis": "z", "origin": [3.5, 1, 4.5]},
			"faces": {
				"north": {"uv": [9.25, 5.5, 10.5, 6.25], "texture": "#1"},
				"east": {"uv": [9.25, 6.25, 10.5, 7], "texture": "#1"},
				"south": {"uv": [9.25, 7, 10.5, 7.75], "texture": "#1"},
				"west": {"uv": [9.25, 7.75, 10.5, 8.5], "texture": "#1"},
				"up": {"uv": [8.25, 6.75, 7, 5.5], "texture": "#1"},
				"down": {"uv": [8, 7, 6.75, 8.25], "texture": "#1"}
			}
		}
	],
	"gui_light": "front",
	"display": {
		"thirdperson_righthand": {
			"rotation": [41, 27, 0],
			"translation": [0, 6.25, 3],
			"scale": [0.75, 0.75, 0.75]
		},
		"thirdperson_lefthand": {
			"rotation": [41, 27, 0],
			"translation": [0, 6.25, 3],
			"scale": [0.75, 0.75, 0.75]
		},
		"firstperson_righthand": {
			"rotation": [2, -5, 0],
			"translation": [0, 5.5, -0.5],
			"scale": [0.75, 0.75, 0.75]
		},
		"firstperson_lefthand": {
			"rotation": [2, -5, 0],
			"translation": [0, 5.5, -0.5],
			"scale": [0.75, 0.75, 0.75]
		},
		"ground": {
			"rotation": [16, 0, 0],
			"translation": [0, 4.25, 0],
			"scale": [0.75, 0.75, 0.75]
		},
		"gui": {
			"rotation": [20, 62, 0],
			"translation": [0, 1.25, 0],
			"scale": [0.75, 0.75, 0.75]
		},
		"head": {
			"translation": [0, 14.25, 0]
		},
		"fixed": {
			"rotation": [-90, 0, 0],
			"translation": [0, 0, -7.25]
		}
	},
	"groups": [
		{
			"name": "yukio_egg",
			"origin": [7.95032, -0.00121, 8.2233],
			"color": 0,
			"children": [
				{
					"name": "egg",
					"origin": [8, 2.15, 8.5],
					"color": 0,
					"children": [0, 1, 2, 3, 4, 5, 6, 7, 8, 9]
				},
				10,
				11,
				12,
				13,
				14,
				15,
				16
			]
		}
	]
}