{
	"credit": "Made with Blockbench",
	"texture_size": [512, 512],
	"textures": {
		"9": "modelengine:entity/yukio_full"
	},
	"elements": [
		{
			"from": [-0.41421, 16.47963, 3.23368],
			"to": [-0.41421, 20.47963, 14.23368],
			"rotation": {"angle": 45, "axis": "z", "origin": [-0.41421, 18.47963, 8.73368]},
			"faces": {
				"north": {"uv": [0, 0, 0, 0.125], "texture": "#9"},
				"east": {"uv": [12.1875, 1, 12.53125, 1.125], "texture": "#9"},
				"south": {"uv": [0, 0, 0, 0.125], "texture": "#9"},
				"west": {"uv": [12.1875, 4.46875, 12.53125, 4.59375], "texture": "#9"},
				"up": {"uv": [0, 0.34375, 0, 0], "texture": "#9"},
				"down": {"uv": [0, 0, 0, 0.34375], "texture": "#9"}
			}
		},
		{
			"from": [1, 7.06542, 3.23368],
			"to": [15, 17.06542, 17.23368],
			"rotation": {"angle": 0, "axis": "y", "origin": [8, -22.93458, 3.23368]},
			"faces": {
				"north": {"uv": [7.125, 3.375, 7.5625, 3.75], "texture": "#9"},
				"east": {"uv": [10.96875, 3.84375, 11.5, 4.21875], "texture": "#9"},
				"south": {"uv": [11.28125, 7.90625, 11.71875, 8.28125], "texture": "#9"},
				"west": {"uv": [11, 8.3125, 11.53125, 8.6875], "texture": "#9"},
				"up": {"uv": [11.125, 9.5625, 10.6875, 9.03125], "texture": "#9"},
				"down": {"uv": [4.53125, 10.78125, 4.09375, 11.3125], "texture": "#9"}
			}
		},
		{
			"from": [-0.41421, 16.47963, 3.23368],
			"to": [-0.41421, 20.47963, 14.23368],
			"rotation": {"angle": 45, "axis": "z", "origin": [-0.41421, 18.47963, 8.73368]},
			"faces": {
				"north": {"uv": [0, 0, 0, 0.125], "texture": "#9"},
				"east": {"uv": [9.0625, 0.9375, 9.40625, 1.0625], "texture": "#9"},
				"south": {"uv": [0, 0, 0, 0.125], "texture": "#9"},
				"west": {"uv": [12.1875, 0.875, 12.53125, 1], "texture": "#9"},
				"up": {"uv": [0, 0.34375, 0, 0], "texture": "#9"},
				"down": {"uv": [0, 0, 0, 0.34375], "texture": "#9"}
			}
		},
		{
			"from": [4, 13.06542, 2.23368],
			"to": [11, 19.06542, 24.23368],
			"rotation": {"angle": -22.5, "axis": "x", "origin": [7.5, 16.06542, 7.73368]},
			"faces": {
				"north": {"uv": [1.03125, 7.25, 1.25, 7.4375], "texture": "#9"},
				"east": {"uv": [11.28125, 6.25, 11.96875, 6.4375], "texture": "#9"},
				"south": {"uv": [12.1875, 9.8125, 12.40625, 10], "texture": "#9"},
				"west": {"uv": [11.4375, 3.09375, 12.125, 3.28125], "texture": "#9"},
				"up": {"uv": [5.75, 12, 5.53125, 11.3125], "texture": "#9"},
				"down": {"uv": [2.5, 11.34375, 2.28125, 12.03125], "texture": "#9"}
			}
		},
		{
			"from": [4, 13.7323, -6.49571],
			"to": [11, 16.7323, 4.50429],
			"rotation": {"angle": 0, "axis": "y", "origin": [7.5, 13.7323, -14.99571]},
			"faces": {
				"north": {"uv": [2.3125, 5.65625, 2.53125, 5.75], "texture": "#9"},
				"east": {"uv": [2.875, 4.375, 3.21875, 4.46875], "texture": "#9"},
				"south": {"uv": [7.84375, 5.96875, 8.0625, 6.0625], "texture": "#9"},
				"west": {"uv": [3.21875, 4.375, 3.5625, 4.46875], "texture": "#9"},
				"up": {"uv": [6.21875, 10, 6, 9.65625], "texture": "#9"},
				"down": {"uv": [12.1875, 4.5625, 11.96875, 4.90625], "texture": "#9"}
			}
		},
		{
			"from": [1, 7.06542, -5.76632],
			"to": [15, 14.06542, 3.23368],
			"rotation": {"angle": 0, "axis": "y", "origin": [8, -22.93458, 3.23368]},
			"faces": {
				"north": {"uv": [9.53125, 1.28125, 9.90625, 1.5625], "texture": "#9"},
				"east": {"uv": [8.71875, 9.90625, 9.09375, 10.1875], "texture": "#9"},
				"south": {"uv": [10.0625, 1, 10.4375, 1.28125], "texture": "#9"},
				"west": {"uv": [10.65625, 1.875, 11.03125, 2.15625], "texture": "#9"},
				"up": {"uv": [11.75, 10.8125, 11.375, 10.4375], "texture": "#9"},
				"down": {"uv": [11.78125, 1.21875, 11.40625, 1.59375], "texture": "#9"}
			}
		},
		{
			"from": [7.46716, 16.65859, -7.91451],
			"to": [7.46716, 30.65859, 11.08549],
			"rotation": {"angle": 0, "axis": "y", "origin": [-32.53284, 18.27497, -12.6629]},
			"faces": {
				"north": {"uv": [0, 0, 0, 0.4375], "texture": "#9"},
				"east": {"uv": [10.5625, 9.625, 11.15625, 10.0625], "texture": "#9"},
				"south": {"uv": [0, 0, 0, 0.4375], "texture": "#9"},
				"west": {"uv": [10.59375, 3.40625, 11.1875, 3.84375], "texture": "#9"},
				"up": {"uv": [0, 0.59375, 0, 0], "texture": "#9"},
				"down": {"uv": [0, 0, 0, 0.59375], "texture": "#9"}
			}
		},
		{
			"from": [3, 4.06542, -4.26632],
			"to": [13, 7.06542, -4.26632],
			"rotation": {"angle": -22.5, "axis": "x", "origin": [8, 5.56542, -4.26632]},
			"faces": {
				"north": {"uv": [2, 5.65625, 2.3125, 5.75], "texture": "#9"},
				"east": {"uv": [0, 0, 0, 0.09375], "texture": "#9"},
				"south": {"uv": [7.53125, 5.96875, 7.84375, 6.0625], "texture": "#9"},
				"west": {"uv": [0, 0, 0, 0.09375], "texture": "#9"},
				"up": {"uv": [0.3125, 0, 0, 0], "texture": "#9"},
				"down": {"uv": [0.3125, 0, 0, 0], "texture": "#9"}
			}
		},
		{
			"from": [-0.5, 10.06542, -6.51632],
			"to": [2.5, 15.06542, -1.51632],
			"rotation": {"angle": -45, "axis": "y", "origin": [2.5, 14.06542, -3.26632]},
			"faces": {
				"north": {"uv": [4.75, 7.1875, 4.84375, 7.34375], "texture": "#9"},
				"east": {"uv": [10.5, 7.59375, 10.65625, 7.75], "texture": "#9"},
				"south": {"uv": [8.28125, 8.5, 8.375, 8.65625], "texture": "#9"},
				"west": {"uv": [10.5, 8.625, 10.65625, 8.78125], "texture": "#9"},
				"up": {"uv": [8.375, 8.8125, 8.28125, 8.65625], "texture": "#9"},
				"down": {"uv": [8.375, 8.8125, 8.28125, 8.96875], "texture": "#9"}
			}
		},
		{
			"from": [16.41421, 16.47963, 3.23368],
			"to": [16.41421, 20.47963, 14.23368],
			"rotation": {"angle": -45, "axis": "z", "origin": [16.41421, 18.47963, 8.73368]},
			"faces": {
				"north": {"uv": [0, 0, 0, 0.125], "texture": "#9"},
				"east": {"uv": [12.1875, 4.59375, 12.53125, 4.71875], "texture": "#9"},
				"south": {"uv": [0, 0, 0, 0.125], "texture": "#9"},
				"west": {"uv": [12.1875, 4.71875, 12.53125, 4.84375], "texture": "#9"},
				"up": {"uv": [0, 0.34375, 0, 0], "texture": "#9"},
				"down": {"uv": [0, 0, 0, 0.34375], "texture": "#9"}
			}
		},
		{
			"from": [13.5, 10.06542, -6.51632],
			"to": [16.5, 15.06542, -1.51632],
			"rotation": {"angle": 45, "axis": "y", "origin": [13.5, 14.06542, -3.26632]},
			"faces": {
				"north": {"uv": [8.28125, 8.96875, 8.375, 9.125], "texture": "#9"},
				"east": {"uv": [5.3125, 10.65625, 5.46875, 10.8125], "texture": "#9"},
				"south": {"uv": [9.46875, 3.96875, 9.5625, 4.125], "texture": "#9"},
				"west": {"uv": [6.96875, 10.78125, 7.125, 10.9375], "texture": "#9"},
				"up": {"uv": [9.5625, 4.28125, 9.46875, 4.125], "texture": "#9"},
				"down": {"uv": [9.5625, 4.28125, 9.46875, 4.4375], "texture": "#9"}
			}
		},
		{
			"from": [1, 0.06542, -6.76632],
			"to": [15, 7.06542, 8.23368],
			"rotation": {"angle": -22.5, "axis": "x", "origin": [8, 8.06542, 11.23368]},
			"faces": {
				"north": {"uv": [11.40625, 1.96875, 11.84375, 2.28125], "texture": "#9"},
				"east": {"uv": [11.09375, 7.28125, 11.65625, 7.59375], "texture": "#9"},
				"south": {"uv": [11.5, 5.03125, 11.9375, 5.34375], "texture": "#9"},
				"west": {"uv": [11.28125, 7.59375, 11.84375, 7.90625], "texture": "#9"},
				"up": {"uv": [9.15625, 11.21875, 8.71875, 10.65625], "texture": "#9"},
				"down": {"uv": [9.59375, 10.65625, 9.15625, 11.21875], "texture": "#9"}
			}
		},
		{
			"from": [1, 7.06542, -6.76632],
			"to": [1, 12.06542, 8.23368],
			"rotation": {"angle": -22.5, "axis": "x", "origin": [8, 8.06542, 11.23368]},
			"faces": {
				"north": {"uv": [0, 0, 0, 0.15625], "texture": "#9"},
				"east": {"uv": [11.65625, 0.25, 12.21875, 0.40625], "texture": "#9"},
				"south": {"uv": [0, 0, 0, 0.15625], "texture": "#9"},
				"west": {"uv": [11.71875, 8.125, 12.28125, 8.28125], "texture": "#9"},
				"up": {"uv": [0, 0.5625, 0, 0], "texture": "#9"},
				"down": {"uv": [0, 0, 0, 0.5625], "texture": "#9"}
			}
		},
		{
			"from": [15, 7.06542, -6.76632],
			"to": [15, 12.06542, 8.23368],
			"rotation": {"angle": -22.5, "axis": "x", "origin": [8, 8.06542, 11.23368]},
			"faces": {
				"north": {"uv": [0, 0, 0, 0.15625], "texture": "#9"},
				"east": {"uv": [11.84375, 1.84375, 12.40625, 2], "texture": "#9"},
				"south": {"uv": [0, 0, 0, 0.15625], "texture": "#9"},
				"west": {"uv": [11.84375, 2, 12.40625, 2.15625], "texture": "#9"},
				"up": {"uv": [0, 0.5625, 0, 0], "texture": "#9"},
				"down": {"uv": [0, 0, 0, 0.5625], "texture": "#9"}
			}
		},
		{
			"from": [1, 7.06542, -6.76632],
			"to": [15, 12.06542, -6.76632],
			"rotation": {"angle": -22.5, "axis": "x", "origin": [8, 8.06542, 11.23368]},
			"faces": {
				"north": {"uv": [10.5, 0.84375, 10.9375, 1], "texture": "#9"},
				"east": {"uv": [0, 0, 0, 0.15625], "texture": "#9"},
				"south": {"uv": [11.96875, 10.65625, 12.40625, 10.8125], "texture": "#9"},
				"west": {"uv": [0, 0, 0, 0.15625], "texture": "#9"},
				"up": {"uv": [0.4375, 0, 0, 0], "texture": "#9"},
				"down": {"uv": [0.4375, 0, 0, 0], "texture": "#9"}
			}
		},
		{
			"from": [1.53284, 2.06542, 5.91246],
			"to": [14.53284, 13.06542, 16.91246],
			"rotation": {"angle": -22.5, "axis": "x", "origin": [8, 8.06542, 11.23368]},
			"faces": {
				"north": {"uv": [3.40625, 11.40625, 3.8125, 11.75], "texture": "#9"},
				"east": {"uv": [11.5625, 6.6875, 11.90625, 7.03125], "texture": "#9"},
				"south": {"uv": [11.4375, 2.75, 11.84375, 3.09375], "texture": "#9"},
				"west": {"uv": [8.03125, 11.5625, 8.375, 11.90625], "texture": "#9"},
				"up": {"uv": [6.15625, 11.78125, 5.75, 11.4375], "texture": "#9"},
				"down": {"uv": [11.84375, 11.3125, 11.4375, 11.65625], "texture": "#9"}
			}
		},
		{
			"from": [14.999, -6.92426, -5.71443],
			"to": [14.999, 0.07574, 8.28557],
			"rotation": {"angle": -22.5, "axis": "x", "origin": [8.17057, 7.94015, 11.28557]},
			"faces": {
				"north": {"uv": [0, 0, 0, 0.21875], "texture": "#9"},
				"east": {"uv": [10.0625, 8.625, 10.5, 8.84375], "texture": "#9"},
				"south": {"uv": [0, 0, 0, 0.21875], "texture": "#9"},
				"west": {"uv": [11.6875, 2.53125, 12.125, 2.75], "texture": "#9"},
				"up": {"uv": [0, 0.4375, 0, 0], "texture": "#9"},
				"down": {"uv": [0, 0, 0, 0.4375], "texture": "#9"}
			}
		},
		{
			"from": [-1.4525, 0.06542, 6.90411],
			"to": [4.5475, 13.06542, 16.90411],
			"rotation": {"angle": -22.5, "axis": "x", "origin": [8, 8.06542, 11.23368]},
			"faces": {
				"north": {"uv": [1.40625, 11.8125, 1.625, 12.21875], "texture": "#9"},
				"east": {"uv": [11.28125, 4.21875, 11.71875, 4.625], "texture": "#9"},
				"south": {"uv": [1.625, 11.8125, 1.84375, 12.21875], "texture": "#9"},
				"west": {"uv": [11.28125, 4.625, 11.71875, 5.03125], "texture": "#9"},
				"up": {"uv": [11.96875, 10.75, 11.75, 10.3125], "texture": "#9"},
				"down": {"uv": [6.125, 11.78125, 5.90625, 12.21875], "texture": "#9"}
			}
		},
		{
			"from": [-0.4525, 8.06542, 16.84776],
			"to": [3.5475, 13.06542, 28.84776],
			"rotation": {"angle": -22.5, "axis": "x", "origin": [8, 8.06542, 11.23368]},
			"faces": {
				"north": {"uv": [4.625, 7.625, 4.75, 7.78125], "texture": "#9"},
				"east": {"uv": [11.15625, 9.90625, 11.53125, 10.0625], "texture": "#9"},
				"south": {"uv": [4.5, 9.25, 4.625, 9.40625], "texture": "#9"},
				"west": {"uv": [12.125, 2.28125, 12.5, 2.4375], "texture": "#9"},
				"up": {"uv": [7.28125, 6.4375, 7.15625, 6.0625], "texture": "#9"},
				"down": {"uv": [4.625, 8.875, 4.5, 9.25], "texture": "#9"}
			}
		},
		{
			"from": [1.5475, -4.93458, 6.90411],
			"to": [1.5475, 8.06542, 23.90411],
			"rotation": {"angle": -22.5, "axis": "x", "origin": [8, 8.06542, 11.23368]},
			"faces": {
				"north": {"uv": [0, 0, 0, 0.40625], "texture": "#9"},
				"east": {"uv": [6.625, 6.0625, 7.15625, 6.46875], "texture": "#9"},
				"south": {"uv": [0, 0, 0, 0.40625], "texture": "#9"},
				"west": {"uv": [10.65625, 0, 11.1875, 0.40625], "texture": "#9"},
				"up": {"uv": [0, 0.53125, 0, 0], "texture": "#9"},
				"down": {"uv": [0, 0, 0, 0.53125], "texture": "#9"}
			}
		},
		{
			"from": [11.4525, 0.06542, 6.90411],
			"to": [17.4525, 13.06542, 16.90411],
			"rotation": {"angle": -22.5, "axis": "x", "origin": [8, 8.06542, 11.23368]},
			"faces": {
				"north": {"uv": [7.6875, 11.8125, 7.90625, 12.21875], "texture": "#9"},
				"east": {"uv": [11.28125, 5.4375, 11.71875, 5.84375], "texture": "#9"},
				"south": {"uv": [9.59375, 11.8125, 9.8125, 12.21875], "texture": "#9"},
				"west": {"uv": [11.28125, 5.84375, 11.71875, 6.25], "texture": "#9"},
				"up": {"uv": [0.21875, 12.25, 0, 11.8125], "texture": "#9"},
				"down": {"uv": [1.40625, 11.8125, 1.1875, 12.25], "texture": "#9"}
			}
		},
		{
			"from": [12.4525, 8.06542, 16.84776],
			"to": [16.4525, 13.06542, 28.84776],
			"rotation": {"angle": -22.5, "axis": "x", "origin": [8, 8.06542, 11.23368]},
			"faces": {
				"north": {"uv": [4.5, 9.40625, 4.625, 9.5625], "texture": "#9"},
				"east": {"uv": [12.125, 2.4375, 12.5, 2.59375], "texture": "#9"},
				"south": {"uv": [7.96875, 9.5625, 8.09375, 9.71875], "texture": "#9"},
				"west": {"uv": [12.125, 2.59375, 12.5, 2.75], "texture": "#9"},
				"up": {"uv": [8.09375, 9.5625, 7.96875, 9.1875], "texture": "#9"},
				"down": {"uv": [8.90625, 9.21875, 8.78125, 9.59375], "texture": "#9"}
			}
		},
		{
			"from": [14.4525, -4.93458, 6.90411],
			"to": [14.4525, 8.06542, 23.90411],
			"rotation": {"angle": -22.5, "axis": "x", "origin": [8, 8.06542, 11.23368]},
			"faces": {
				"north": {"uv": [0, 0, 0, 0.40625], "texture": "#9"},
				"east": {"uv": [10.84375, 2.53125, 11.375, 2.9375], "texture": "#9"},
				"south": {"uv": [0, 0, 0, 0.40625], "texture": "#9"},
				"west": {"uv": [10.84375, 10.5, 11.375, 10.90625], "texture": "#9"},
				"up": {"uv": [0, 0.53125, 0, 0], "texture": "#9"},
				"down": {"uv": [0, 0, 0, 0.53125], "texture": "#9"}
			}
		},
		{
			"from": [1, -6.92426, -5.71443],
			"to": [1, 0.07574, 8.28557],
			"rotation": {"angle": -22.5, "axis": "x", "origin": [7.82843, 7.94015, 11.28557]},
			"faces": {
				"north": {"uv": [0, 0, 0, 0.21875], "texture": "#9"},
				"east": {"uv": [11.71875, 5.96875, 12.15625, 6.1875], "texture": "#9"},
				"south": {"uv": [0, 0, 0, 0.21875], "texture": "#9"},
				"west": {"uv": [11.71875, 7.90625, 12.15625, 8.125], "texture": "#9"},
				"up": {"uv": [0, 0.4375, 0, 0], "texture": "#9"},
				"down": {"uv": [0, 0, 0, 0.4375], "texture": "#9"}
			}
		}
	],
	"gui_light": "front",
	"display": {
		"thirdperson_righthand": {
			"rotation": [39, 28, 0],
			"translation": [-0.75, 1.25, 0],
			"scale": [0.35, 0.35, 0.35]
		},
		"thirdperson_lefthand": {
			"rotation": [39, 28, 0],
			"translation": [-0.75, 1.25, 0],
			"scale": [0.35, 0.35, 0.35]
		},
		"firstperson_righthand": {
			"rotation": [39, 28, 0],
			"translation": [2.5, 1.25, 0],
			"scale": [0.35, 0.35, 0.35]
		},
		"firstperson_lefthand": {
			"rotation": [39, 28, 0],
			"translation": [0.75, 1.25, 0],
			"scale": [0.35, 0.35, 0.35]
		},
		"ground": {
			"rotation": [37, 0, 0],
			"translation": [0, 5, 0],
			"scale": [0.5, 0.5, 0.5]
		},
		"gui": {
			"rotation": [12, 145, 0],
			"translation": [0, -0.5, 0],
			"scale": [0.4, 0.4, 0.4]
		},
		"head": {
			"rotation": [20, 0, 0],
			"translation": [0, 0.25, -0.25]
		},
		"fixed": {
			"translation": [0, 0, -6.75]
		}
	},
	"groups": [
		{
			"name": "h_head",
			"origin": [7.5, 10.06542, 18.73368],
			"color": 0,
			"children": [
				0,
				1,
				2,
				3,
				4,
				5,
				6,
				7,
				8,
				9,
				10,
				{
					"name": "h_jaw",
					"origin": [8, 7.18212, 9.43237],
					"color": 0,
					"children": [11, 12, 13, 14, 15, 16, 17, 18, 19, 20, 21, 22, 23]
				}
			]
		}
	]
}