{
	"credit": "littleroomdev",
	"texture_size": [64, 64],
	"textures": {
		"0": "littleroom_yukio:yukio_sword",
		"particle": "littleroom_yukio:yukio_sword"
	},
	"elements": [
		{
			"from": [6.5, 2, 6],
			"to": [9.5, 5, 10],
			"faces": {
				"north": {"uv": [6.75, 7.25, 7.5, 8], "texture": "#0"},
				"east": {"uv": [5.5, 1.25, 6.5, 2], "texture": "#0"},
				"south": {"uv": [7.5, 0, 8.25, 0.75], "texture": "#0"},
				"west": {"uv": [6.5, 1.25, 5.5, 2], "texture": "#0"},
				"up": {"uv": [7.75, 6, 7, 5], "texture": "#0"},
				"down": {"uv": [8, 2, 7.25, 3], "texture": "#0"}
			}
		},
		{
			"from": [7.5, -6, 7],
			"to": [8.5, 2, 9],
			"faces": {
				"north": {"uv": [3.25, 7.25, 3.5, 9.25], "texture": "#0"},
				"east": {"uv": [1, 6.25, 1.5, 8.25], "texture": "#0"},
				"south": {"uv": [3.5, 7.25, 3.25, 9.25], "texture": "#0"},
				"west": {"uv": [1.5, 6.25, 1, 8.25], "texture": "#0"},
				"up": {"uv": [2.5, 7.25, 2.25, 6.75], "texture": "#0"},
				"down": {"uv": [7.75, 1.5, 7.5, 2], "texture": "#0"}
			}
		},
		{
			"from": [6, 3, 3],
			"to": [10, 6, 12],
			"rotation": {"angle": 22.5, "axis": "x", "origin": [8, 2, 9]},
			"faces": {
				"north": {"uv": [2.25, 7.25, 3.25, 8], "texture": "#0"},
				"east": {"uv": [7, 5.25, 4.75, 6], "texture": "#0"},
				"south": {"uv": [7.25, 3, 8.25, 3.75], "texture": "#0"},
				"west": {"uv": [4.75, 5.25, 7, 6], "texture": "#0"},
				"up": {"uv": [5.5, 2.25, 4.5, 0], "texture": "#0"},
				"down": {"uv": [2.5, 4.5, 1.5, 6.75], "texture": "#0"}
			}
		},
		{
			"from": [7, 4.99162, 4.98746],
			"to": [9, 7.99162, 14.98746],
			"rotation": {"angle": 0, "axis": "x", "origin": [6, 3.99162, 9.48746]},
			"faces": {
				"north": {"uv": [2.5, 4.5, 3, 5.25], "texture": "#0"},
				"east": {"uv": [4.5, 3.75, 7, 4.5], "texture": "#0"},
				"south": {"uv": [7.5, 0.75, 8, 1.5], "texture": "#0"},
				"west": {"uv": [4.5, 4.5, 7, 5.25], "texture": "#0"},
				"up": {"uv": [5.25, 8.5, 4.75, 6], "texture": "#0"},
				"down": {"uv": [5.75, 6, 5.25, 8.5], "texture": "#0"}
			}
		},
		{
			"from": [7.999, 21, 11.06043],
			"to": [7.999, 28, 17.06043],
			"rotation": {"angle": 0, "axis": "x", "origin": [8.499, 29.88581, 11.56043]},
			"faces": {
				"north": {"uv": [0, 0, 0, 1.75], "texture": "#0"},
				"east": {"uv": [3, 0, 4.5, 1.75], "texture": "#0"},
				"south": {"uv": [0, 0, 0, 1.75], "texture": "#0"},
				"west": {"uv": [4.5, 0, 3, 1.75], "texture": "#0"},
				"up": {"uv": [0, 1.5, 0, 0], "texture": "#0"},
				"down": {"uv": [0, 0, 0, 1.5], "texture": "#0"}
			}
		},
		{
			"from": [7, 24.21998, 4.83941],
			"to": [9, 27.21998, 15.83941],
			"rotation": {"angle": -22.5, "axis": "x", "origin": [8, 24.71998, 9.33941]},
			"faces": {
				"north": {"uv": [7.75, 3.75, 8.25, 4.5], "texture": "#0"},
				"east": {"uv": [7.25, 3, 4.5, 3.75], "texture": "#0"},
				"south": {"uv": [7.75, 4.5, 8.25, 5.25], "texture": "#0"},
				"west": {"uv": [4.5, 3, 7.25, 3.75], "texture": "#0"},
				"up": {"uv": [4.25, 8.75, 3.75, 6], "texture": "#0"},
				"down": {"uv": [4.75, 6, 4.25, 8.75], "texture": "#0"}
			}
		},
		{
			"from": [7.5, 7.38581, 5.06043],
			"to": [8.5, 25.38581, 11.06043],
			"rotation": {"angle": 0, "axis": "x", "origin": [8.5, 9.88581, 9.56043]},
			"faces": {
				"north": {"uv": [0.5, 6.25, 0.75, 10.75], "texture": "#0"},
				"east": {"uv": [3, 0, 1.5, 4.5], "texture": "#0"},
				"south": {"uv": [0.75, 6.25, 1, 10.75], "texture": "#0"},
				"west": {"uv": [1.5, 0, 3, 4.5], "texture": "#0"},
				"up": {"uv": [7.75, 7.5, 7.5, 6], "texture": "#0"},
				"down": {"uv": [7.75, 7.5, 7.5, 9], "texture": "#0"}
			}
		},
		{
			"from": [5.35195, 5.38581, 7.83207],
			"to": [5.35195, 12.38581, 13.83207],
			"rotation": {"angle": -22.5, "axis": "y", "origin": [5.35195, 6.88581, 13.83207]},
			"faces": {
				"north": {"uv": [0, 0, 0, 1.75], "texture": "#0"},
				"east": {"uv": [1.5, 4.5, 0, 6.25], "texture": "#0"},
				"south": {"uv": [0, 0, 0, 1.75], "texture": "#0"},
				"west": {"uv": [0, 4.5, 1.5, 6.25], "texture": "#0"},
				"up": {"uv": [0, 1.5, 0, 0], "texture": "#0"},
				"down": {"uv": [0, 0, 0, 1.5], "texture": "#0"}
			}
		},
		{
			"from": [10.64805, 5.38581, 7.83207],
			"to": [10.64805, 12.38581, 13.83207],
			"rotation": {"angle": 22.5, "axis": "y", "origin": [10.64805, 6.88581, 13.83207]},
			"faces": {
				"north": {"uv": [0, 0, 0, 1.75], "texture": "#0"},
				"east": {"uv": [1.5, 4.5, 0, 6.25], "texture": "#0"},
				"south": {"uv": [0, 0, 0, 1.75], "texture": "#0"},
				"west": {"uv": [0, 4.5, 1.5, 6.25], "texture": "#0"},
				"up": {"uv": [0, 1.5, 0, 0], "texture": "#0"},
				"down": {"uv": [0, 0, 0, 1.5], "texture": "#0"}
			}
		},
		{
			"from": [7.70711, 6.38581, 4.56043],
			"to": [8.40711, 25.38581, 5.26043],
			"rotation": {"angle": 45, "axis": "y", "origin": [8.20711, 17.88581, 5.06043]},
			"faces": {
				"north": {"uv": [5.75, 6, 6, 10.75], "texture": "#0"},
				"east": {"uv": [6, 6, 6.25, 10.75], "texture": "#0"},
				"south": {"uv": [0, 6.25, 0.25, 11], "texture": "#0"},
				"west": {"uv": [0.25, 6.25, 0.5, 11], "texture": "#0"},
				"up": {"uv": [5.75, 2.25, 5.5, 2], "texture": "#0"},
				"down": {"uv": [6, 2, 5.75, 2.25], "texture": "#0"}
			}
		},
		{
			"from": [6.5, 5.38581, 6.06043],
			"to": [9.5, 10.38581, 11.06043],
			"rotation": {"angle": 0, "axis": "x", "origin": [8.5, 9.88581, 9.56043]},
			"faces": {
				"north": {"uv": [6.75, 0, 7.5, 1.25], "texture": "#0"},
				"east": {"uv": [5.5, 0, 6.75, 1.25], "texture": "#0"},
				"south": {"uv": [1.5, 6.75, 2.25, 8], "texture": "#0"},
				"west": {"uv": [2.5, 6, 3.75, 7.25], "texture": "#0"},
				"up": {"uv": [7.5, 7.25, 6.75, 6], "texture": "#0"},
				"down": {"uv": [7.75, 3.75, 7, 5], "texture": "#0"}
			}
		}
	],
	"gui_light": "front",
	"display": {
		"thirdperson_righthand": {
			"translation": [0, 4.75, 2],
			"scale": [0.75, 0.75, 0.75]
		},
		"thirdperson_lefthand": {
			"translation": [0, 4.75, 2],
			"scale": [0.75, 0.75, 0.75]
		},
		"firstperson_righthand": {
			"rotation": [-13, 5, -12],
			"translation": [3.75, 1.25, -6],
			"scale": [0.75, 0.75, 0.75]
		},
		"firstperson_lefthand": {
			"rotation": [-13, 5, -12],
			"translation": [3.75, 1.25, -6],
			"scale": [0.75, 0.75, 0.75]
		},
		"ground": {
			"rotation": [0, 0, 39],
			"translation": [0, 3, 0],
			"scale": [0.5, 0.5, 0.5]
		},
		"gui": {
			"rotation": [70, -142, 75],
			"translation": [-1, -2.25, 0],
			"scale": [0.5, 0.5, 0.5]
		},
		"fixed": {
			"rotation": [0, 91, 0]
		}
	}
}