{"textures":{"0":"modelengine:entity/tomato_stage"},"elements":[{"from":[2.0,13.0,10.0],"to":[14.0,19.0,10.0],"faces":{"south":{"uv":[1.625,3.25,0.875,3.625],"tintindex":0,"rotation":0,"texture":"#0"},"north":{"uv":[0.875,3.25,1.625,3.625],"tintindex":0,"rotation":0,"texture":"#0"}},"rotation":{"origin":[8.0,13.0,10.0],"angle":45.0,"axis":"x"}},{"from":[10.0,13.0,2.0],"to":[10.0,19.0,14.0],"faces":{"east":{"uv":[0.875,3.25,1.625,3.625],"tintindex":0,"rotation":0,"texture":"#0"},"west":{"uv":[1.625,3.25,0.875,3.625],"tintindex":0,"rotation":0,"texture":"#0"}},"rotation":{"origin":[10.0,13.0,8.0],"angle":-45.0,"axis":"z"}},{"from":[3.0,13.0,8.0],"to":[13.0,21.0,8.0],"faces":{"south":{"uv":[1.5,3.625,0.875,4.125],"tintindex":0,"rotation":0,"texture":"#0"},"north":{"uv":[0.875,3.625,1.5,4.125],"tintindex":0,"rotation":0,"texture":"#0"}},"rotation":{"origin":[8.0,13.0,8.0],"angle":45.0,"axis":"y"}},{"from":[6.0,13.0,2.0],"to":[6.0,19.0,14.0],"faces":{"east":{"uv":[0.875,3.25,1.625,3.625],"tintindex":0,"rotation":0,"texture":"#0"},"west":{"uv":[1.625,3.25,0.875,3.625],"tintindex":0,"rotation":0,"texture":"#0"}},"rotation":{"origin":[6.0,13.0,8.0],"angle":45.0,"axis":"z"}},{"from":[2.0,13.0,6.0],"to":[14.0,19.0,6.0],"faces":{"south":{"uv":[1.625,3.25,0.875,3.625],"tintindex":0,"rotation":0,"texture":"#0"},"north":{"uv":[0.875,3.25,1.625,3.625],"tintindex":0,"rotation":0,"texture":"#0"}},"rotation":{"origin":[8.0,13.0,6.0],"angle":-45.0,"axis":"x"}},{"from":[3.0,13.0,8.0],"to":[13.0,21.0,8.0],"faces":{"south":{"uv":[1.5,3.625,0.875,4.125],"tintindex":0,"rotation":0,"texture":"#0"},"north":{"uv":[0.875,3.625,1.5,4.125],"tintindex":0,"rotation":0,"texture":"#0"}},"rotation":{"origin":[8.0,13.0,8.0],"angle":-45.0,"axis":"y"}},{"from":[1.0,1.0,1.0],"to":[15.0,13.0,15.0],"faces":{"east":{"uv":[0.875,2.5,1.75,3.25],"tintindex":0,"rotation":0,"texture":"#0"},"south":{"uv":[0.875,2.5,1.75,3.25],"tintindex":0,"rotation":0,"texture":"#0"},"north":{"uv":[1.75,2.5,0.875,3.25],"tintindex":0,"rotation":0,"texture":"#0"},"west":{"uv":[1.75,2.5,0.875,3.25],"tintindex":0,"rotation":0,"texture":"#0"},"up":{"uv":[0.0,2.5,0.875,3.375],"tintindex":0,"rotation":0,"texture":"#0"},"down":{"uv":[0.0,3.375,0.875,4.25],"tintindex":0,"rotation":0,"texture":"#0"}}}],"display":{"gui":{"rotation":[30,225,0]}}}