{"textures":{"0":"modelengine:entity/cabbage_stage"},"elements":[{"from":[1.0,13.0,12.0],"to":[15.0,15.0,12.0],"faces":{"south":{"uv":[3.8125,1.625,4.6875,1.75],"tintindex":0,"rotation":0,"texture":"#0"},"north":{"uv":[4.6875,1.625,3.8125,1.75],"tintindex":0,"rotation":0,"texture":"#0"}},"rotation":{"origin":[8.0,13.0,12.0],"angle":22.5,"axis":"x"}},{"from":[1.0,1.0,1.0],"to":[15.0,13.0,1.0],"faces":{"south":{"uv":[3.8125,0.875,4.6875,1.625],"tintindex":0,"rotation":0,"texture":"#0"},"north":{"uv":[4.6875,0.875,3.8125,1.625],"tintindex":0,"rotation":0,"texture":"#0"}},"rotation":{"origin":[8.0,1.0,1.0],"angle":-22.5,"axis":"x"}},{"from":[14.0,1.0,-2.0],"to":[14.0,13.0,6.0],"faces":{"east":{"uv":[4.6875,0.75,5.1875,1.5],"tintindex":0,"rotation":0,"texture":"#0"},"west":{"uv":[5.1875,0.75,4.6875,1.5],"tintindex":0,"rotation":0,"texture":"#0"}},"rotation":{"origin":[14.0,1.0,2.0],"angle":45.0,"axis":"y"}},{"from":[2.0,1.0,10.0],"to":[2.0,13.0,18.0],"faces":{"east":{"uv":[4.6875,0.75,5.1875,1.5],"tintindex":0,"rotation":0,"texture":"#0"},"west":{"uv":[5.1875,0.75,4.6875,1.5],"tintindex":0,"rotation":0,"texture":"#0"}},"rotation":{"origin":[2.0,1.0,14.0],"angle":45.0,"axis":"y"}},{"from":[4.0,13.0,1.0],"to":[4.0,15.0,15.0],"faces":{"east":{"uv":[3.8125,1.625,4.6875,1.75],"tintindex":0,"rotation":0,"texture":"#0"},"west":{"uv":[4.6875,1.625,3.8125,1.75],"tintindex":0,"rotation":0,"texture":"#0"}},"rotation":{"origin":[4.0,13.0,3.0],"angle":22.5,"axis":"z"}},{"from":[15.0,1.0,1.0],"to":[15.0,13.0,15.0],"faces":{"east":{"uv":[3.8125,0.875,4.6875,1.625],"tintindex":0,"rotation":0,"texture":"#0"},"west":{"uv":[4.6875,0.875,3.8125,1.625],"tintindex":0,"rotation":0,"texture":"#0"}},"rotation":{"origin":[15.0,1.0,8.0],"angle":-22.5,"axis":"z"}},{"from":[1.0,1.0,1.0],"to":[15.0,13.0,15.0],"faces":{"east":{"uv":[4.6875,0.0,5.5625,0.75],"tintindex":0,"rotation":0,"texture":"#0"},"south":{"uv":[4.6875,0.0,5.5625,0.75],"tintindex":0,"rotation":0,"texture":"#0"},"north":{"uv":[5.5625,0.0,4.6875,0.75],"tintindex":0,"rotation":0,"texture":"#0"},"west":{"uv":[5.5625,0.0,4.6875,0.75],"tintindex":0,"rotation":0,"texture":"#0"},"up":{"uv":[3.8125,0.0,4.6875,0.875],"tintindex":0,"rotation":0,"texture":"#0"},"down":{"uv":[3.8125,0.0,4.6875,0.875],"tintindex":0,"rotation":0,"texture":"#0"}}},{"from":[1.0,1.0,1.0],"to":[1.0,13.0,15.0],"faces":{"east":{"uv":[3.8125,0.875,4.6875,1.625],"tintindex":0,"rotation":0,"texture":"#0"},"west":{"uv":[4.6875,0.875,3.8125,1.625],"tintindex":0,"rotation":0,"texture":"#0"}},"rotation":{"origin":[1.0,1.0,8.0],"angle":22.5,"axis":"z"}},{"from":[-2.0,1.0,2.0],"to":[6.0,13.0,2.0],"faces":{"south":{"uv":[4.6875,0.75,5.1875,1.5],"tintindex":0,"rotation":0,"texture":"#0"},"north":{"uv":[5.1875,0.75,4.6875,1.5],"tintindex":0,"rotation":0,"texture":"#0"}},"rotation":{"origin":[2.0,1.0,2.0],"angle":45.0,"axis":"y"}},{"from":[1.0,1.0,15.0],"to":[15.0,13.0,15.0],"faces":{"south":{"uv":[3.8125,0.875,4.6875,1.625],"tintindex":0,"rotation":0,"texture":"#0"},"north":{"uv":[4.6875,0.875,3.8125,1.625],"tintindex":0,"rotation":0,"texture":"#0"}},"rotation":{"origin":[8.0,1.0,15.0],"angle":22.5,"axis":"x"}},{"from":[1.0,13.0,4.0],"to":[15.0,15.0,4.0],"faces":{"south":{"uv":[3.8125,1.625,4.6875,1.75],"tintindex":0,"rotation":0,"texture":"#0"},"north":{"uv":[4.6875,1.625,3.8125,1.75],"tintindex":0,"rotation":0,"texture":"#0"}},"rotation":{"origin":[8.0,13.0,4.0],"angle":-22.5,"axis":"x"}},{"from":[12.0,13.0,1.0],"to":[12.0,15.0,15.0],"faces":{"east":{"uv":[3.8125,1.625,4.6875,1.75],"tintindex":0,"rotation":0,"texture":"#0"},"west":{"uv":[4.6875,1.625,3.8125,1.75],"tintindex":0,"rotation":0,"texture":"#0"}},"rotation":{"origin":[12.0,13.0,3.0],"angle":-22.5,"axis":"z"}},{"from":[10.0,1.0,14.0],"to":[18.0,13.0,14.0],"faces":{"south":{"uv":[4.6875,0.75,5.1875,1.5],"tintindex":0,"rotation":0,"texture":"#0"},"north":{"uv":[5.1875,0.75,4.6875,1.5],"tintindex":0,"rotation":0,"texture":"#0"}},"rotation":{"origin":[14.0,1.0,14.0],"angle":45.0,"axis":"y"}}],"display":{"gui":{"rotation":[30,225,0]}}}