{"textures":{"2":"modelengine:entity/azriel_book"},"elements":[{"from":[19.959856,7.073406,-1.875],"to":[23.959856,8.073406,2.125],"faces":{"east":{"uv":[7.75,7.375,8.25,7.5],"tintindex":0,"rotation":0,"texture":"#2"},"south":{"uv":[7.75,7.5,8.25,7.625],"tintindex":0,"rotation":0,"texture":"#2"},"north":{"uv":[7.75,7.25,8.25,7.375],"tintindex":0,"rotation":0,"texture":"#2"},"west":{"uv":[7.75,7.625,8.25,7.75],"tintindex":0,"rotation":0,"texture":"#2"},"up":{"uv":[4.0,6.75,3.5,6.25],"tintindex":0,"rotation":0,"texture":"#2"},"down":{"uv":[4.0,6.75,3.5,7.25],"tintindex":0,"rotation":0,"texture":"#2"}}},{"from":[19.959856,7.073406,19.125],"to":[23.959856,8.073406,23.125],"faces":{"east":{"uv":[1.25,8.0,1.75,8.125],"tintindex":0,"rotation":0,"texture":"#2"},"south":{"uv":[1.75,8.0,2.25,8.125],"tintindex":0,"rotation":0,"texture":"#2"},"north":{"uv":[7.75,7.875,8.25,8.0],"tintindex":0,"rotation":0,"texture":"#2"},"west":{"uv":[2.25,8.0,2.75,8.125],"tintindex":0,"rotation":0,"texture":"#2"},"up":{"uv":[8.25,5.25,7.75,4.75],"tintindex":0,"rotation":0,"texture":"#2"},"down":{"uv":[8.25,5.25,7.75,5.75],"tintindex":0,"rotation":0,"texture":"#2"}}},{"from":[8.503134,8.369507,-0.875],"to":[23.503134,11.369507,22.125],"faces":{"east":{"uv":[7.75,0.0,10.625,0.375],"tintindex":0,"rotation":0,"texture":"#2"},"south":{"uv":[1.25,7.5,3.125,7.875],"tintindex":0,"rotation":0,"texture":"#2"},"north":{"uv":[1.25,7.125,3.125,7.5],"tintindex":0,"rotation":0,"texture":"#2"},"west":{"uv":[7.75,0.375,10.625,0.75],"tintindex":0,"rotation":0,"texture":"#2"},"up":{"uv":[5.875,2.875,4.0,0.0],"tintindex":0,"rotation":0,"texture":"#2"},"down":{"uv":[5.875,2.875,4.0,5.75],"tintindex":0,"rotation":0,"texture":"#2"}}},{"from":[7.959856,8.073406,-1.875],"to":[23.959856,9.073406,23.125],"faces":{"east":{"uv":[7.75,3.75,10.875,3.875],"tintindex":0,"rotation":0,"texture":"#2"},"south":{"uv":[7.75,4.375,9.75,4.5],"tintindex":0,"rotation":0,"texture":"#2"},"north":{"uv":[7.75,4.25,9.75,4.375],"tintindex":0,"rotation":0,"texture":"#2"},"west":{"uv":[7.75,3.875,10.875,4.0],"tintindex":0,"rotation":0,"texture":"#2"},"up":{"uv":[2.0,3.125,0.0,0.0],"tintindex":0,"rotation":0,"texture":"#2"},"down":{"uv":[2.0,3.125,4.0,6.25],"tintindex":0,"rotation":0,"texture":"#2"}}},{"from":[11.503134,10.369507,-4.875],"to":[20.503134,10.369507,-0.875],"faces":{"up":{"uv":[8.875,3.25,7.75,2.75],"tintindex":0,"rotation":0,"texture":"#2"},"down":{"uv":[7.75,2.75,8.875,3.25],"tintindex":0,"rotation":0,"texture":"#2"}}},{"from":[11.503134,8.248478,-10.995613],"to":[20.503134,8.248478,-3.995613],"faces":{"up":{"uv":[2.375,7.125,1.25,6.25],"tintindex":0,"rotation":0,"texture":"#2"},"down":{"uv":[1.25,6.25,2.375,7.125],"tintindex":0,"rotation":0,"texture":"#2"}},"rotation":{"origin":[15.003133,8.248478,-6.995613],"angle":-45.0,"axis":"x"}}],"display":{"gui":{"rotation":[30,225,0]}}}