{"textures":{"5":"modelengine:entity/azriel_parts"},"elements":[{"from":[6.5,4.0,0.9291105],"to":[9.5,9.0,3.9291105],"faces":{"east":{"uv":[4.25,9.5,4.0625,9.8125],"tintindex":0,"rotation":0,"texture":"#5"},"south":{"uv":[4.0625,9.5,3.875,9.8125],"tintindex":0,"rotation":0,"texture":"#5"},"north":{"uv":[9.6875,3.1875,9.5,3.5],"tintindex":0,"rotation":0,"texture":"#5"},"west":{"uv":[3.5,9.5,3.3125,9.8125],"tintindex":0,"rotation":0,"texture":"#5"},"up":{"uv":[9.5,7.3125,9.6875,7.125],"tintindex":0,"rotation":0,"texture":"#5"},"down":{"uv":[9.5,7.3125,9.6875,7.5],"tintindex":0,"rotation":0,"texture":"#5"}},"rotation":{"origin":[8.0,6.5,2.4291105],"angle":22.5,"axis":"x"}},{"from":[6.5,-0.2356739,0.08658314],"to":[9.5,4.764326,0.08658314],"faces":{"south":{"uv":[9.5,5.1875,9.6875,5.5],"tintindex":0,"rotation":0,"texture":"#5"},"north":{"uv":[9.6875,5.1875,9.5,5.5],"tintindex":0,"rotation":0,"texture":"#5"}}},{"from":[6.5,6.383724,2.0],"to":[9.5,9.383724,8.0],"faces":{"east":{"uv":[8.6875,9.4375,8.3125,9.625],"tintindex":0,"rotation":0,"texture":"#5"},"south":{"uv":[9.6875,6.1875,9.5,6.375],"tintindex":0,"rotation":0,"texture":"#5"},"north":{"uv":[9.6875,6.0,9.5,6.1875],"tintindex":0,"rotation":0,"texture":"#5"},"west":{"uv":[2.0,9.4375,1.625,9.625],"tintindex":0,"rotation":0,"texture":"#5"},"up":{"uv":[8.4375,1.75,8.625,1.375],"tintindex":0,"rotation":0,"texture":"#5"},"down":{"uv":[6.3125,9.375,6.5,9.75],"tintindex":0,"rotation":0,"texture":"#5"}}}],"display":{"gui":{"rotation":[30,225,0]}}}