{"textures":{"5":"modelengine:entity/azriel_parts"},"elements":[{"from":[11.7220745,-0.65745735,4.0],"to":[11.7220745,11.342541,14.0],"faces":{"east":{"uv":[1.625,8.375,1.0,9.125],"tintindex":0,"rotation":0,"texture":"#5"},"west":{"uv":[1.0,8.375,1.625,9.125],"tintindex":0,"rotation":0,"texture":"#5"}},"rotation":{"origin":[11.7220745,3.8425426,8.5],"angle":22.5,"axis":"z"}},{"from":[6.0,-4.0,3.0],"to":[9.0,8.0,12.0],"faces":{"east":{"uv":[7.8125,8.5,7.25,9.25],"tintindex":0,"rotation":0,"texture":"#5"},"south":{"uv":[2.625,9.3125,2.4375,10.0625],"tintindex":0,"rotation":0,"texture":"#5"},"north":{"uv":[1.625,9.125,1.4375,9.875],"tintindex":0,"rotation":0,"texture":"#5"},"west":{"uv":[9.0,6.375,8.4375,7.125],"tintindex":0,"rotation":0,"texture":"#5"},"up":{"uv":[5.625,9.875,5.8125,9.3125],"tintindex":0,"rotation":0,"texture":"#5"},"down":{"uv":[5.8125,9.3125,6.0,9.875],"tintindex":0,"rotation":0,"texture":"#5"}}}],"display":{"gui":{"rotation":[30,225,0]}}}