{"textures":{"5":"modelengine:entity/azriel_parts"},"elements":[{"from":[7.0,-4.5,4.5],"to":[9.5,4.0,8.0],"faces":{"east":{"uv":[4.375,8.4375,3.9375,9.5],"tintindex":0,"rotation":0,"texture":"#5"},"south":{"uv":[3.0,8.75,2.6875,9.8125],"tintindex":0,"rotation":0,"texture":"#5"},"north":{"uv":[3.875,8.5,3.5625,9.5625],"tintindex":0,"rotation":0,"texture":"#5"},"west":{"uv":[2.0625,8.375,1.625,9.4375],"tintindex":0,"rotation":0,"texture":"#5"},"up":{"uv":[6.5625,9.1875,6.875,8.75],"tintindex":0,"rotation":0,"texture":"#5"},"down":{"uv":[5.3125,9.3125,5.625,9.75],"tintindex":0,"rotation":0,"texture":"#5"}}},{"from":[6.5,4.0,4.5],"to":[9.5,8.0,8.0],"faces":{"east":{"uv":[9.625,2.3125,9.1875,2.8125],"tintindex":0,"rotation":0,"texture":"#5"},"south":{"uv":[6.9375,9.25,6.5625,9.75],"tintindex":0,"rotation":0,"texture":"#5"},"north":{"uv":[5.3125,9.25,4.9375,9.75],"tintindex":0,"rotation":0,"texture":"#5"},"west":{"uv":[6.9375,4.0,6.5,4.5],"tintindex":0,"rotation":0,"texture":"#5"},"up":{"uv":[2.0625,9.75,2.4375,9.3125],"tintindex":0,"rotation":0,"texture":"#5"},"down":{"uv":[9.3125,4.4375,9.6875,4.875],"tintindex":0,"rotation":0,"texture":"#5"}}}],"display":{"gui":{"rotation":[30,225,0]}}}