{"textures":{"5":"modelengine:entity/azriel_parts"},"elements":[{"from":[0.4249344,-2.1089497,6.5],"to":[8.424934,0.89105034,9.5],"faces":{"east":{"uv":[9.6875,5.8125,9.5,6.0],"tintindex":0,"rotation":0,"texture":"#5"},"south":{"uv":[9.9375,1.1875,9.4375,1.375],"tintindex":0,"rotation":0,"texture":"#5"},"north":{"uv":[9.8125,8.8125,9.3125,9.0],"tintindex":0,"rotation":0,"texture":"#5"},"west":{"uv":[7.1875,5.25,7.0,5.4375],"tintindex":0,"rotation":0,"texture":"#5"},"up":{"uv":[9.1875,9.625,9.6875,9.4375],"tintindex":0,"rotation":0,"texture":"#5"},"down":{"uv":[0.0,9.5,0.5,9.6875],"tintindex":0,"rotation":0,"texture":"#5"}},"rotation":{"origin":[5.9249344,-0.10894966,7.5],"angle":22.5,"axis":"z"}},{"from":[6.0,-1.0,6.5],"to":[8.0,8.0,9.5],"faces":{"east":{"uv":[9.5,8.25,9.3125,8.8125],"tintindex":0,"rotation":0,"texture":"#5"},"south":{"uv":[4.5,8.4375,4.375,9.0],"tintindex":0,"rotation":0,"texture":"#5"},"north":{"uv":[3.375,6.6875,3.25,7.25],"tintindex":0,"rotation":0,"texture":"#5"},"west":{"uv":[9.5,5.8125,9.3125,6.375],"tintindex":0,"rotation":0,"texture":"#5"},"up":{"uv":[3.25,7.4375,3.375,7.25],"tintindex":0,"rotation":0,"texture":"#5"},"down":{"uv":[2.125,7.5625,2.25,7.75],"tintindex":0,"rotation":0,"texture":"#5"}}},{"from":[-3.5123568,-6.182788,6.5],"to":[2.4876432,-6.182788,9.5],"faces":{"up":{"uv":[9.5,3.0,9.875,2.8125],"tintindex":0,"rotation":0,"texture":"#5"},"down":{"uv":[9.5,2.8125,9.875,3.0],"tintindex":0,"rotation":0,"texture":"#5"}},"rotation":{"origin":[-0.51235676,-6.182788,8.0],"angle":45.0,"axis":"z"}}],"display":{"gui":{"rotation":[30,225,0]}}}