{
	"credit": "Made with Blockbench",
	"texture_size": [256, 256],
	"textures": {
		"1": "modelengine:entity/lr_gryffin"
	},
	"elements": [
		{
			"from": [4.83541, 4.00092, 12.82257],
			"to": [4.83541, 16.00092, 22.82257],
			"rotation": {"angle": -22.5, "axis": "y", "origin": [8.5, 12.05081, 7.29747]},
			"faces": {
				"north": {"uv": [0, 0, 0, 0.75], "texture": "#1"},
				"east": {"uv": [1.875, 8.1875, 2.5, 8.9375], "texture": "#1"},
				"south": {"uv": [0, 0, 0, 0.75], "texture": "#1"},
				"west": {"uv": [0, 8.25, 0.625, 9], "texture": "#1"},
				"up": {"uv": [0, 0.625, 0, 0], "texture": "#1"},
				"down": {"uv": [0, 0, 0, 0.625], "texture": "#1"}
			}
		},
		{
			"from": [3, 4, 1],
			"to": [14, 16, 15],
			"rotation": {"angle": 0, "axis": "y", "origin": [8.5, 12.05081, 7.29747]},
			"faces": {
				"north": {"uv": [7.875, 0, 8.5625, 0.75], "texture": "#1"},
				"east": {"uv": [7.4375, 3.6875, 8.3125, 4.4375], "texture": "#1"},
				"south": {"uv": [8.0625, 7.9375, 8.75, 8.6875], "texture": "#1"},
				"west": {"uv": [3, 7.5, 3.875, 8.25], "texture": "#1"},
				"up": {"uv": [4.875, 6.0625, 4.1875, 5.1875], "texture": "#1"},
				"down": {"uv": [8.0625, 7.5625, 7.375, 8.4375], "texture": "#1"}
			}
		},
		{
			"from": [3, 20.28882, 9.95148],
			"to": [14, 20.28882, 17.95148],
			"rotation": {"angle": 45, "axis": "x", "origin": [8.5, 12.05081, 7.29747]},
			"faces": {
				"north": {"uv": [0, 0, 0.6875, 0], "texture": "#1"},
				"east": {"uv": [0, 0, 0.5, 0], "texture": "#1"},
				"south": {"uv": [0, 0, 0.6875, 0], "texture": "#1"},
				"west": {"uv": [0, 0, 0.5, 0], "texture": "#1"},
				"up": {"uv": [9.25, 0.5, 8.5625, 0], "texture": "#1"},
				"down": {"uv": [9.375, 8.6875, 8.6875, 9.1875], "texture": "#1"}
			}
		},
		{
			"from": [3, 14.28249, 12.22945],
			"to": [12, 14.28249, 19.22945],
			"rotation": {"angle": -22.5, "axis": "x", "origin": [8.5, 12.05081, 7.29747]},
			"faces": {
				"north": {"uv": [0, 0, 0.5625, 0], "texture": "#1"},
				"east": {"uv": [0, 0, 0.4375, 0], "texture": "#1"},
				"south": {"uv": [0, 0, 0.5625, 0], "texture": "#1"},
				"west": {"uv": [0, 0, 0.4375, 0], "texture": "#1"},
				"up": {"uv": [0.5625, 9.4375, 0, 9], "texture": "#1"},
				"down": {"uv": [5.5625, 9.0625, 5, 9.5], "texture": "#1"}
			}
		},
		{
			"from": [5, 1.54856, -1.70195],
			"to": [12, 6.54856, 5.29805],
			"rotation": {"angle": 22.5, "axis": "x", "origin": [8.5, 12.05081, 7.29747]},
			"faces": {
				"north": {"uv": [6.5, 9.375, 6.9375, 9.6875], "texture": "#1"},
				"east": {"uv": [9.375, 8.5625, 9.8125, 8.875], "texture": "#1"},
				"south": {"uv": [9.375, 8.875, 9.8125, 9.1875], "texture": "#1"},
				"west": {"uv": [9.375, 9.1875, 9.8125, 9.5], "texture": "#1"},
				"up": {"uv": [4.9375, 9.5625, 4.5, 9.125], "texture": "#1"},
				"down": {"uv": [1.875, 9.1875, 1.4375, 9.625], "texture": "#1"}
			}
		},
		{
			"from": [4, 8, -8],
			"to": [13, 15, 1],
			"rotation": {"angle": 0, "axis": "y", "origin": [8.5, 12.05081, 7.29747]},
			"faces": {
				"north": {"uv": [9.125, 3.6875, 9.6875, 4.125], "texture": "#1"},
				"east": {"uv": [9.125, 4.125, 9.6875, 4.5625], "texture": "#1"},
				"south": {"uv": [9.125, 4.5625, 9.6875, 5], "texture": "#1"},
				"west": {"uv": [0.875, 9.1875, 1.4375, 9.625], "texture": "#1"},
				"up": {"uv": [7.0625, 9.375, 6.5, 8.8125], "texture": "#1"},
				"down": {"uv": [9.4375, 0.9375, 8.875, 1.5], "texture": "#1"}
			}
		},
		{
			"from": [0.77409, 14, 2.43188],
			"to": [3.77409, 17, 8.43188],
			"rotation": {"angle": -22.5, "axis": "y", "origin": [8.5, 12.05081, 7.29747]},
			"faces": {
				"north": {"uv": [9.9375, 3.8125, 10.125, 4], "texture": "#1"},
				"east": {"uv": [8.3125, 9.6875, 8.6875, 9.875], "texture": "#1"},
				"south": {"uv": [9.9375, 4, 10.125, 4.1875], "texture": "#1"},
				"west": {"uv": [2.125, 9.75, 2.5, 9.9375], "texture": "#1"},
				"up": {"uv": [6.1875, 8.25, 6, 7.875], "texture": "#1"},
				"down": {"uv": [8.75, 1.5, 8.5625, 1.875], "texture": "#1"}
			}
		},
		{
			"from": [0.77409, 14, 4.43188],
			"to": [0.77409, 18, 18.43188],
			"rotation": {"angle": -22.5, "axis": "y", "origin": [8.5, 12.05081, 7.29747]},
			"faces": {
				"north": {"uv": [0, 0, 0, 0.25], "texture": "#1"},
				"east": {"uv": [8.75, 8.3125, 9.625, 8.5625], "texture": "#1"},
				"south": {"uv": [0, 0, 0, 0.25], "texture": "#1"},
				"west": {"uv": [8.875, 5, 9.75, 5.25], "texture": "#1"},
				"up": {"uv": [0, 0.875, 0, 0], "texture": "#1"},
				"down": {"uv": [0, 0, 0, 0.875], "texture": "#1"}
			}
		},
		{
			"from": [5.60614, 9.5, 11.18324],
			"to": [5.60614, 17.5, 29.18324],
			"rotation": {"angle": -22.5, "axis": "y", "origin": [8.5, 12.05081, 7.29747]},
			"faces": {
				"north": {"uv": [0, 0, 0, 0.5], "texture": "#1"},
				"east": {"uv": [7.8125, 2.3125, 8.9375, 2.8125], "texture": "#1"},
				"south": {"uv": [0, 0, 0, 0.5], "texture": "#1"},
				"west": {"uv": [7.8125, 2.8125, 8.9375, 3.3125], "texture": "#1"},
				"up": {"uv": [0, 1.125, 0, 0], "texture": "#1"},
				"down": {"uv": [0, 0, 0, 1.125], "texture": "#1"}
			}
		},
		{
			"from": [13.22591, 14, 2.43188],
			"to": [16.22591, 17, 8.43188],
			"rotation": {"angle": 22.5, "axis": "y", "origin": [8.5, 12.05081, 7.29747]},
			"faces": {
				"north": {"uv": [10.125, 3.8125, 9.9375, 4], "texture": "#1"},
				"east": {"uv": [2.5, 9.75, 2.125, 9.9375], "texture": "#1"},
				"south": {"uv": [10.125, 4, 9.9375, 4.1875], "texture": "#1"},
				"west": {"uv": [8.6875, 9.6875, 8.3125, 9.875], "texture": "#1"},
				"up": {"uv": [6, 8.25, 6.1875, 7.875], "texture": "#1"},
				"down": {"uv": [8.5625, 1.5, 8.75, 1.875], "texture": "#1"}
			}
		},
		{
			"from": [16.22591, 14, 4.43188],
			"to": [16.22591, 18, 18.43188],
			"rotation": {"angle": 22.5, "axis": "y", "origin": [8.5, 12.05081, 7.29747]},
			"faces": {
				"north": {"uv": [0, 0, 0, 0.25], "texture": "#1"},
				"east": {"uv": [9.75, 5, 8.875, 5.25], "texture": "#1"},
				"south": {"uv": [0, 0, 0, 0.25], "texture": "#1"},
				"west": {"uv": [9.625, 8.3125, 8.75, 8.5625], "texture": "#1"},
				"up": {"uv": [0, 0.875, 0, 0], "texture": "#1"},
				"down": {"uv": [0, 0, 0, 0.875], "texture": "#1"}
			}
		},
		{
			"from": [11.39386, 9.5, 11.18324],
			"to": [11.39386, 17.5, 29.18324],
			"rotation": {"angle": 22.5, "axis": "y", "origin": [8.5, 12.05081, 7.29747]},
			"faces": {
				"north": {"uv": [0, 0, 0, 0.5], "texture": "#1"},
				"east": {"uv": [8.9375, 2.8125, 7.8125, 3.3125], "texture": "#1"},
				"south": {"uv": [0, 0, 0, 0.5], "texture": "#1"},
				"west": {"uv": [8.9375, 2.3125, 7.8125, 2.8125], "texture": "#1"},
				"up": {"uv": [0, 1.125, 0, 0], "texture": "#1"},
				"down": {"uv": [0, 0, 0, 1.125], "texture": "#1"}
			}
		},
		{
			"from": [12.16459, 4.00092, 12.82257],
			"to": [12.16459, 16.00092, 22.82257],
			"rotation": {"angle": 22.5, "axis": "y", "origin": [8.5, 12.05081, 7.29747]},
			"faces": {
				"north": {"uv": [0, 0, 0, 0.75], "texture": "#1"},
				"east": {"uv": [0.625, 8.25, 0, 9], "texture": "#1"},
				"south": {"uv": [0, 0, 0, 0.75], "texture": "#1"},
				"west": {"uv": [2.5, 8.1875, 1.875, 8.9375], "texture": "#1"},
				"up": {"uv": [0, 0.625, 0, 0], "texture": "#1"},
				"down": {"uv": [0, 0, 0, 0.625], "texture": "#1"}
			}
		}
	],
	"gui_light": "front",
	"display": {
		"gui": {
			"rotation": [42, -137, 22],
			"translation": [0.75, -2.75, 0],
			"scale": [0.5, 0.5, 0.5]
		}
	},
	"groups": [
		{
			"name": "h_head",
			"origin": [-0.5, 2.5, 5],
			"color": 0,
			"children": [0, 1, 2, 3, 4, 5, 6, 7, 8, 9, 10, 11, 12]
		}
	]
}