{"textures":{"0":"modelengine:entity/anubis_pet"},"elements":[{"from":[4.0,9.5,9.0],"to":[5.0,11.5,14.0],"faces":{"east":{"uv":[10.0,3.5,11.25,4.0],"tintindex":0,"rotation":0,"texture":"#0"},"south":{"uv":[6.0,11.0,6.25,11.5],"tintindex":0,"rotation":0,"texture":"#0"},"north":{"uv":[10.25,4.0,10.5,4.5],"tintindex":0,"rotation":0,"texture":"#0"},"west":{"uv":[10.0,8.75,11.25,9.25],"tintindex":0,"rotation":0,"texture":"#0"},"up":{"uv":[2.25,10.75,2.0,9.5],"tintindex":0,"rotation":0,"texture":"#0"},"down":{"uv":[4.75,11.0,4.5,12.25],"tintindex":0,"rotation":0,"texture":"#0"}},"rotation":{"origin":[4.5,10.5,9.25],"angle":-22.5,"axis":"x"}},{"from":[6.0,11.5,5.0],"to":[10.0,12.5,8.0],"faces":{"east":{"uv":[9.5,8.0,10.25,8.25],"tintindex":0,"rotation":0,"texture":"#0"},"south":{"uv":[10.25,0.75,11.25,1.0],"tintindex":0,"rotation":0,"texture":"#0"},"north":{"uv":[8.5,6.5,9.5,6.75],"tintindex":0,"rotation":0,"texture":"#0"},"west":{"uv":[11.25,1.75,12.0,2.0],"tintindex":0,"rotation":0,"texture":"#0"},"up":{"uv":[4.25,9.5,3.25,8.75],"tintindex":0,"rotation":0,"texture":"#0"},"down":{"uv":[5.75,8.75,4.75,9.5],"tintindex":0,"rotation":0,"texture":"#0"}}},{"from":[5.5,7.0,4.0],"to":[10.5,12.0,8.0],"faces":{"east":{"uv":[3.25,7.5,4.25,8.75],"tintindex":0,"rotation":0,"texture":"#0"},"south":{"uv":[6.75,1.0,8.0,2.25],"tintindex":0,"rotation":0,"texture":"#0"},"north":{"uv":[0.0,6.75,1.25,8.0],"tintindex":0,"rotation":0,"texture":"#0"},"west":{"uv":[7.75,2.25,8.75,3.5],"tintindex":0,"rotation":0,"texture":"#0"},"up":{"uv":[1.25,9.0,0.0,8.0],"tintindex":0,"rotation":0,"texture":"#0"},"down":{"uv":[9.25,1.0,8.0,2.0],"tintindex":0,"rotation":0,"texture":"#0"}}},{"from":[4.0,7.5,9.0],"to":[5.0,9.5,12.0],"faces":{"east":{"uv":[11.0,5.75,11.75,6.25],"tintindex":0,"rotation":0,"texture":"#0"},"south":{"uv":[6.25,11.25,6.5,11.75],"tintindex":0,"rotation":0,"texture":"#0"},"north":{"uv":[5.25,11.25,5.5,11.75],"tintindex":0,"rotation":0,"texture":"#0"},"west":{"uv":[11.0,6.25,11.75,6.75],"tintindex":0,"rotation":0,"texture":"#0"},"up":{"uv":[7.75,3.0,7.5,2.25],"tintindex":0,"rotation":0,"texture":"#0"},"down":{"uv":[8.75,9.25,8.5,10.0],"tintindex":0,"rotation":0,"texture":"#0"}}},{"from":[11.0,11.5,12.0],"to":[12.0,12.5,14.0],"faces":{"east":{"uv":[11.75,3.75,11.25,4.0],"tintindex":0,"rotation":0,"texture":"#0"},"south":{"uv":[8.0,8.0,7.75,8.25],"tintindex":0,"rotation":0,"texture":"#0"},"north":{"uv":[3.25,6.0,3.0,6.25],"tintindex":0,"rotation":0,"texture":"#0"},"west":{"uv":[10.5,5.75,10.0,6.0],"tintindex":0,"rotation":0,"texture":"#0"},"up":{"uv":[6.5,11.75,6.75,11.25],"tintindex":0,"rotation":0,"texture":"#0"},"down":{"uv":[7.75,11.25,8.0,11.75],"tintindex":0,"rotation":0,"texture":"#0"}},"rotation":{"origin":[11.5,10.5,9.25],"angle":-22.5,"axis":"x"}},{"from":[5.0,6.5,5.0],"to":[11.0,9.5,8.0],"faces":{"east":{"uv":[5.5,10.25,6.25,11.0],"tintindex":0,"rotation":0,"texture":"#0"},"south":{"uv":[6.25,8.0,7.75,8.75],"tintindex":0,"rotation":0,"texture":"#0"},"north":{"uv":[4.75,8.0,6.25,8.75],"tintindex":0,"rotation":0,"texture":"#0"},"west":{"uv":[10.25,7.0,11.0,7.75],"tintindex":0,"rotation":0,"texture":"#0"},"up":{"uv":[9.5,7.5,8.0,6.75],"tintindex":0,"rotation":0,"texture":"#0"},"down":{"uv":[9.5,7.5,8.0,8.25],"tintindex":0,"rotation":0,"texture":"#0"}}},{"from":[6.5,7.0,0.0],"to":[9.5,11.0,4.0],"faces":{"east":{"uv":[5.75,8.75,6.75,9.75],"tintindex":0,"rotation":0,"texture":"#0"},"south":{"uv":[9.75,2.0,10.5,3.0],"tintindex":0,"rotation":0,"texture":"#0"},"north":{"uv":[9.5,7.0,10.25,8.0],"tintindex":0,"rotation":0,"texture":"#0"},"west":{"uv":[6.75,8.75,7.75,9.75],"tintindex":0,"rotation":0,"texture":"#0"},"up":{"uv":[4.0,10.75,3.25,9.75],"tintindex":0,"rotation":0,"texture":"#0"},"down":{"uv":[5.5,9.75,4.75,10.75],"tintindex":0,"rotation":0,"texture":"#0"}}},{"from":[11.0,9.5,9.0],"to":[12.0,11.5,14.0],"faces":{"east":{"uv":[11.25,8.75,10.0,9.25],"tintindex":0,"rotation":0,"texture":"#0"},"south":{"uv":[6.25,11.0,6.0,11.5],"tintindex":0,"rotation":0,"texture":"#0"},"north":{"uv":[10.5,4.0,10.25,4.5],"tintindex":0,"rotation":0,"texture":"#0"},"west":{"uv":[11.25,3.5,10.0,4.0],"tintindex":0,"rotation":0,"texture":"#0"},"up":{"uv":[2.0,10.75,2.25,9.5],"tintindex":0,"rotation":0,"texture":"#0"},"down":{"uv":[4.5,11.0,4.75,12.25],"tintindex":0,"rotation":0,"texture":"#0"}},"rotation":{"origin":[11.5,10.5,9.25],"angle":-22.5,"axis":"x"}},{"from":[3.5,9.0,7.5],"to":[12.5,18.0,7.5],"faces":{"south":{"uv":[2.25,0.0,0.0,2.25],"tintindex":0,"rotation":0,"texture":"#0"},"north":{"uv":[0.0,0.0,2.25,2.25],"tintindex":0,"rotation":0,"texture":"#0"}}},{"from":[5.0,6.5,8.0],"to":[11.0,12.5,10.0],"faces":{"east":{"uv":[1.75,4.5,2.25,6.0],"tintindex":0,"rotation":0,"texture":"#0"},"south":{"uv":[3.25,2.5,4.75,4.0],"tintindex":0,"rotation":0,"texture":"#0"},"north":{"uv":[3.25,1.0,4.75,2.5],"tintindex":0,"rotation":0,"texture":"#0"},"west":{"uv":[9.5,4.5,10.0,6.0],"tintindex":0,"rotation":0,"texture":"#0"},"up":{"uv":[11.0,6.5,9.5,6.0],"tintindex":0,"rotation":0,"texture":"#0"},"down":{"uv":[11.0,6.5,9.5,7.0],"tintindex":0,"rotation":0,"texture":"#0"}}},{"from":[4.0,11.5,12.0],"to":[5.0,12.5,14.0],"faces":{"east":{"uv":[10.0,5.75,10.5,6.0],"tintindex":0,"rotation":0,"texture":"#0"},"south":{"uv":[7.75,8.0,8.0,8.25],"tintindex":0,"rotation":0,"texture":"#0"},"north":{"uv":[3.0,6.0,3.25,6.25],"tintindex":0,"rotation":0,"texture":"#0"},"west":{"uv":[11.25,3.75,11.75,4.0],"tintindex":0,"rotation":0,"texture":"#0"},"up":{"uv":[6.75,11.75,6.5,11.25],"tintindex":0,"rotation":0,"texture":"#0"},"down":{"uv":[8.0,11.25,7.75,11.75],"tintindex":0,"rotation":0,"texture":"#0"}},"rotation":{"origin":[4.5,10.5,9.25],"angle":-22.5,"axis":"x"}},{"from":[11.0,7.5,9.0],"to":[12.0,9.5,12.0],"faces":{"east":{"uv":[11.75,6.25,11.0,6.75],"tintindex":0,"rotation":0,"texture":"#0"},"south":{"uv":[6.5,11.25,6.25,11.75],"tintindex":0,"rotation":0,"texture":"#0"},"north":{"uv":[5.5,11.25,5.25,11.75],"tintindex":0,"rotation":0,"texture":"#0"},"west":{"uv":[11.75,5.75,11.0,6.25],"tintindex":0,"rotation":0,"texture":"#0"},"up":{"uv":[7.5,3.0,7.75,2.25],"tintindex":0,"rotation":0,"texture":"#0"},"down":{"uv":[8.5,9.25,8.75,10.0],"tintindex":0,"rotation":0,"texture":"#0"}}}],"display":{"gui":{"rotation":[30,225,0]}}}