{"textures":{"0":"modelengine:entity/anubis_pet"},"elements":[{"from":[3.5,8.0,8.0],"to":[6.5,10.0,9.0],"faces":{"east":{"uv":[4.0,9.75,4.25,10.25],"tintindex":0,"rotation":0,"texture":"#0"},"south":{"uv":[2.0,10.75,2.75,11.25],"tintindex":0,"rotation":0,"texture":"#0"},"north":{"uv":[10.5,3.0,11.25,3.5],"tintindex":0,"rotation":0,"texture":"#0"},"west":{"uv":[1.0,10.0,1.25,10.5],"tintindex":0,"rotation":0,"texture":"#0"},"up":{"uv":[3.0,7.5,2.25,7.25],"tintindex":0,"rotation":0,"texture":"#0"},"down":{"uv":[8.75,2.0,8.0,2.25],"tintindex":0,"rotation":0,"texture":"#0"}},"rotation":{"origin":[6.0,9.0,8.5],"angle":-22.5,"axis":"z"}},{"from":[4.5,6.0,6.0],"to":[8.5,10.0,11.0],"faces":{"east":{"uv":[6.75,7.0,8.0,8.0],"tintindex":0,"rotation":0,"texture":"#0"},"south":{"uv":[8.75,2.0,9.75,3.0],"tintindex":0,"rotation":0,"texture":"#0"},"north":{"uv":[8.5,5.5,9.5,6.5],"tintindex":0,"rotation":0,"texture":"#0"},"west":{"uv":[7.25,0.0,8.5,1.0],"tintindex":0,"rotation":0,"texture":"#0"},"up":{"uv":[2.25,8.5,1.25,7.25],"tintindex":0,"rotation":0,"texture":"#0"},"down":{"uv":[3.25,7.5,2.25,8.75],"tintindex":0,"rotation":0,"texture":"#0"}}},{"from":[5.5,4.0,7.0],"to":[7.5,6.0,10.0],"faces":{"east":{"uv":[2.75,10.75,3.5,11.25],"tintindex":0,"rotation":0,"texture":"#0"},"south":{"uv":[11.0,6.75,11.5,7.25],"tintindex":0,"rotation":0,"texture":"#0"},"north":{"uv":[6.75,11.0,7.25,11.5],"tintindex":0,"rotation":0,"texture":"#0"},"west":{"uv":[4.75,10.75,5.5,11.25],"tintindex":0,"rotation":0,"texture":"#0"},"up":{"uv":[0.5,11.5,0.0,10.75],"tintindex":0,"rotation":0,"texture":"#0"},"down":{"uv":[4.0,10.75,3.5,11.5],"tintindex":0,"rotation":0,"texture":"#0"}}}],"display":{"gui":{"rotation":[30,225,0]}}}