{"textures":{"0":"modelengine:entity/anubis_pet"},"elements":[{"from":[7.5,4.8795476,6.5782156],"to":[10.5,8.879547,9.578216],"faces":{"east":{"uv":[2.0,9.5,1.25,10.5],"tintindex":0,"rotation":0,"texture":"#0"},"south":{"uv":[10.25,0.0,9.5,1.0],"tintindex":0,"rotation":0,"texture":"#0"},"north":{"uv":[8.5,9.25,7.75,10.25],"tintindex":0,"rotation":0,"texture":"#0"},"west":{"uv":[10.0,8.75,9.25,9.75],"tintindex":0,"rotation":0,"texture":"#0"},"up":{"uv":[4.25,7.0,5.0,6.25],"tintindex":0,"rotation":0,"texture":"#0"},"down":{"uv":[6.75,2.25,7.5,3.0],"tintindex":0,"rotation":0,"texture":"#0"}}}],"display":{"gui":{"rotation":[30,225,0]}}}