{"textures":{"0":"modelengine:entity/anubis_pet"},"elements":[{"from":[7.0,4.0,8.0],"to":[9.0,8.0,10.0],"faces":{"east":{"uv":[9.75,10.25,9.25,11.25],"tintindex":0,"rotation":0,"texture":"#0"},"south":{"uv":[8.75,10.25,8.25,11.25],"tintindex":0,"rotation":0,"texture":"#0"},"north":{"uv":[6.75,10.25,6.25,11.25],"tintindex":0,"rotation":0,"texture":"#0"},"west":{"uv":[8.25,10.25,7.75,11.25],"tintindex":0,"rotation":0,"texture":"#0"},"up":{"uv":[1.25,7.25,1.75,6.75],"tintindex":0,"rotation":0,"texture":"#0"},"down":{"uv":[10.0,9.25,10.5,9.75],"tintindex":0,"rotation":0,"texture":"#0"}}}],"display":{"gui":{"rotation":[30,225,0]}}}