{"textures":{"0":"modelengine:entity/anubis_pet"},"elements":[{"from":[6.0,7.0,0.5],"to":[8.0,9.0,20.5],"faces":{"east":{"uv":[7.25,0.0,2.25,0.5],"tintindex":0,"rotation":0,"texture":"#0"},"south":{"uv":[11.5,8.25,11.0,8.75],"tintindex":0,"rotation":0,"texture":"#0"},"north":{"uv":[11.5,7.75,11.0,8.25],"tintindex":0,"rotation":0,"texture":"#0"},"west":{"uv":[7.25,0.0,2.25,0.5],"tintindex":0,"rotation":0,"texture":"#0"},"up":{"uv":[2.25,6.0,2.75,1.0],"tintindex":0,"rotation":0,"texture":"#0"},"down":{"uv":[2.75,1.0,3.25,6.0],"tintindex":0,"rotation":0,"texture":"#0"}}},{"from":[6.0,2.0,-7.5],"to":[8.0,6.0,-5.5],"faces":{"east":{"uv":[11.0,7.75,10.5,8.75],"tintindex":0,"rotation":0,"texture":"#0"},"south":{"uv":[9.25,10.5,8.75,11.5],"tintindex":0,"rotation":0,"texture":"#0"},"north":{"uv":[11.0,5.0,10.5,6.0],"tintindex":0,"rotation":0,"texture":"#0"},"west":{"uv":[11.0,7.75,10.5,8.75],"tintindex":0,"rotation":0,"texture":"#0"},"up":{"uv":[11.25,3.75,11.75,3.25],"tintindex":0,"rotation":0,"texture":"#0"},"down":{"uv":[4.75,11.25,5.25,11.75],"tintindex":0,"rotation":0,"texture":"#0"}}},{"from":[6.5,5.249384,-9.280949],"to":[7.5,7.249384,-4.2809496],"faces":{"east":{"uv":[5.5,9.75,6.75,10.25],"tintindex":0,"rotation":0,"texture":"#0"},"south":{"uv":[0.75,11.25,0.5,11.75],"tintindex":0,"rotation":0,"texture":"#0"},"north":{"uv":[11.0,11.0,10.75,11.5],"tintindex":0,"rotation":0,"texture":"#0"},"west":{"uv":[6.75,9.75,5.5,10.25],"tintindex":0,"rotation":0,"texture":"#0"},"up":{"uv":[6.75,11.0,7.0,9.75],"tintindex":0,"rotation":0,"texture":"#0"},"down":{"uv":[7.25,9.75,7.5,11.0],"tintindex":0,"rotation":0,"texture":"#0"}},"rotation":{"origin":[7.163888,10.510429,-2.5701876],"angle":45.0,"axis":"x"}},{"from":[6.0,6.0,-7.5],"to":[8.0,10.0,0.5],"faces":{"east":{"uv":[4.75,1.0,6.75,2.0],"tintindex":0,"rotation":0,"texture":"#0"},"south":{"uv":[10.75,10.25,10.25,11.25],"tintindex":0,"rotation":0,"texture":"#0"},"north":{"uv":[10.25,10.25,9.75,11.25],"tintindex":0,"rotation":0,"texture":"#0"},"west":{"uv":[6.75,1.0,4.75,2.0],"tintindex":0,"rotation":0,"texture":"#0"},"up":{"uv":[2.25,10.75,2.75,8.75],"tintindex":0,"rotation":0,"texture":"#0"},"down":{"uv":[2.75,8.75,3.25,10.75],"tintindex":0,"rotation":0,"texture":"#0"}}},{"from":[6.5,18.674618,-14.844446],"to":[7.5,20.674618,-5.844447],"faces":{"east":{"uv":[7.75,3.5,10.0,4.0],"tintindex":0,"rotation":0,"texture":"#0"},"south":{"uv":[11.5,1.25,11.25,1.75],"tintindex":0,"rotation":0,"texture":"#0"},"north":{"uv":[11.5,0.75,11.25,1.25],"tintindex":0,"rotation":0,"texture":"#0"},"west":{"uv":[10.0,3.5,7.75,4.0],"tintindex":0,"rotation":0,"texture":"#0"},"up":{"uv":[4.25,10.25,4.5,8.0],"tintindex":0,"rotation":0,"texture":"#0"},"down":{"uv":[8.0,4.5,8.25,6.75],"tintindex":0,"rotation":0,"texture":"#0"}},"rotation":{"origin":[6.827776,11.253093,-0.8223553],"angle":-45.0,"axis":"x"}},{"from":[6.5,8.771444,-9.331234],"to":[7.5,10.771444,-4.331233],"faces":{"east":{"uv":[10.0,1.0,11.25,1.5],"tintindex":0,"rotation":0,"texture":"#0"},"south":{"uv":[3.25,11.25,3.0,11.75],"tintindex":0,"rotation":0,"texture":"#0"},"north":{"uv":[11.5,2.75,11.25,3.25],"tintindex":0,"rotation":0,"texture":"#0"},"west":{"uv":[11.25,1.0,10.0,1.5],"tintindex":0,"rotation":0,"texture":"#0"},"up":{"uv":[0.5,11.25,0.75,10.0],"tintindex":0,"rotation":0,"texture":"#0"},"down":{"uv":[10.0,4.5,10.25,5.75],"tintindex":0,"rotation":0,"texture":"#0"}},"rotation":{"origin":[7.163888,5.5606823,-2.5701876],"angle":-45.0,"axis":"x"}},{"from":[6.0,10.0,-7.5],"to":[8.0,14.0,-5.5],"faces":{"east":{"uv":[2.0,10.5,1.5,11.5],"tintindex":0,"rotation":0,"texture":"#0"},"south":{"uv":[11.0,2.0,10.5,3.0],"tintindex":0,"rotation":0,"texture":"#0"},"north":{"uv":[1.5,10.5,1.0,11.5],"tintindex":0,"rotation":0,"texture":"#0"},"west":{"uv":[2.0,10.5,1.5,11.5],"tintindex":0,"rotation":0,"texture":"#0"},"up":{"uv":[11.0,9.75,11.5,9.25],"tintindex":0,"rotation":0,"texture":"#0"},"down":{"uv":[11.0,9.75,11.5,10.25],"tintindex":0,"rotation":0,"texture":"#0"}}},{"from":[6.5,-4.6329603,-12.743879],"to":[7.5,-2.6329603,-5.7438793],"faces":{"east":{"uv":[8.75,3.0,10.5,3.5],"tintindex":0,"rotation":0,"texture":"#0"},"south":{"uv":[2.75,11.25,2.5,11.75],"tintindex":0,"rotation":0,"texture":"#0"},"north":{"uv":[2.25,11.25,2.0,11.75],"tintindex":0,"rotation":0,"texture":"#0"},"west":{"uv":[10.5,3.0,8.75,3.5],"tintindex":0,"rotation":0,"texture":"#0"},"up":{"uv":[8.75,10.5,9.0,8.75],"tintindex":0,"rotation":0,"texture":"#0"},"down":{"uv":[0.0,9.0,0.25,10.75],"tintindex":0,"rotation":0,"texture":"#0"}},"rotation":{"origin":[6.827776,4.8891315,-0.8223553],"angle":45.0,"axis":"x"}}],"display":{"gui":{"rotation":[30,225,0]}}}