{"textures":{"0":"modelengine:entity/anubis_pet"},"elements":[{"from":[5.5,8.1899185,11.955785],"to":[10.5,13.1899185,11.955785],"faces":{"south":{"uv":[3.0,6.25,4.25,7.5],"tintindex":0,"rotation":0,"texture":"#0"},"north":{"uv":[3.0,6.25,4.25,7.5],"tintindex":0,"rotation":0,"texture":"#0"}},"rotation":{"origin":[8.0,10.6899185,11.955785],"angle":-22.5,"axis":"x"}},{"from":[4.5,13.0,7.0],"to":[11.5,17.0,11.0],"faces":{"east":{"uv":[1.25,8.5,2.25,9.5],"tintindex":0,"rotation":0,"texture":"#0"},"south":{"uv":[3.25,5.25,5.0,6.25],"tintindex":0,"rotation":0,"texture":"#0"},"north":{"uv":[5.0,5.0,6.75,6.0],"tintindex":0,"rotation":0,"texture":"#0"},"west":{"uv":[8.5,4.5,9.5,5.5],"tintindex":0,"rotation":0,"texture":"#0"},"up":{"uv":[1.75,6.75,0.0,5.75],"tintindex":0,"rotation":0,"texture":"#0"},"down":{"uv":[6.75,6.0,5.0,7.0],"tintindex":0,"rotation":0,"texture":"#0"}}},{"from":[4.5,9.0,6.0],"to":[11.5,13.0,11.0],"faces":{"east":{"uv":[6.5,3.0,7.75,4.0],"tintindex":0,"rotation":0,"texture":"#0"},"south":{"uv":[5.0,4.0,6.75,5.0],"tintindex":0,"rotation":0,"texture":"#0"},"north":{"uv":[4.75,3.0,6.5,4.0],"tintindex":0,"rotation":0,"texture":"#0"},"west":{"uv":[6.75,4.0,8.0,5.0],"tintindex":0,"rotation":0,"texture":"#0"},"up":{"uv":[5.0,5.25,3.25,4.0],"tintindex":0,"rotation":0,"texture":"#0"},"down":{"uv":[1.75,4.5,0.0,5.75],"tintindex":0,"rotation":0,"texture":"#0"}}},{"from":[5.5,6.501055,4.508367],"to":[10.5,10.501055,8.508368],"faces":{"east":{"uv":[7.75,8.25,8.75,9.25],"tintindex":0,"rotation":0,"texture":"#0"},"south":{"uv":[6.75,6.0,8.0,7.0],"tintindex":0,"rotation":0,"texture":"#0"},"north":{"uv":[6.75,5.0,8.0,6.0],"tintindex":0,"rotation":0,"texture":"#0"},"west":{"uv":[8.5,0.0,9.5,1.0],"tintindex":0,"rotation":0,"texture":"#0"},"up":{"uv":[5.5,8.0,4.25,7.0],"tintindex":0,"rotation":0,"texture":"#0"},"down":{"uv":[6.75,7.0,5.5,8.0],"tintindex":0,"rotation":0,"texture":"#0"}},"rotation":{"origin":[8.0,5.001055,6.508367],"angle":22.5,"axis":"x"}},{"from":[6.5,3.1522408,5.2346334],"to":[9.5,7.1522408,5.2346334],"faces":{"south":{"uv":[0.5,9.0,1.25,10.0],"tintindex":0,"rotation":0,"texture":"#0"},"north":{"uv":[0.5,9.0,1.25,10.0],"tintindex":0,"rotation":0,"texture":"#0"}}}],"display":{"gui":{"rotation":[30,225,0]}}}