{"textures":{"0":"modelengine:entity/corn_stage"},"elements":[{"from":[6.5,5.5,6.5],"to":[9.5,12.5,9.5],"faces":{"east":{"uv":[0.1875,2.1875,0.375,2.625],"tintindex":0,"rotation":0,"texture":"#0"},"south":{"uv":[0.1875,2.1875,0.375,2.625],"tintindex":0,"rotation":0,"texture":"#0"},"north":{"uv":[0.375,2.1875,0.1875,2.625],"tintindex":0,"rotation":0,"texture":"#0"},"west":{"uv":[0.375,2.1875,0.1875,2.625],"tintindex":0,"rotation":0,"texture":"#0"},"up":{"uv":[0.0,2.1875,0.1875,2.375],"tintindex":0,"rotation":0,"texture":"#0"},"down":{"uv":[0.0,2.375,0.1875,2.5625],"tintindex":0,"rotation":0,"texture":"#0"}}},{"from":[6.5,5.5,9.5],"to":[9.5,12.5,9.5],"faces":{"south":{"uv":[0.375,2.1875,0.5625,2.625],"tintindex":0,"rotation":0,"texture":"#0"},"north":{"uv":[0.5625,2.1875,0.375,2.625],"tintindex":0,"rotation":0,"texture":"#0"}},"rotation":{"origin":[8.0,5.5,9.5],"angle":22.5,"axis":"x"}},{"from":[9.5,5.5,6.5],"to":[9.5,12.5,9.5],"faces":{"east":{"uv":[0.375,2.1875,0.5625,2.625],"tintindex":0,"rotation":0,"texture":"#0"},"west":{"uv":[0.5625,2.1875,0.375,2.625],"tintindex":0,"rotation":0,"texture":"#0"}},"rotation":{"origin":[9.5,5.5,8.0],"angle":-22.5,"axis":"z"}},{"from":[6.5,5.5,6.5],"to":[6.5,12.5,9.5],"faces":{"east":{"uv":[0.375,2.1875,0.5625,2.625],"tintindex":0,"rotation":0,"texture":"#0"},"west":{"uv":[0.5625,2.1875,0.375,2.625],"tintindex":0,"rotation":0,"texture":"#0"}},"rotation":{"origin":[6.5,5.5,8.0],"angle":22.5,"axis":"z"}},{"from":[6.5,5.5,6.5],"to":[9.5,12.5,6.5],"faces":{"south":{"uv":[0.375,2.1875,0.5625,2.625],"tintindex":0,"rotation":0,"texture":"#0"},"north":{"uv":[0.5625,2.1875,0.375,2.625],"tintindex":0,"rotation":0,"texture":"#0"}},"rotation":{"origin":[8.0,5.5,6.5],"angle":-22.5,"axis":"x"}}],"display":{"gui":{"rotation":[30,225,0]}}}