{
	"credit": "Made with Blockbench",
	"texture_size": [128, 128],
	"textures": {
		"0": "modelengine:entity/magnus"
	},
	"elements": [
		{
			"from": [6.86522, 9.32632, 2.9469],
			"to": [13.86522, 14.32632, 5.9469],
			"rotation": {"angle": -22.5, "axis": "y", "origin": [9.86522, 9.07632, 4.4469]},
			"faces": {
				"north": {"uv": [12.875, 4.875, 13.75, 5.5], "texture": "#0"},
				"east": {"uv": [9.5, 4.125, 9.875, 4.75], "texture": "#0"},
				"south": {"uv": [12.875, 5.5, 13.75, 6.125], "texture": "#0"},
				"west": {"uv": [1.5, 12.375, 1.875, 13], "texture": "#0"},
				"up": {"uv": [9.375, 14.25, 8.5, 13.875], "texture": "#0"},
				"down": {"uv": [14.75, 10.625, 13.875, 11], "texture": "#0"}
			}
		},
		{
			"from": [6.86522, 3.32632, 2.9469],
			"to": [11.86522, 9.32632, 5.9469],
			"rotation": {"angle": -22.5, "axis": "y", "origin": [9.86522, 9.07632, 4.4469]},
			"faces": {
				"north": {"uv": [5.25, 13.5, 5.875, 14.25], "texture": "#0"},
				"east": {"uv": [8.25, 9.25, 8.625, 10], "texture": "#0"},
				"south": {"uv": [5.875, 13.5, 6.5, 14.25], "texture": "#0"},
				"west": {"uv": [8.75, 12.25, 9.125, 13], "texture": "#0"},
				"up": {"uv": [2, 5.75, 1.375, 5.375], "texture": "#0"},
				"down": {"uv": [2.5, 11.5, 1.875, 11.875], "texture": "#0"}
			}
		},
		{
			"from": [1.46999, 9.32632, 2.9469],
			"to": [8.46999, 14.32632, 5.9469],
			"rotation": {"angle": 22.5, "axis": "y", "origin": [5.46999, 9.07632, 4.4469]},
			"faces": {
				"north": {"uv": [11.5, 12.875, 12.375, 13.5], "texture": "#0"},
				"east": {"uv": [12.375, 12.875, 12.75, 13.5], "texture": "#0"},
				"south": {"uv": [1.5, 13, 2.375, 13.625], "texture": "#0"},
				"west": {"uv": [14, 13.875, 14.375, 14.5], "texture": "#0"},
				"up": {"uv": [14.75, 11.375, 13.875, 11], "texture": "#0"},
				"down": {"uv": [14.75, 11.375, 13.875, 11.75], "texture": "#0"}
			}
		},
		{
			"from": [3.46999, 3.32632, 2.9469],
			"to": [8.46999, 9.32632, 5.9469],
			"rotation": {"angle": 22.5, "axis": "y", "origin": [5.46999, 9.07632, 4.4469]},
			"faces": {
				"north": {"uv": [13.5, 6.125, 14.125, 6.875], "texture": "#0"},
				"east": {"uv": [4.875, 13.75, 5.25, 14.5], "texture": "#0"},
				"south": {"uv": [13.5, 6.875, 14.125, 7.625], "texture": "#0"},
				"west": {"uv": [0, 14, 0.375, 14.75], "texture": "#0"},
				"up": {"uv": [7.125, 12.75, 6.5, 12.375], "texture": "#0"},
				"down": {"uv": [13.5, 3.25, 12.875, 3.625], "texture": "#0"}
			}
		},
		{
			"from": [1.71999, 7.32632, 4.9469],
			"to": [13.71999, 13.32632, 16.9469],
			"rotation": {"angle": 0, "axis": "y", "origin": [6.21999, 10.32632, -5.5531]},
			"faces": {
				"north": {"uv": [11.875, 8.75, 13.125, 9.5], "texture": "#0"},
				"east": {"uv": [1.125, 8.875, 2.25, 9.625], "texture": "#0"},
				"south": {"uv": [12, 9.5, 13.25, 10.25], "texture": "#0"},
				"west": {"uv": [12.125, 1.75, 13.25, 2.5], "texture": "#0"},
				"up": {"uv": [2.375, 10.75, 1.125, 9.625], "texture": "#0"},
				"down": {"uv": [3.625, 9.625, 2.375, 10.75], "texture": "#0"}
			}
		},
		{
			"from": [10.66702, 12.32632, 1.66798],
			"to": [20.66702, 17.32632, 4.66798],
			"rotation": {"angle": -22.5, "axis": "y", "origin": [17.41702, 16.82632, 3.16798]},
			"faces": {
				"north": {"uv": [12.25, 6.375, 13.5, 7], "texture": "#0"},
				"east": {"uv": [14.125, 5.875, 14.5, 6.5], "texture": "#0"},
				"south": {"uv": [12.25, 7, 13.5, 7.625], "texture": "#0"},
				"west": {"uv": [14.125, 6.5, 14.5, 7.125], "texture": "#0"},
				"up": {"uv": [14.75, 1.375, 13.5, 1], "texture": "#0"},
				"down": {"uv": [14.75, 3.75, 13.5, 4.125], "texture": "#0"}
			}
		},
		{
			"from": [8.75486, 12.32632, -0.80095],
			"to": [11.75486, 15.32632, 7.19905],
			"rotation": {"angle": 0, "axis": "y", "origin": [10.45486, 13.82632, -6.30095]},
			"faces": {
				"north": {"uv": [12.75, 1.375, 13.125, 1.75], "texture": "#0"},
				"east": {"uv": [13.625, 2.375, 14.625, 2.75], "texture": "#0"},
				"south": {"uv": [14.25, 9.625, 14.625, 10], "texture": "#0"},
				"west": {"uv": [13.625, 2.75, 14.625, 3.125], "texture": "#0"},
				"up": {"uv": [6.875, 14.625, 6.5, 13.625], "texture": "#0"},
				"down": {"uv": [7.25, 13.625, 6.875, 14.625], "texture": "#0"}
			}
		},
		{
			"from": [17.66702, 17.32632, 1.66798],
			"to": [20.66702, 20.32632, 4.66798],
			"rotation": {"angle": -22.5, "axis": "y", "origin": [17.41702, 16.82632, 3.16798]},
			"faces": {
				"north": {"uv": [2.125, 14.375, 2.5, 14.75], "texture": "#0"},
				"east": {"uv": [2.5, 14.375, 2.875, 14.75], "texture": "#0"},
				"south": {"uv": [2.875, 14.375, 3.25, 14.75], "texture": "#0"},
				"west": {"uv": [14.375, 4.125, 14.75, 4.5], "texture": "#0"},
				"up": {"uv": [14.75, 7.875, 14.375, 7.5], "texture": "#0"},
				"down": {"uv": [14.75, 7.875, 14.375, 8.25], "texture": "#0"}
			}
		},
		{
			"from": [3.74514, 12.32632, -0.80095],
			"to": [6.74514, 15.32632, 7.19905],
			"rotation": {"angle": 0, "axis": "y", "origin": [5.04514, 13.82632, -6.30095]},
			"faces": {
				"north": {"uv": [13.125, 1.375, 12.75, 1.75], "texture": "#0"},
				"east": {"uv": [14.625, 2.75, 13.625, 3.125], "texture": "#0"},
				"south": {"uv": [14.625, 9.625, 14.25, 10], "texture": "#0"},
				"west": {"uv": [14.625, 2.375, 13.625, 2.75], "texture": "#0"},
				"up": {"uv": [6.5, 14.625, 6.875, 13.625], "texture": "#0"},
				"down": {"uv": [6.875, 13.625, 7.25, 14.625], "texture": "#0"}
			}
		},
		{
			"from": [-5.16702, 12.32632, 1.66798],
			"to": [4.83298, 17.32632, 4.66798],
			"rotation": {"angle": 22.5, "axis": "y", "origin": [-1.91702, 16.82632, 3.16798]},
			"faces": {
				"north": {"uv": [13.5, 6.375, 12.25, 7], "texture": "#0"},
				"east": {"uv": [14.5, 6.5, 14.125, 7.125], "texture": "#0"},
				"south": {"uv": [13.5, 7, 12.25, 7.625], "texture": "#0"},
				"west": {"uv": [14.5, 5.875, 14.125, 6.5], "texture": "#0"},
				"up": {"uv": [13.5, 1.375, 14.75, 1], "texture": "#0"},
				"down": {"uv": [13.5, 3.75, 14.75, 4.125], "texture": "#0"}
			}
		},
		{
			"from": [-5.16702, 17.32632, 1.66798],
			"to": [-2.16702, 20.32632, 4.66798],
			"rotation": {"angle": 22.5, "axis": "y", "origin": [-1.91702, 16.82632, 3.16798]},
			"faces": {
				"north": {"uv": [2.5, 14.375, 2.125, 14.75], "texture": "#0"},
				"east": {"uv": [14.75, 4.125, 14.375, 4.5], "texture": "#0"},
				"south": {"uv": [3.25, 14.375, 2.875, 14.75], "texture": "#0"},
				"west": {"uv": [2.875, 14.375, 2.5, 14.75], "texture": "#0"},
				"up": {"uv": [14.375, 7.875, 14.75, 7.5], "texture": "#0"},
				"down": {"uv": [14.375, 7.875, 14.75, 8.25], "texture": "#0"}
			}
		}
	],
	"display": {
		"thirdperson_righthand": {
			"scale": [0.5, 0.5, 0.5]
		},
		"thirdperson_lefthand": {
			"scale": [0.5, 0.5, 0.5]
		},
		"firstperson_righthand": {
			"rotation": [-32, 121, 0],
			"translation": [1.5, 0, 0],
			"scale": [0.5, 0.5, 0.5]
		},
		"firstperson_lefthand": {
			"rotation": [-32, 121, 0],
			"translation": [1.5, 0, 0],
			"scale": [0.5, 0.5, 0.5]
		},
		"ground": {
			"rotation": [42, 0, 0],
			"scale": [0.5, 0.5, 0.5]
		},
		"gui": {
			"rotation": [-25, -180, 0],
			"translation": [-0.25, -3.5, 0],
			"scale": [0.6, 0.6, 0.6]
		},
		"head": {
			"translation": [0.5, -0.25, -4],
			"scale": [1.3, 1.3, 1.3]
		},
		"fixed": {
			"translation": [0.25, -2.25, 0],
			"scale": [1.6, 1.6, 1.6]
		}
	}
}