{
	"credit": "Made with Blockbench",
	"texture_size": [128, 128],
	"textures": {
		"1": "modelengine:entity/magnussword"
	},
	"elements": [
		{
			"from": [7.75623, 0.11662, 6.89543],
			"to": [8.83623, 6.95662, 8.33543],
			"rotation": {"angle": 0, "axis": "y", "origin": [8.12549, 17.1425, 7.83778]},
			"faces": {
				"north": {"uv": [3.25, 8.125, 2.875, 10.5], "rotation": 180, "texture": "#1"},
				"east": {"uv": [7.25, 2.875, 9.625, 3.375], "rotation": 270, "texture": "#1"},
				"south": {"uv": [5.375, 9.625, 5, 7.25], "texture": "#1"},
				"west": {"uv": [7.25, 3.375, 9.625, 3.875], "rotation": 90, "texture": "#1"},
				"up": {"uv": [2.125, 10.375, 2.5, 10.875], "rotation": 180, "texture": "#1"},
				"down": {"uv": [7.125, 10.375, 7.5, 10.875], "texture": "#1"}
			}
		},
		{
			"from": [7.39623, -3.12338, 6.53543],
			"to": [9.19623, 0.11662, 8.69543],
			"rotation": {"angle": 0, "axis": "y", "origin": [8.12549, 17.1425, 7.83778]},
			"faces": {
				"north": {"uv": [9.875, 1.25, 9.25, 2.375], "rotation": 180, "texture": "#1"},
				"east": {"uv": [7.125, 8.5, 8.25, 9.25], "rotation": 270, "texture": "#1"},
				"south": {"uv": [9.75, 8, 9.125, 6.875], "texture": "#1"},
				"west": {"uv": [8.25, 8.5, 9.375, 9.25], "rotation": 90, "texture": "#1"},
				"up": {"uv": [8, 9.75, 8.625, 10.5], "rotation": 180, "texture": "#1"},
				"down": {"uv": [8.625, 9.75, 9.25, 10.5], "texture": "#1"}
			}
		},
		{
			"from": [7.39623, 6.95662, 6.53543],
			"to": [9.19623, 9.11662, 8.69543],
			"rotation": {"angle": 0, "axis": "y", "origin": [8.12549, 17.1425, 7.83778]},
			"faces": {
				"north": {"uv": [10.5, 9, 9.875, 9.75], "rotation": 180, "texture": "#1"},
				"east": {"uv": [5.375, 9.375, 6.125, 10.125], "rotation": 270, "texture": "#1"},
				"south": {"uv": [5.125, 10.625, 4.5, 9.875], "texture": "#1"},
				"west": {"uv": [1.75, 9.625, 2.5, 10.375], "rotation": 90, "texture": "#1"},
				"up": {"uv": [9.25, 9.75, 9.875, 10.5], "rotation": 180, "texture": "#1"},
				"down": {"uv": [9.875, 1.125, 10.5, 1.875], "texture": "#1"}
			}
		},
		{
			"from": [7.21623, 9.11662, 3.65543],
			"to": [9.01623, 10.55662, 11.21543],
			"rotation": {"angle": 0, "axis": "y", "origin": [8.12549, 17.1425, 7.83778]},
			"faces": {
				"north": {"uv": [10.875, 0, 10.25, 0.5], "rotation": 180, "texture": "#1"},
				"east": {"uv": [4, 7.125, 4.5, 9.75], "rotation": 270, "texture": "#1"},
				"south": {"uv": [10.5, 2.375, 9.875, 1.875], "texture": "#1"},
				"west": {"uv": [4.5, 7.25, 5, 9.875], "rotation": 90, "texture": "#1"},
				"up": {"uv": [5.375, 3.5, 6, 6.125], "rotation": 180, "texture": "#1"},
				"down": {"uv": [6, 3.5, 6.625, 6.125], "texture": "#1"}
			}
		},
		{
			"from": [6.85623, 9.11662, 5.81543],
			"to": [9.37623, 13.79662, 9.05543],
			"rotation": {"angle": 0, "axis": "y", "origin": [8.12549, 17.1425, 7.83778]},
			"faces": {
				"north": {"uv": [8.125, 1.25, 7.25, 2.875], "rotation": 180, "texture": "#1"},
				"east": {"uv": [5.25, 1.25, 6.875, 2.375], "rotation": 270, "texture": "#1"},
				"south": {"uv": [8, 8.5, 7.125, 6.875], "texture": "#1"},
				"west": {"uv": [5.25, 2.375, 6.875, 3.5], "rotation": 90, "texture": "#1"},
				"up": {"uv": [7.25, 3.875, 8.125, 5], "rotation": 180, "texture": "#1"},
				"down": {"uv": [8.125, 3.875, 9, 5], "texture": "#1"}
			}
		},
		{
			"from": [6.13623, 10.55662, 6.71543],
			"to": [10.09623, 11.99662, 8.15543],
			"rotation": {"angle": 0, "axis": "y", "origin": [8.12549, 17.1425, 7.83778]},
			"faces": {
				"north": {"uv": [8.5, 9.25, 7.125, 9.75], "rotation": 180, "texture": "#1"},
				"east": {"uv": [10.25, 5.875, 10.75, 6.375], "rotation": 270, "texture": "#1"},
				"south": {"uv": [10.625, 2.875, 9.25, 2.375], "texture": "#1"},
				"west": {"uv": [10.25, 6.375, 10.75, 6.875], "rotation": 90, "texture": "#1"},
				"up": {"uv": [9, 4.625, 10.375, 5.125], "rotation": 180, "texture": "#1"},
				"down": {"uv": [9.125, 8, 10.5, 8.5], "texture": "#1"}
			}
		},
		{
			"from": [6.13623, 26.39662, 6.71543],
			"to": [10.09623, 27.83662, 8.15543],
			"rotation": {"angle": 0, "axis": "y", "origin": [8.12549, 17.1425, 7.83778]},
			"faces": {
				"north": {"uv": [11, 2.875, 9.625, 3.375], "rotation": 180, "texture": "#1"},
				"east": {"uv": [1.625, 10.375, 2.125, 10.875], "rotation": 270, "texture": "#1"},
				"south": {"uv": [1.75, 10.125, 0.375, 9.625], "texture": "#1"},
				"west": {"uv": [10.375, 4.625, 10.875, 5.125], "rotation": 90, "texture": "#1"},
				"up": {"uv": [8.5, 9.25, 9.875, 9.75], "rotation": 180, "texture": "#1"},
				"down": {"uv": [9.375, 8.5, 10.75, 9], "texture": "#1"}
			}
		},
		{
			"from": [6.85623, 13.79662, 6.53543],
			"to": [9.37623, 28.19662, 8.33543],
			"rotation": {"angle": 0, "axis": "y", "origin": [8.12549, 17.1425, 7.83778]},
			"faces": {
				"north": {"uv": [0.875, 4.25, 0, 9.25], "rotation": 180, "texture": "#1"},
				"east": {"uv": [4.75, 0, 9.75, 0.625], "rotation": 270, "texture": "#1"},
				"south": {"uv": [4.75, 5, 3.875, 0], "texture": "#1"},
				"west": {"uv": [4.75, 0.625, 9.75, 1.25], "rotation": 90, "texture": "#1"},
				"up": {"uv": [9.75, 6.875, 10.625, 7.5], "rotation": 180, "texture": "#1"},
				"down": {"uv": [7.125, 9.75, 8, 10.375], "texture": "#1"}
			}
		},
		{
			"from": [7.30888, 10.55662, 4.37543],
			"to": [8.83888, 21.71662, 10.49543],
			"rotation": {"angle": 0, "axis": "y", "origin": [8.12549, 17.1425, 7.83778]},
			"faces": {
				"north": {"uv": [5.25, 1.25, 4.75, 5.125], "rotation": 180, "texture": "#1"},
				"east": {"uv": [0, 0, 3.875, 2.125], "rotation": 270, "texture": "#1"},
				"south": {"uv": [3.625, 8.125, 3.125, 4.25], "texture": "#1"},
				"west": {"uv": [0, 2.125, 3.875, 4.25], "rotation": 90, "texture": "#1"},
				"up": {"uv": [0.875, 7.5, 1.375, 9.625], "rotation": 180, "texture": "#1"},
				"down": {"uv": [1.375, 7.5, 1.875, 9.625], "texture": "#1"}
			}
		},
		{
			"from": [7.30888, 21.71662, 5.09543],
			"to": [8.83888, 23.51662, 9.77543],
			"rotation": {"angle": 0, "axis": "y", "origin": [8.12549, 17.1425, 7.83778]},
			"faces": {
				"north": {"uv": [10.75, 0.5, 10.25, 1.125], "rotation": 180, "texture": "#1"},
				"east": {"uv": [8, 6.875, 8.625, 8.5], "rotation": 270, "texture": "#1"},
				"south": {"uv": [6.375, 10.75, 5.875, 10.125], "texture": "#1"},
				"west": {"uv": [8.125, 1.25, 8.75, 2.875], "rotation": 90, "texture": "#1"},
				"up": {"uv": [8.625, 6.875, 9.125, 8.5], "rotation": 180, "texture": "#1"},
				"down": {"uv": [8.75, 1.25, 9.25, 2.875], "texture": "#1"}
			}
		},
		{
			"from": [9.4273, 10.55662, 9.21445],
			"to": [10.5073, 21.71662, 10.29445],
			"rotation": {"angle": -45, "axis": "y", "origin": [8.12549, 17.1425, 7.83778]},
			"faces": {
				"north": {"uv": [6.75, 6.875, 6.375, 10.75], "rotation": 180, "texture": "#1"},
				"east": {"uv": [6.375, 6.125, 10.25, 6.5], "rotation": 270, "texture": "#1"},
				"south": {"uv": [7.25, 5.125, 6.875, 1.25], "texture": "#1"},
				"west": {"uv": [6.375, 6.5, 10.25, 6.875], "rotation": 90, "texture": "#1"},
				"up": {"uv": [10.375, 9.75, 10.75, 10.125], "rotation": 180, "texture": "#1"},
				"down": {"uv": [10.375, 10.125, 10.75, 10.5], "texture": "#1"}
			}
		},
		{
			"from": [5.10168, 10.55662, 4.88509],
			"to": [6.18168, 21.71662, 5.96509],
			"rotation": {"angle": -45, "axis": "y", "origin": [8.12549, 17.1425, 7.83778]},
			"faces": {
				"north": {"uv": [4, 7.125, 3.625, 11], "rotation": 180, "texture": "#1"},
				"east": {"uv": [6.625, 5.125, 10.5, 5.5], "rotation": 270, "texture": "#1"},
				"south": {"uv": [7.125, 10.75, 6.75, 6.875], "texture": "#1"},
				"west": {"uv": [6.625, 5.5, 10.5, 5.875], "rotation": 90, "texture": "#1"},
				"up": {"uv": [10.5, 1.125, 10.875, 1.5], "rotation": 180, "texture": "#1"},
				"down": {"uv": [10.5, 1.5, 10.875, 1.875], "texture": "#1"}
			}
		},
		{
			"from": [7.30888, 23.51662, 4.37543],
			"to": [8.83888, 26.03662, 10.49543],
			"rotation": {"angle": 0, "axis": "y", "origin": [8.12549, 17.1425, 7.83778]},
			"faces": {
				"north": {"uv": [0.875, 10.125, 0.375, 11], "rotation": 180, "texture": "#1"},
				"east": {"uv": [3.625, 5, 4.5, 7.125], "rotation": 270, "texture": "#1"},
				"south": {"uv": [10.375, 10.625, 9.875, 9.75], "texture": "#1"},
				"west": {"uv": [4.5, 5.125, 5.375, 7.25], "rotation": 90, "texture": "#1"},
				"up": {"uv": [1.875, 7.5, 2.375, 9.625], "rotation": 180, "texture": "#1"},
				"down": {"uv": [2.375, 7.5, 2.875, 9.625], "texture": "#1"}
			}
		},
		{
			"from": [5.66882, 23.51662, 9.13958],
			"to": [6.74882, 26.03662, 10.21958],
			"rotation": {"angle": 45, "axis": "y", "origin": [8.12549, 17.1425, 7.83778]},
			"faces": {
				"north": {"uv": [9.75, 7.5, 10.625, 7.875], "rotation": 90, "texture": "#1"},
				"east": {"uv": [5.875, 10.125, 5.5, 11], "rotation": 180, "texture": "#1"},
				"south": {"uv": [9.625, 3.375, 10.5, 3.75], "rotation": 270, "texture": "#1"},
				"west": {"uv": [5.5, 11, 5.125, 10.125], "texture": "#1"},
				"up": {"uv": [10.5, 1.875, 10.875, 2.25], "rotation": 270, "texture": "#1"},
				"down": {"uv": [2.875, 10.5, 3.25, 10.875], "rotation": 270, "texture": "#1"}
			}
		},
		{
			"from": [1.25897, 22.85416, 10.49543],
			"to": [2.33897, 23.93416, 13.73543],
			"rotation": {"angle": -45, "axis": "z", "origin": [8.12549, 17.1425, 7.83778]},
			"faces": {
				"north": {"uv": [10.875, 5.125, 10.5, 5.5], "rotation": 180, "texture": "#1"},
				"east": {"uv": [0.875, 10.125, 1.25, 11.25], "rotation": 270, "texture": "#1"},
				"south": {"uv": [10.875, 3.75, 10.5, 3.375], "texture": "#1"},
				"west": {"uv": [3.25, 10.125, 3.625, 11.25], "rotation": 90, "texture": "#1"},
				"up": {"uv": [2.5, 9.625, 2.875, 10.75], "rotation": 180, "texture": "#1"},
				"down": {"uv": [1.25, 10.125, 1.625, 11.25], "texture": "#1"}
			}
		},
		{
			"from": [7.30888, 26.03662, 4.37543],
			"to": [8.83888, 29.27662, 13.73543],
			"rotation": {"angle": 0, "axis": "y", "origin": [8.12549, 17.1425, 7.83778]},
			"faces": {
				"north": {"uv": [4.5, 9.75, 4, 10.875], "rotation": 180, "texture": "#1"},
				"east": {"uv": [0.875, 4.25, 2, 7.5], "rotation": 270, "texture": "#1"},
				"south": {"uv": [10.25, 1.125, 9.75, 0], "texture": "#1"},
				"west": {"uv": [2, 4.25, 3.125, 7.5], "rotation": 90, "texture": "#1"},
				"up": {"uv": [5.375, 6.125, 5.875, 9.375], "rotation": 180, "texture": "#1"},
				"down": {"uv": [5.875, 6.125, 6.375, 9.375], "texture": "#1"}
			}
		},
		{
			"from": [9.99819, 23.51662, 4.81396],
			"to": [11.07819, 29.27662, 5.89396],
			"rotation": {"angle": 45, "axis": "y", "origin": [8.12549, 17.1425, 7.83778]},
			"faces": {
				"north": {"uv": [9, 4.25, 11, 4.625], "rotation": 90, "texture": "#1"},
				"east": {"uv": [0.375, 9.25, 0, 11.25], "rotation": 180, "texture": "#1"},
				"south": {"uv": [9, 3.875, 11, 4.25], "rotation": 270, "texture": "#1"},
				"west": {"uv": [3.625, 10.125, 3.25, 8.125], "texture": "#1"},
				"up": {"uv": [0.375, 9.25, 0.75, 9.625], "rotation": 270, "texture": "#1"},
				"down": {"uv": [7.5, 10.375, 7.875, 10.75], "rotation": 270, "texture": "#1"}
			}
		}
	],
	"display": {
		"thirdperson_righthand": {
			"translation": [0, 0.75, 2],
			"scale": [1.25, 1.25, 1.25]
		},
		"thirdperson_lefthand": {
			"translation": [0, 0.75, 2],
			"scale": [1.25, 1.25, 1.25]
		},
		"firstperson_righthand": {
			"rotation": [-15, 15, -19],
			"translation": [3.5, -2.25, -5.75],
			"scale": [1.25, 1.25, 1.25]
		},
		"firstperson_lefthand": {
			"rotation": [-15, 15, -19],
			"translation": [3.5, -2.25, -5.75],
			"scale": [1.25, 1.25, 1.25]
		},
		"ground": {
			"rotation": [0, 0, 63],
			"translation": [0, 5, 0],
			"scale": [1.25, 1.25, 1.25]
		},
		"gui": {
			"rotation": [-66, 135, 68],
			"translation": [-2.75, -3, 0],
			"scale": [0.58, 0.58, 0.58]
		}
	}
}