{"textures":{"0":"modelengine:entity/weeder"},"elements":[{"from":[12.0,14.0,1.0],"to":[4.0,26.0,2.0],"faces":{"east":{"uv":[6.25,0.0,6.5,3.0],"tintindex":0,"rotation":0,"texture":"#0"},"west":{"uv":[6.25,0.0,6.5,3.0],"tintindex":0,"rotation":0,"texture":"#0"},"up":{"uv":[6.5,0.0,8.5,0.25],"tintindex":0,"rotation":0,"texture":"#0"},"down":{"uv":[6.5,0.25,8.5,0.5],"tintindex":0,"rotation":0,"texture":"#0"}},"rotation":{"origin":[8.0,14.0,1.0],"angle":-22.5,"axis":"x"}},{"from":[2.0,11.0,1.0],"to":[14.0,28.0,2.0],"faces":{"east":{"uv":[6.0,0.0,6.25,4.25],"tintindex":0,"rotation":0,"texture":"#0"},"south":{"uv":[0.0,0.0,3.0,4.25],"tintindex":0,"rotation":0,"texture":"#0"},"north":{"uv":[3.0,0.0,6.0,4.25],"tintindex":0,"rotation":0,"texture":"#0"},"west":{"uv":[6.0,0.0,6.25,4.25],"tintindex":0,"rotation":0,"texture":"#0"},"up":{"uv":[0.0,4.25,3.0,4.5],"tintindex":0,"rotation":0,"texture":"#0"}},"rotation":{"origin":[8.0,14.0,1.0],"angle":-22.5,"axis":"x"}},{"from":[2.0,28.0,1.0],"to":[14.0,32.0,2.0],"faces":{"east":{"uv":[6.0,4.75,6.25,5.75],"tintindex":0,"rotation":0,"texture":"#0"},"south":{"uv":[0.0,4.75,3.0,5.75],"tintindex":0,"rotation":0,"texture":"#0"},"north":{"uv":[3.0,4.75,6.0,5.75],"tintindex":0,"rotation":0,"texture":"#0"},"west":{"uv":[6.0,4.75,6.25,5.75],"tintindex":0,"rotation":0,"texture":"#0"},"up":{"uv":[0.0,5.75,3.0,6.0],"tintindex":0,"rotation":0,"texture":"#0"}},"rotation":{"origin":[8.0,14.0,1.0],"angle":-22.5,"axis":"x"}},{"from":[4.0,14.0,2.0],"to":[12.0,17.0,10.0],"faces":{"east":{"uv":[4.0,10.5,6.0,11.25],"tintindex":0,"rotation":0,"texture":"#0"},"south":{"uv":[4.0,10.5,6.0,11.25],"tintindex":0,"rotation":0,"texture":"#0"},"north":{"uv":[4.0,10.5,6.0,11.25],"tintindex":0,"rotation":0,"texture":"#0"},"west":{"uv":[4.0,10.5,6.0,11.25],"tintindex":0,"rotation":0,"texture":"#0"},"up":{"uv":[0.0,10.5,2.0,12.5],"tintindex":0,"rotation":0,"texture":"#0"},"down":{"uv":[2.0,10.5,4.0,12.5],"tintindex":0,"rotation":0,"texture":"#0"}}},{"from":[5.0,14.0,8.0],"to":[11.0,15.0,13.0],"faces":{"east":{"uv":[0.0,14.0,1.25,14.25],"tintindex":0,"rotation":0,"texture":"#0"},"west":{"uv":[1.25,14.0,0.0,14.25],"tintindex":0,"rotation":0,"texture":"#0"},"up":{"uv":[0.0,12.75,1.5,14.0],"tintindex":0,"rotation":0,"texture":"#0"}},"rotation":{"origin":[8.0,14.0,10.0],"angle":22.5,"axis":"x"}},{"from":[4.0,7.9,0.0],"to":[12.0,13.9,1.0],"faces":{"east":{"uv":[6.75,2.25,7.0,3.75],"tintindex":0,"rotation":0,"texture":"#0"},"south":{"uv":[8.75,0.75,10.75,2.25],"tintindex":0,"rotation":0,"texture":"#0"},"north":{"uv":[6.75,0.75,8.75,2.25],"tintindex":0,"rotation":0,"texture":"#0"},"west":{"uv":[6.75,2.25,7.0,3.75],"tintindex":0,"rotation":0,"texture":"#0"},"down":{"uv":[7.0,2.25,9.0,2.5],"tintindex":0,"rotation":0,"texture":"#0"}},"rotation":{"origin":[8.0,10.9,1.0],"angle":22.5,"axis":"x"}},{"from":[1.9499998,11.0,2.0],"to":[14.05,14.0,15.0],"faces":{"east":{"uv":[3.0,9.5,6.25,10.25],"tintindex":0,"rotation":0,"texture":"#0"},"south":{"uv":[0.0,9.5,3.0,10.25],"tintindex":0,"rotation":0,"texture":"#0"},"north":{"uv":[0.0,9.5,3.0,10.25],"tintindex":0,"rotation":0,"texture":"#0"},"west":{"uv":[3.0,9.5,6.25,10.25],"tintindex":0,"rotation":0,"texture":"#0"},"up":{"uv":[0.0,9.5,3.0,6.25],"tintindex":0,"rotation":0,"texture":"#0"},"down":{"uv":[3.0,6.25,6.0,9.5],"tintindex":0,"rotation":0,"texture":"#0"}}},{"from":[12.0,28.0,1.0],"to":[4.0,30.0,2.0],"faces":{"east":{"uv":[6.25,4.75,6.5,5.25],"tintindex":0,"rotation":0,"texture":"#0"},"west":{"uv":[6.25,4.75,6.5,5.25],"tintindex":0,"rotation":0,"texture":"#0"},"up":{"uv":[6.5,4.75,8.5,5.0],"tintindex":0,"rotation":0,"texture":"#0"},"down":{"uv":[6.5,5.0,8.5,5.25],"tintindex":0,"rotation":0,"texture":"#0"}},"rotation":{"origin":[8.0,14.0,1.0],"angle":-22.5,"axis":"x"}}],"display":{"gui":{"rotation":[30,225,0]}}}