{"textures":{"0":"modelengine:entity/weeder"},"elements":[{"from":[5.5,7.5,5.5],"to":[10.5,8.5,10.5],"faces":{"east":{"uv":[4.25,12.75,5.5,13.0],"tintindex":0,"rotation":0,"texture":"#0"},"south":{"uv":[4.25,12.75,5.5,13.0],"tintindex":0,"rotation":0,"texture":"#0"},"north":{"uv":[4.25,12.75,5.5,13.0],"tintindex":0,"rotation":0,"texture":"#0"},"west":{"uv":[4.25,12.75,5.5,13.0],"tintindex":0,"rotation":0,"texture":"#0"},"up":{"uv":[4.25,11.5,5.5,12.75],"tintindex":0,"rotation":0,"texture":"#0"},"down":{"uv":[5.5,11.5,6.75,12.75],"tintindex":0,"rotation":0,"texture":"#0"}}}],"display":{"gui":{"rotation":[30,225,0]}}}