{"textures":{"0":"modelengine:entity/weeder"},"elements":[{"from":[8.0,3.5,3.5],"to":[10.0,10.5,10.5],"faces":{"east":{"uv":[1.75,12.75,3.5,14.5],"tintindex":0,"rotation":0,"texture":"#0"},"south":{"uv":[3.5,12.75,4.0,14.5],"tintindex":0,"rotation":0,"texture":"#0"},"north":{"uv":[3.5,12.75,4.0,14.5],"tintindex":0,"rotation":0,"texture":"#0"},"west":{"uv":[1.75,12.75,3.5,14.5],"tintindex":0,"rotation":0,"texture":"#0"},"up":{"uv":[3.5,12.75,4.0,14.5],"tintindex":0,"rotation":0,"texture":"#0"},"down":{"uv":[3.5,12.75,4.0,14.5],"tintindex":0,"rotation":0,"texture":"#0"}}},{"from":[-6.0,3.5,3.5],"to":[-4.0,10.5,10.5],"faces":{"east":{"uv":[3.5,12.75,1.75,14.5],"tintindex":0,"rotation":0,"texture":"#0"},"south":{"uv":[3.5,12.75,4.0,14.5],"tintindex":0,"rotation":0,"texture":"#0"},"north":{"uv":[3.5,12.75,4.0,14.5],"tintindex":0,"rotation":0,"texture":"#0"},"west":{"uv":[3.5,12.75,1.75,14.5],"tintindex":0,"rotation":0,"texture":"#0"},"up":{"uv":[3.5,12.75,4.0,14.5],"tintindex":0,"rotation":0,"texture":"#0"},"down":{"uv":[3.5,12.75,4.0,14.5],"tintindex":0,"rotation":0,"texture":"#0"}}}],"display":{"gui":{"rotation":[30,225,0]}}}