{"textures":{"1":"modelengine:entity/weeder_wheel"},"elements":[{"from":[8.0,3.5,3.5],"to":[10.0,10.5,10.5],"faces":{"east":{"uv":[7.0,0.0,0.0,7.0],"tintindex":0,"rotation":0,"texture":"#1"},"south":{"uv":[7.0,0.0,9.0,7.0],"tintindex":0,"rotation":0,"texture":"#1"},"north":{"uv":[7.0,0.0,9.0,7.0],"tintindex":0,"rotation":0,"texture":"#1"},"west":{"uv":[7.0,0.0,0.0,7.0],"tintindex":0,"rotation":0,"texture":"#1"},"up":{"uv":[7.0,0.0,9.0,7.0],"tintindex":0,"rotation":0,"texture":"#1"},"down":{"uv":[7.0,0.0,9.0,7.0],"tintindex":0,"rotation":0,"texture":"#1"}}},{"from":[-6.0,3.5,3.5],"to":[-4.0,10.5,10.5],"faces":{"east":{"uv":[7.0,0.0,0.0,7.0],"tintindex":0,"rotation":0,"texture":"#1"},"south":{"uv":[7.0,0.0,9.0,7.0],"tintindex":0,"rotation":0,"texture":"#1"},"north":{"uv":[7.0,0.0,9.0,7.0],"tintindex":0,"rotation":0,"texture":"#1"},"west":{"uv":[7.0,0.0,0.0,7.0],"tintindex":0,"rotation":0,"texture":"#1"},"up":{"uv":[7.0,0.0,9.0,7.0],"tintindex":0,"rotation":0,"texture":"#1"},"down":{"uv":[7.0,0.0,9.0,7.0],"tintindex":0,"rotation":0,"texture":"#1"}}}],"display":{"gui":{"rotation":[30,225,0]}}}