{"textures":{"0":"modelengine:entity/pepper_stage"},"elements":[{"from":[7.4,7.9,6.5],"to":[8.6,9.1,10.5],"faces":{"east":{"uv":[0.375,1.5,0.5,2.0],"tintindex":0,"rotation":270,"texture":"#0"},"south":{"uv":[0.0,1.5,0.125,1.625],"tintindex":0,"rotation":0,"texture":"#0"},"north":{"uv":[0.0,1.625,0.125,1.75],"tintindex":0,"rotation":180,"texture":"#0"},"west":{"uv":[0.375,1.5,0.5,2.0],"tintindex":0,"rotation":90,"texture":"#0"},"up":{"uv":[0.5,1.5,0.375,2.0],"tintindex":0,"rotation":180,"texture":"#0"},"down":{"uv":[0.5,1.5,0.375,2.0],"tintindex":0,"rotation":0,"texture":"#0"}}},{"from":[7.4,8.5,10.5],"to":[8.6,8.5,11.5],"faces":{"up":{"uv":[0.0,1.75,0.125,1.875],"tintindex":0,"rotation":180,"texture":"#0"},"down":{"uv":[0.125,1.75,0.0,1.875],"tintindex":0,"rotation":0,"texture":"#0"}}},{"from":[8.0,7.9,10.5],"to":[8.0,9.1,11.5],"faces":{"east":{"uv":[0.125,1.75,0.0,1.875],"tintindex":0,"rotation":270,"texture":"#0"},"west":{"uv":[0.0,1.75,0.125,1.875],"tintindex":0,"rotation":90,"texture":"#0"}}},{"from":[7.5,8.0,4.5],"to":[8.5,9.0,6.75],"faces":{"east":{"uv":[0.125,1.5625,0.25,1.8125],"tintindex":0,"rotation":270,"texture":"#0"},"south":{"uv":[0.0,1.625,0.125,1.75],"tintindex":0,"rotation":0,"texture":"#0"},"north":{"uv":[0.0,1.625,0.125,1.75],"tintindex":0,"rotation":180,"texture":"#0"},"west":{"uv":[0.125,1.5625,0.25,1.8125],"tintindex":0,"rotation":90,"texture":"#0"},"up":{"uv":[0.25,1.5625,0.125,1.8125],"tintindex":0,"rotation":180,"texture":"#0"},"down":{"uv":[0.25,1.5625,0.125,1.8125],"tintindex":0,"rotation":0,"texture":"#0"}},"rotation":{"origin":[8.0,8.5,6.5],"angle":22.5,"axis":"x"}}],"display":{"gui":{"rotation":[30,225,0]}}}