{"textures":{"0":"modelengine:entity/egg_plant_stage"},"elements":[{"from":[4.0,1.0,9.0],"to":[12.0,9.0,21.0],"faces":{"east":{"uv":[0.5,4.5625,1.0,3.8125],"tintindex":0,"rotation":90,"texture":"#0"},"south":{"uv":[0.5,3.0,1.0,3.5],"tintindex":0,"rotation":0,"texture":"#0"},"north":{"uv":[0.5,3.0,1.0,3.5],"tintindex":0,"rotation":0,"texture":"#0"},"west":{"uv":[0.5,3.8125,1.0,4.5625],"tintindex":0,"rotation":90,"texture":"#0"},"up":{"uv":[0.5,4.5625,0.0,3.8125],"tintindex":0,"rotation":0,"texture":"#0"},"down":{"uv":[0.5,3.8125,0.0,4.5625],"tintindex":0,"rotation":0,"texture":"#0"}},"rotation":{"origin":[4.0,1.0,9.0],"angle":-45.0,"axis":"x"}},{"from":[3.5,0.5,19.0],"to":[12.5,9.5,23.0],"faces":{"east":{"uv":[0.0,2.375,0.5625,2.125],"tintindex":0,"rotation":90,"texture":"#0"},"south":{"uv":[0.5625,1.5625,1.125,2.125],"tintindex":0,"rotation":0,"texture":"#0"},"north":{"uv":[0.0,1.5625,0.5625,2.125],"tintindex":0,"rotation":0,"texture":"#0"},"west":{"uv":[0.0,2.125,0.5625,2.375],"tintindex":0,"rotation":90,"texture":"#0"},"up":{"uv":[0.5625,2.375,0.0,2.125],"tintindex":0,"rotation":0,"texture":"#0"},"down":{"uv":[0.0,2.125,0.5625,2.375],"tintindex":0,"rotation":0,"texture":"#0"}},"rotation":{"origin":[3.5,1.0,9.0],"angle":-45.0,"axis":"x"}},{"from":[8.0,1.0,23.0],"to":[8.0,9.0,31.0],"faces":{"east":{"uv":[0.5,2.4375,0.0,2.9375],"tintindex":0,"rotation":270,"texture":"#0"},"west":{"uv":[0.0,2.4375,0.5,2.9375],"tintindex":0,"rotation":90,"texture":"#0"}},"rotation":{"origin":[4.0,1.0,9.0],"angle":-45.0,"axis":"x"}},{"from":[4.1,1.0,-2.0],"to":[11.9,9.0,9.0],"faces":{"east":{"uv":[0.0,3.6875,0.5,3.0],"tintindex":0,"rotation":90,"texture":"#0"},"south":{"uv":[0.5,3.0,1.0,3.5],"tintindex":0,"rotation":0,"texture":"#0"},"north":{"uv":[0.5,3.0,1.0,3.5],"tintindex":0,"rotation":0,"texture":"#0"},"west":{"uv":[0.0,3.0,0.5,3.6875],"tintindex":0,"rotation":90,"texture":"#0"},"up":{"uv":[0.5,3.6875,0.0,3.0],"tintindex":0,"rotation":0,"texture":"#0"},"down":{"uv":[0.5,3.0,0.0,3.6875],"tintindex":0,"rotation":0,"texture":"#0"}}}],"display":{"gui":{"rotation":[30,225,0]}}}