{
	"credit": "Made with Blockbench",
	"texture_size": [32, 32],
	"textures": {
		"0": "littleroom_metaldetector:metal_detector",
		"particle": "littleroom_metaldetector:metal_detector"
	},
	"elements": [
		{
			"from": [7.5, 25, 4],
			"to": [8.5, 29, 5],
			"rotation": {"angle": 0, "axis": "y", "origin": [15.5, 12, 3]},
			"faces": {
				"north": {"uv": [5, 11, 5.5, 13], "texture": "#0"},
				"east": {"uv": [5.5, 11, 6, 13], "texture": "#0"},
				"south": {"uv": [6, 11, 6.5, 13], "texture": "#0"},
				"west": {"uv": [11, 10, 11.5, 12], "texture": "#0"},
				"up": {"uv": [7, 9, 6.5, 8.5], "texture": "#0"},
				"down": {"uv": [9.5, 12.5, 9, 13], "texture": "#0"}
			}
		},
		{
			"from": [7.5, 29, 4],
			"to": [8.5, 30, 6],
			"rotation": {"angle": 0, "axis": "y", "origin": [15.5, 11, 2]},
			"faces": {
				"north": {"uv": [13, 0, 13.5, 0.5], "texture": "#0"},
				"east": {"uv": [7.5, 12, 8.5, 12.5], "texture": "#0"},
				"south": {"uv": [13, 0.5, 13.5, 1], "texture": "#0"},
				"west": {"uv": [8.5, 12, 9.5, 12.5], "texture": "#0"},
				"up": {"uv": [10, 13, 9.5, 12], "texture": "#0"},
				"down": {"uv": [10.5, 12, 10, 13], "texture": "#0"}
			}
		},
		{
			"from": [7, 28.5, 6],
			"to": [9, 30.5, 13],
			"rotation": {"angle": 0, "axis": "z", "origin": [7.5, 31, 10]},
			"faces": {
				"north": {"uv": [11, 0, 12, 1], "texture": "#0"},
				"east": {"uv": [7, 1, 10.5, 2], "texture": "#0"},
				"south": {"uv": [11.5, 1, 12.5, 2], "texture": "#0"},
				"west": {"uv": [7, 2, 10.5, 3], "texture": "#0"},
				"up": {"uv": [2.5, 10.5, 1.5, 7], "texture": "#0"},
				"down": {"uv": [3.5, 7, 2.5, 10.5], "texture": "#0"}
			}
		},
		{
			"from": [7.5, 24, 4],
			"to": [8.5, 25, 10],
			"rotation": {"angle": 0, "axis": "y", "origin": [15.5, 14, 0]},
			"faces": {
				"north": {"uv": [12.5, 10.5, 13, 11], "texture": "#0"},
				"east": {"uv": [10.5, 6, 13.5, 6.5], "texture": "#0"},
				"south": {"uv": [12.5, 11, 13, 11.5], "texture": "#0"},
				"west": {"uv": [10.5, 6.5, 13.5, 7], "texture": "#0"},
				"up": {"uv": [3, 13.5, 2.5, 10.5], "texture": "#0"},
				"down": {"uv": [3.5, 10.5, 3, 13.5], "texture": "#0"}
			}
		},
		{
			"from": [7.5, 10, 10],
			"to": [8.5, 25, 11],
			"rotation": {"angle": 0, "axis": "y", "origin": [15.5, 14, 0]},
			"faces": {
				"north": {"uv": [6.5, 1, 7, 8.5], "texture": "#0"},
				"east": {"uv": [0, 7, 0.5, 14.5], "texture": "#0"},
				"south": {"uv": [0.5, 7, 1, 14.5], "texture": "#0"},
				"west": {"uv": [1, 7, 1.5, 14.5], "texture": "#0"},
				"up": {"uv": [12, 13, 11.5, 12.5], "texture": "#0"},
				"down": {"uv": [13, 11.5, 12.5, 12], "texture": "#0"}
			}
		},
		{
			"from": [7, 17, 9.5],
			"to": [9, 23, 11.5],
			"rotation": {"angle": 0, "axis": "y", "origin": [15, 12, -0.5]},
			"faces": {
				"north": {"uv": [3.5, 7, 4.5, 10], "texture": "#0"},
				"east": {"uv": [6.5, 9, 7.5, 12], "texture": "#0"},
				"south": {"uv": [7.5, 9, 8.5, 12], "texture": "#0"},
				"west": {"uv": [8.5, 9, 9.5, 12], "texture": "#0"},
				"up": {"uv": [12.5, 3, 11.5, 2], "texture": "#0"},
				"down": {"uv": [12.5, 3, 11.5, 4], "texture": "#0"}
			}
		},
		{
			"from": [7, 8, 9.5],
			"to": [9, 14, 11.5],
			"rotation": {"angle": 0, "axis": "y", "origin": [15, 3, -0.5]},
			"faces": {
				"north": {"uv": [9.5, 9, 10.5, 12], "texture": "#0"},
				"east": {"uv": [3.5, 10, 4.5, 13], "texture": "#0"},
				"south": {"uv": [10.5, 1, 11.5, 4], "texture": "#0"},
				"west": {"uv": [1.5, 10.5, 2.5, 13.5], "texture": "#0"},
				"up": {"uv": [12.5, 11, 11.5, 10], "texture": "#0"},
				"down": {"uv": [12.5, 11, 11.5, 12], "texture": "#0"}
			}
		},
		{
			"from": [7.5, 6, 9.5],
			"to": [8.5, 8, 11.5],
			"rotation": {"angle": 0, "axis": "y", "origin": [14.5, 3, -0.5]},
			"faces": {
				"north": {"uv": [12.5, 3, 13, 4], "texture": "#0"},
				"east": {"uv": [12, 0, 13, 1], "texture": "#0"},
				"south": {"uv": [7.5, 12.5, 8, 13.5], "texture": "#0"},
				"west": {"uv": [6.5, 12, 7.5, 13], "texture": "#0"},
				"up": {"uv": [8.5, 13.5, 8, 12.5], "texture": "#0"},
				"down": {"uv": [9, 12.5, 8.5, 13.5], "texture": "#0"}
			}
		},
		{
			"from": [3.5, 19.05479, 12.30655],
			"to": [12.5, 21.05479, 18.30655],
			"rotation": {"angle": 22.5, "axis": "x", "origin": [8, 22.55479, 20.80655]},
			"faces": {
				"north": {"uv": [0, 6, 4.5, 7], "texture": "#0"},
				"east": {"uv": [7, 7, 10, 8], "texture": "#0"},
				"south": {"uv": [6.5, 0, 11, 1], "texture": "#0"},
				"west": {"uv": [7, 8, 10, 9], "texture": "#0"},
				"up": {"uv": [4.5, 3, 0, 0], "texture": "#0"},
				"down": {"uv": [4.5, 3, 0, 6], "texture": "#0"}
			}
		},
		{
			"from": [7.5, 18.05479, 11.30655],
			"to": [8.5, 19.05479, 16.30655],
			"rotation": {"angle": 22.5, "axis": "x", "origin": [8.5, 22.55479, 20.80655]},
			"faces": {
				"north": {"uv": [12, 12.5, 12.5, 13], "texture": "#0"},
				"east": {"uv": [10.5, 9, 13, 9.5], "texture": "#0"},
				"south": {"uv": [12.5, 12.5, 13, 13], "texture": "#0"},
				"west": {"uv": [10.5, 9.5, 13, 10], "texture": "#0"},
				"up": {"uv": [11, 12.5, 10.5, 10], "texture": "#0"},
				"down": {"uv": [5, 11, 4.5, 13.5], "texture": "#0"}
			}
		},
		{
			"from": [11.5, 6, 10],
			"to": [13.5, 7, 21],
			"rotation": {"angle": 22.5, "axis": "x", "origin": [8, 6.5, 10.5]},
			"faces": {
				"north": {"uv": [11, 12, 12, 12.5], "texture": "#0"},
				"east": {"uv": [10, 7, 15.5, 7.5], "texture": "#0"},
				"south": {"uv": [12, 12, 13, 12.5], "texture": "#0"},
				"west": {"uv": [10, 7.5, 15.5, 8], "texture": "#0"},
				"up": {"uv": [5.5, 5.5, 4.5, 0], "texture": "#0"},
				"down": {"uv": [6.5, 0, 5.5, 5.5], "texture": "#0"}
			}
		},
		{
			"from": [2.5, 6, 10],
			"to": [4.5, 7, 21],
			"rotation": {"angle": 22.5, "axis": "x", "origin": [8, 6.5, 10.5]},
			"faces": {
				"north": {"uv": [12.5, 10, 13.5, 10.5], "texture": "#0"},
				"east": {"uv": [10, 8, 15.5, 8.5], "texture": "#0"},
				"south": {"uv": [10.5, 12.5, 11.5, 13], "texture": "#0"},
				"west": {"uv": [10, 8.5, 15.5, 9], "texture": "#0"},
				"up": {"uv": [5.5, 11, 4.5, 5.5], "texture": "#0"},
				"down": {"uv": [6.5, 5.5, 5.5, 11], "texture": "#0"}
			}
		},
		{
			"from": [4.5, 6, 19],
			"to": [11.5, 7, 21],
			"rotation": {"angle": 22.5, "axis": "x", "origin": [8, 6.5, 10.5]},
			"faces": {
				"north": {"uv": [10.5, 4, 14, 4.5], "texture": "#0"},
				"east": {"uv": [12.5, 1, 13.5, 1.5], "texture": "#0"},
				"south": {"uv": [10.5, 4.5, 14, 5], "texture": "#0"},
				"west": {"uv": [12.5, 1.5, 13.5, 2], "texture": "#0"},
				"up": {"uv": [10.5, 4, 7, 3], "texture": "#0"},
				"down": {"uv": [10.5, 4, 7, 5], "texture": "#0"}
			}
		},
		{
			"from": [4.5, 6, 10],
			"to": [11.5, 7, 12],
			"rotation": {"angle": 22.5, "axis": "x", "origin": [8, 6.5, 10.5]},
			"faces": {
				"north": {"uv": [10.5, 5, 14, 5.5], "texture": "#0"},
				"east": {"uv": [12.5, 2, 13.5, 2.5], "texture": "#0"},
				"south": {"uv": [10.5, 5.5, 14, 6], "texture": "#0"},
				"west": {"uv": [12.5, 2.5, 13.5, 3], "texture": "#0"},
				"up": {"uv": [10.5, 6, 7, 5], "texture": "#0"},
				"down": {"uv": [10.5, 6, 7, 7], "texture": "#0"}
			}
		}
	],
	"gui_light": "front",
	"display": {
		"thirdperson_righthand": {
			"rotation": [-61, 0, 180],
			"translation": [-0.5, 4.75, -10.75],
			"scale": [0.7, 0.7, 0.7]
		},
		"thirdperson_lefthand": {
			"rotation": [-61, 0, 180],
			"translation": [-0.5, 4.75, -10.75],
			"scale": [0.7, 0.7, 0.7]
		},
		"firstperson_righthand": {
			"rotation": [-124, 3, -177],
			"translation": [-0.75, -9.5, -7.75]
		},
		"firstperson_lefthand": {
			"rotation": [-124, 3, -177],
			"translation": [-0.75, -9.5, -7.75]
		},
		"ground": {
			"rotation": [-44, 0, 0],
			"scale": [0.6, 0.6, 0.6]
		},
		"gui": {
			"rotation": [-10, 33, 32],
			"translation": [-0.25, -3.75, 0],
			"scale": [0.5, 0.5, 0.5]
		}
	}
}