{"textures":{"0":"modelengine:entity/broccoli_stage"},"elements":[{"from":[7.0,11.5,7.0],"to":[9.0,12.0,9.0],"faces":{"east":{"uv":[0.125,2.3125,0.25,2.375],"tintindex":0,"rotation":0,"texture":"#0"},"south":{"uv":[0.25,2.3125,0.125,2.375],"tintindex":0,"rotation":0,"texture":"#0"},"north":{"uv":[0.25,2.3125,0.125,2.375],"tintindex":0,"rotation":0,"texture":"#0"},"west":{"uv":[0.125,2.3125,0.25,2.375],"tintindex":0,"rotation":0,"texture":"#0"},"up":{"uv":[0.125,2.4375,0.0,2.3125],"tintindex":0,"rotation":0,"texture":"#0"},"down":{"uv":[0.125,2.3125,0.0,2.4375],"tintindex":0,"rotation":0,"texture":"#0"}}},{"from":[7.0,8.0,7.0],"to":[9.0,9.0,9.0],"faces":{"east":{"uv":[0.375,2.6875,0.5,2.75],"tintindex":0,"rotation":0,"texture":"#0"},"south":{"uv":[0.375,2.6875,0.5,2.75],"tintindex":0,"rotation":0,"texture":"#0"},"north":{"uv":[0.375,2.6875,0.5,2.75],"tintindex":0,"rotation":0,"texture":"#0"},"west":{"uv":[0.375,2.6875,0.5,2.75],"tintindex":0,"rotation":0,"texture":"#0"},"up":{"uv":[0.375,2.8125,0.25,2.6875],"tintindex":0,"rotation":0,"texture":"#0"},"down":{"uv":[0.375,2.6875,0.25,2.8125],"tintindex":0,"rotation":0,"texture":"#0"}}},{"from":[6.0,9.0,6.0],"to":[10.0,11.5,10.0],"faces":{"east":{"uv":[0.0,2.6875,0.25,2.84375],"tintindex":0,"rotation":0,"texture":"#0"},"south":{"uv":[0.0,2.6875,0.25,2.84375],"tintindex":0,"rotation":0,"texture":"#0"},"north":{"uv":[0.0,2.6875,0.25,2.84375],"tintindex":0,"rotation":0,"texture":"#0"},"west":{"uv":[0.0,2.6875,0.25,2.84375],"tintindex":0,"rotation":0,"texture":"#0"},"up":{"uv":[0.25,2.6875,0.0,2.4375],"tintindex":0,"rotation":0,"texture":"#0"},"down":{"uv":[0.5,2.4375,0.25,2.6875],"tintindex":0,"rotation":0,"texture":"#0"}}}],"display":{"gui":{"rotation":[30,225,0]}}}