{"textures":{"0":"modelengine:entity/parsley_stage"},"elements":[{"from":[3.0,1.0,8.0],"to":[13.0,11.0,8.0],"faces":{"south":{"uv":[0.0,2.625,0.625,3.25],"tintindex":0,"rotation":0,"texture":"#0"},"north":{"uv":[0.0,2.625,0.625,3.25],"tintindex":0,"rotation":0,"texture":"#0"}},"rotation":{"origin":[8.0,1.0,8.0],"angle":-22.5,"axis":"x"}},{"from":[8.0,1.0,3.0],"to":[8.0,11.0,13.0],"faces":{"east":{"uv":[0.0,2.625,0.625,3.25],"tintindex":0,"rotation":0,"texture":"#0"},"west":{"uv":[0.0,2.625,0.625,3.25],"tintindex":0,"rotation":0,"texture":"#0"}},"rotation":{"origin":[8.0,1.0,8.0],"angle":-22.5,"axis":"z"}},{"from":[8.0,5.0,3.0],"to":[18.0,5.0,13.0],"faces":{"up":{"uv":[0.0,3.875,0.625,3.25],"tintindex":0,"rotation":270,"texture":"#0"},"down":{"uv":[0.625,3.875,0.0,3.25],"tintindex":0,"rotation":270,"texture":"#0"}},"rotation":{"origin":[8.0,5.0,8.0],"angle":22.5,"axis":"z"}},{"from":[3.0,1.0,8.0],"to":[13.0,12.0,8.0],"faces":{"south":{"uv":[0.625,3.25,1.25,3.9375],"tintindex":0,"rotation":0,"texture":"#0"},"north":{"uv":[1.25,3.25,0.625,3.9375],"tintindex":0,"rotation":0,"texture":"#0"}}},{"from":[3.0,5.0,-2.0],"to":[13.0,5.0,8.0],"faces":{"up":{"uv":[0.0,3.25,0.625,3.875],"tintindex":0,"rotation":0,"texture":"#0"},"down":{"uv":[0.625,3.25,0.0,3.875],"tintindex":0,"rotation":180,"texture":"#0"}},"rotation":{"origin":[8.0,5.0,8.0],"angle":22.5,"axis":"x"}},{"from":[-2.0,7.0,3.0],"to":[8.0,7.0,13.0],"faces":{"up":{"uv":[0.0,2.0,0.625,2.625],"tintindex":0,"rotation":270,"texture":"#0"},"down":{"uv":[0.625,2.0,0.0,2.625],"tintindex":0,"rotation":270,"texture":"#0"}},"rotation":{"origin":[8.0,7.0,8.0],"angle":45.0,"axis":"z"}},{"from":[8.0,1.0,3.0],"to":[8.0,12.0,13.0],"faces":{"east":{"uv":[1.25,3.25,0.625,3.9375],"tintindex":0,"rotation":0,"texture":"#0"},"west":{"uv":[0.625,3.25,1.25,3.9375],"tintindex":0,"rotation":0,"texture":"#0"}},"rotation":{"origin":[8.0,2.0,8.0],"angle":45.0,"axis":"y"}},{"from":[8.0,1.0,3.0],"to":[8.0,12.0,13.0],"faces":{"east":{"uv":[1.25,3.25,0.625,3.9375],"tintindex":0,"rotation":0,"texture":"#0"},"west":{"uv":[0.625,3.25,1.25,3.9375],"tintindex":0,"rotation":0,"texture":"#0"}}},{"from":[8.0,7.0,3.0],"to":[18.0,7.0,13.0],"faces":{"up":{"uv":[0.0,2.625,0.625,2.0],"tintindex":0,"rotation":270,"texture":"#0"},"down":{"uv":[0.625,2.625,0.0,2.0],"tintindex":0,"rotation":270,"texture":"#0"}},"rotation":{"origin":[8.0,7.0,8.0],"angle":-45.0,"axis":"z"}},{"from":[8.0,1.0,3.0],"to":[8.0,11.0,13.0],"faces":{"east":{"uv":[0.625,2.625,0.0,3.25],"tintindex":0,"rotation":0,"texture":"#0"},"west":{"uv":[0.625,2.625,0.0,3.25],"tintindex":0,"rotation":0,"texture":"#0"}},"rotation":{"origin":[8.0,1.0,8.0],"angle":22.5,"axis":"z"}},{"from":[3.0,7.0,8.0],"to":[13.0,7.0,18.0],"faces":{"up":{"uv":[0.0,2.0,0.625,2.625],"tintindex":0,"rotation":180,"texture":"#0"},"down":{"uv":[0.625,2.0,0.0,2.625],"tintindex":0,"rotation":0,"texture":"#0"}},"rotation":{"origin":[8.0,7.0,8.0],"angle":45.0,"axis":"x"}},{"from":[3.0,5.0,8.0],"to":[13.0,5.0,18.0],"faces":{"up":{"uv":[0.625,3.875,0.0,3.25],"tintindex":0,"rotation":0,"texture":"#0"},"down":{"uv":[0.0,3.875,0.625,3.25],"tintindex":0,"rotation":180,"texture":"#0"}},"rotation":{"origin":[8.0,5.0,8.0],"angle":-22.5,"axis":"x"}},{"from":[-2.0,5.0,3.0],"to":[8.0,5.0,13.0],"faces":{"up":{"uv":[0.0,3.25,0.625,3.875],"tintindex":0,"rotation":270,"texture":"#0"},"down":{"uv":[0.625,3.25,0.0,3.875],"tintindex":0,"rotation":270,"texture":"#0"}},"rotation":{"origin":[8.0,5.0,8.0],"angle":-22.5,"axis":"z"}},{"from":[8.0,1.0,3.0],"to":[8.0,12.0,13.0],"faces":{"east":{"uv":[0.625,3.25,1.25,3.9375],"tintindex":0,"rotation":0,"texture":"#0"},"west":{"uv":[1.25,3.25,0.625,3.9375],"tintindex":0,"rotation":0,"texture":"#0"}},"rotation":{"origin":[8.0,2.0,8.0],"angle":-45.0,"axis":"y"}},{"from":[3.0,7.0,-2.0],"to":[13.0,7.0,8.0],"faces":{"up":{"uv":[0.0,2.625,0.625,2.0],"tintindex":0,"rotation":180,"texture":"#0"},"down":{"uv":[0.625,2.625,0.0,2.0],"tintindex":0,"rotation":0,"texture":"#0"}},"rotation":{"origin":[8.0,7.0,8.0],"angle":-45.0,"axis":"x"}},{"from":[3.0,1.0,8.0],"to":[13.0,11.0,8.0],"faces":{"south":{"uv":[0.0,2.625,0.625,3.25],"tintindex":0,"rotation":0,"texture":"#0"},"north":{"uv":[0.0,2.625,0.625,3.25],"tintindex":0,"rotation":0,"texture":"#0"}},"rotation":{"origin":[8.0,1.0,8.0],"angle":22.5,"axis":"x"}}],"display":{"gui":{"rotation":[30,225,0]}}}