{
	"credit": "Made with Blockbench",
	"texture_size": [64, 64],
	"textures": {
		"2": "modelengine:entity/boreal_druid_icespike"
	},
	"elements": [
		{
			"from": [8.5, -3.75, 3],
			"to": [8.5, 1.25, 12],
			"faces": {
				"north": {"uv": [0, 0, 0, 1.25], "texture": "#2"},
				"east": {"uv": [4.75, 4.25, 2.5, 5.5], "texture": "#2"},
				"south": {"uv": [0, 0, 0, 1.25], "texture": "#2"},
				"west": {"uv": [2.5, 4.25, 4.75, 5.5], "texture": "#2"},
				"up": {"uv": [0, 2.25, 0, 0], "texture": "#2"},
				"down": {"uv": [0.5, 0, 2.75, 0], "rotation": 90, "texture": "#2"}
			}
		},
		{
			"from": [5, -0.25, 3],
			"to": [10, -0.25, 12],
			"rotation": {"angle": 0, "axis": "y", "origin": [20, -1.5, 7.5]},
			"faces": {
				"north": {"uv": [0, 0, 1.25, 0], "texture": "#2"},
				"east": {"uv": [0, 0, 2.25, 0], "texture": "#2"},
				"south": {"uv": [0, 0, 1.25, 0], "texture": "#2"},
				"west": {"uv": [0, 0, 2.25, 0], "texture": "#2"},
				"up": {"uv": [2.5, 4.25, 4.75, 5.5], "rotation": 90, "texture": "#2"},
				"down": {"uv": [4.75, 4.25, 2.5, 5.5], "rotation": 90, "texture": "#2"}
			}
		}
	],
	"display": {
		"head": {
			"translation": [0, 11, -1.5],
			"scale": [1.5, 1.5, 1.5]
		}
	},
	"groups": [
		{
			"name": "icespike3",
			"origin": [20, -1.5, 7.5],
			"color": 0,
			"children": [0, 1]
		}
	]
}