{
	"credit": "Made with Blockbench",
	"texture_size": [64, 64],
	"textures": {
		"2": "modelengine:entity/boreal_druid_icespike"
	},
	"elements": [
		{
			"from": [8.5, -2.75, 0],
			"to": [8.5, 2.25, 16],
			"faces": {
				"north": {"uv": [0, 0, 0, 1.25], "texture": "#2"},
				"east": {"uv": [6.5, 4.25, 2.5, 5.5], "texture": "#2"},
				"south": {"uv": [0, 0, 0, 1.25], "texture": "#2"},
				"west": {"uv": [2.5, 4.25, 6.5, 5.5], "texture": "#2"},
				"up": {"uv": [0, 4, 0, 0], "texture": "#2"},
				"down": {"uv": [0, 0, 0, 4], "texture": "#2"}
			}
		},
		{
			"from": [7.5, -1.75, 6],
			"to": [9.5, 1.25, 19],
			"faces": {
				"north": {"uv": [6.5, 7.5, 7, 8.25], "texture": "#2"},
				"east": {"uv": [6.5, 4.75, 9.75, 5.5], "texture": "#2"},
				"south": {"uv": [6.5, 8.25, 7, 9], "texture": "#2"},
				"west": {"uv": [3.75, 6.75, 7, 7.5], "texture": "#2"},
				"up": {"uv": [6, 10.75, 5.5, 7.5], "texture": "#2"},
				"down": {"uv": [6.5, 7.5, 6, 10.75], "texture": "#2"}
			}
		}
	],
	"display": {
		"head": {
			"translation": [0, 11, -1.5],
			"scale": [1.5, 1.5, 1.5]
		}
	},
	"groups": [
		{
			"name": "icespike2",
			"origin": [0, 0, 0],
			"color": 0,
			"children": [0, 1]
		}
	]
}