{"textures":{"0":"modelengine:entity/asparagus_stage"},"elements":[{"from":[7.0,7.5,8.0],"to":[9.0,9.5,10.0],"faces":{"east":{"uv":[1.0625,0.75,1.1875,0.625],"tintindex":0,"rotation":0,"texture":"#0"},"south":{"uv":[1.1875,0.625,1.3125,0.75],"tintindex":0,"rotation":0,"texture":"#0"},"north":{"uv":[0.9375,0.625,1.0625,0.75],"tintindex":0,"rotation":0,"texture":"#0"},"west":{"uv":[1.1875,0.625,1.0625,0.75],"tintindex":0,"rotation":0,"texture":"#0"},"up":{"uv":[1.0625,0.75,1.1875,0.625],"tintindex":0,"rotation":0,"texture":"#0"},"down":{"uv":[1.1875,0.625,1.0625,0.75],"tintindex":0,"rotation":0,"texture":"#0"}}},{"from":[7.5,8.0,6.0],"to":[8.5,9.0,8.0],"faces":{"east":{"uv":[1.0,0.75,0.875,0.8125],"tintindex":0,"rotation":0,"texture":"#0"},"south":{"uv":[0.875,0.6875,0.9375,0.75],"tintindex":0,"rotation":0,"texture":"#0"},"north":{"uv":[0.875,0.6875,0.9375,0.75],"tintindex":0,"rotation":0,"texture":"#0"},"west":{"uv":[0.875,0.75,1.0,0.8125],"tintindex":0,"rotation":0,"texture":"#0"},"up":{"uv":[0.875,0.75,1.0,0.8125],"tintindex":0,"rotation":90,"texture":"#0"},"down":{"uv":[1.0,0.75,0.875,0.8125],"tintindex":0,"rotation":90,"texture":"#0"}}},{"from":[7.5,8.5,10.0],"to":[8.5,8.5,11.0],"faces":{"up":{"uv":[0.875,0.625,0.9375,0.6875],"tintindex":0,"rotation":0,"texture":"#0"},"down":{"uv":[0.875,0.625,0.9375,0.6875],"tintindex":0,"rotation":0,"texture":"#0"}}},{"from":[7.5,8.0,3.0],"to":[8.5,9.0,6.0],"faces":{"east":{"uv":[0.875,0.75,1.0625,0.8125],"tintindex":0,"rotation":0,"texture":"#0"},"south":{"uv":[0.9375,0.6875,0.875,0.75],"tintindex":0,"rotation":0,"texture":"#0"},"north":{"uv":[1.0,0.625,0.9375,0.6875],"tintindex":0,"rotation":0,"texture":"#0"},"west":{"uv":[1.0625,0.75,0.875,0.8125],"tintindex":0,"rotation":0,"texture":"#0"},"up":{"uv":[1.0625,0.75,0.875,0.8125],"tintindex":0,"rotation":90,"texture":"#0"},"down":{"uv":[0.875,0.75,1.0625,0.8125],"tintindex":0,"rotation":90,"texture":"#0"}},"rotation":{"origin":[7.5,8.0,6.0],"angle":22.5,"axis":"x"}},{"from":[8.0,8.0,10.0],"to":[8.0,9.0,11.0],"faces":{"east":{"uv":[0.875,0.625,0.9375,0.6875],"tintindex":0,"rotation":0,"texture":"#0"},"west":{"uv":[0.875,0.625,0.9375,0.6875],"tintindex":0,"rotation":0,"texture":"#0"}}}],"display":{"gui":{"rotation":[30,225,0]}}}