{"textures":{"0":"modelengine:entity/anubis_pet_pillar"},"elements":[{"from":[6.0,-4.0,5.0],"to":[11.0,-3.0,10.0],"faces":{"east":{"uv":[8.5,2.0,11.0,2.5],"tintindex":0,"rotation":0,"texture":"#0"},"south":{"uv":[9.5,6.5,12.0,7.0],"tintindex":0,"rotation":0,"texture":"#0"},"north":{"uv":[8.5,1.5,11.0,2.0],"tintindex":0,"rotation":0,"texture":"#0"},"west":{"uv":[0.0,10.0,2.5,10.5],"tintindex":0,"rotation":0,"texture":"#0"},"up":{"uv":[2.5,7.5,0.0,5.0],"tintindex":0,"rotation":0,"texture":"#0"},"down":{"uv":[5.0,5.0,2.5,7.5],"tintindex":0,"rotation":0,"texture":"#0"}}}],"display":{"gui":{"rotation":[30,225,0]}}}