{"textures":{"0":"modelengine:entity/anubis_pet_pillar"},"elements":[{"from":[6.0,5.5,6.0],"to":[10.0,10.5,10.0],"faces":{"east":{"uv":[0.0,7.5,2.0,10.0],"tintindex":0,"rotation":0,"texture":"#0"},"south":{"uv":[2.0,7.5,4.0,10.0],"tintindex":0,"rotation":0,"texture":"#0"},"north":{"uv":[6.0,2.5,8.0,5.0],"tintindex":0,"rotation":0,"texture":"#0"},"west":{"uv":[4.0,7.5,6.0,10.0],"tintindex":0,"rotation":0,"texture":"#0"},"up":{"uv":[9.5,7.0,7.5,5.0],"tintindex":0,"rotation":0,"texture":"#0"},"down":{"uv":[8.0,7.5,6.0,9.5],"tintindex":0,"rotation":0,"texture":"#0"}}}],"display":{"gui":{"rotation":[30,225,0]}}}