{"textures":{"0":"modelengine:entity/anubis_pet_pillar"},"elements":[{"from":[7.0,6.0,7.0],"to":[9.0,10.0,9.0],"faces":{"east":{"uv":[6.0,9.5,7.0,11.5],"tintindex":0,"rotation":0,"texture":"#0"},"south":{"uv":[7.0,9.5,8.0,11.5],"tintindex":0,"rotation":0,"texture":"#0"},"north":{"uv":[9.5,4.5,10.5,6.5],"tintindex":0,"rotation":0,"texture":"#0"},"west":{"uv":[9.5,9.0,10.5,11.0],"tintindex":0,"rotation":0,"texture":"#0"},"up":{"uv":[11.0,1.0,10.0,0.0],"tintindex":0,"rotation":0,"texture":"#0"},"down":{"uv":[3.5,10.0,2.5,11.0],"tintindex":0,"rotation":0,"texture":"#0"}}}],"display":{"gui":{"rotation":[30,225,0]}}}