{"textures":{"0":"modelengine:entity/anubis_pet_pillar"},"elements":[{"from":[5.5,4.0,5.5],"to":[10.5,6.0,10.5],"faces":{"east":{"uv":[8.0,3.5,10.5,4.5],"tintindex":0,"rotation":0,"texture":"#0"},"south":{"uv":[8.0,7.0,10.5,8.0],"tintindex":0,"rotation":0,"texture":"#0"},"north":{"uv":[8.0,2.5,10.5,3.5],"tintindex":0,"rotation":0,"texture":"#0"},"west":{"uv":[8.0,8.0,10.5,9.0],"tintindex":0,"rotation":0,"texture":"#0"},"up":{"uv":[7.5,7.5,5.0,5.0],"tintindex":0,"rotation":0,"texture":"#0"},"down":{"uv":[8.5,0.0,6.0,2.5],"tintindex":0,"rotation":0,"texture":"#0"}}},{"from":[6.5,6.0,6.5],"to":[9.5,16.0,9.5],"faces":{"east":{"uv":[1.5,0.0,3.0,5.0],"tintindex":0,"rotation":0,"texture":"#0"},"south":{"uv":[3.0,0.0,4.5,5.0],"tintindex":0,"rotation":0,"texture":"#0"},"north":{"uv":[0.0,0.0,1.5,5.0],"tintindex":0,"rotation":0,"texture":"#0"},"west":{"uv":[4.5,0.0,6.0,5.0],"tintindex":0,"rotation":0,"texture":"#0"},"up":{"uv":[10.0,1.5,8.5,0.0],"tintindex":0,"rotation":0,"texture":"#0"},"down":{"uv":[9.5,9.0,8.0,10.5],"tintindex":0,"rotation":0,"texture":"#0"}}}],"display":{"gui":{"rotation":[30,225,0]}}}