{"textures":{"0":"modelengine:entity/mole"},"elements":[{"from":[5.0,5.5,5.0],"to":[11.0,10.5,11.0],"faces":{"east":{"uv":[3.0,2.5,6.0,5.0],"tintindex":0,"rotation":0,"texture":"#0"},"south":{"uv":[3.0,5.0,6.0,7.5],"tintindex":0,"rotation":0,"texture":"#0"},"north":{"uv":[3.0,0.0,6.0,2.5],"tintindex":0,"rotation":0,"texture":"#0"},"west":{"uv":[0.0,6.0,3.0,8.5],"tintindex":0,"rotation":0,"texture":"#0"},"up":{"uv":[3.0,3.0,0.0,0.0],"tintindex":0,"rotation":0,"texture":"#0"},"down":{"uv":[3.0,3.0,0.0,6.0],"tintindex":0,"rotation":0,"texture":"#0"}}}],"display":{"gui":{"rotation":[30,225,0]}}}