{"textures":{"0":"modelengine:entity/mole"},"elements":[{"from":[5.5,8.0,6.0],"to":[10.5,11.0,10.0],"faces":{"east":{"uv":[0.0,8.5,2.0,10.0],"tintindex":0,"rotation":0,"texture":"#0"},"south":{"uv":[6.0,5.5,8.5,7.0],"tintindex":0,"rotation":0,"texture":"#0"},"north":{"uv":[6.0,4.0,8.5,5.5],"tintindex":0,"rotation":0,"texture":"#0"},"west":{"uv":[8.5,0.0,10.5,1.5],"tintindex":0,"rotation":0,"texture":"#0"},"up":{"uv":[8.5,2.0,6.0,0.0],"tintindex":0,"rotation":0,"texture":"#0"},"down":{"uv":[8.5,2.0,6.0,4.0],"tintindex":0,"rotation":0,"texture":"#0"}}}],"display":{"gui":{"rotation":[30,225,0]}}}