{"textures":{"0":"modelengine:entity/mole"},"elements":[{"from":[7.5,5.0,6.5],"to":[7.5,6.0,9.5],"faces":{"east":{"uv":[0.0,10.0,1.5,10.5],"tintindex":0,"rotation":0,"texture":"#0"},"west":{"uv":[10.0,1.5,11.5,2.0],"tintindex":0,"rotation":0,"texture":"#0"}}},{"from":[7.0,6.0,6.5],"to":[8.0,9.0,9.5],"faces":{"east":{"uv":[8.5,1.5,10.0,3.0],"tintindex":0,"rotation":0,"texture":"#0"},"south":{"uv":[8.5,9.5,9.0,11.0],"tintindex":0,"rotation":0,"texture":"#0"},"north":{"uv":[8.0,9.5,8.5,11.0],"tintindex":0,"rotation":0,"texture":"#0"},"west":{"uv":[8.5,3.0,10.0,4.5],"tintindex":0,"rotation":0,"texture":"#0"},"up":{"uv":[9.5,11.0,9.0,9.5],"tintindex":0,"rotation":0,"texture":"#0"},"down":{"uv":[10.0,9.5,9.5,11.0],"tintindex":0,"rotation":0,"texture":"#0"}}}],"display":{"gui":{"rotation":[30,225,0]}}}