{"textures":{"0":"modelengine:entity/mole"},"elements":[{"from":[6.5,7.0,4.5],"to":[9.5,8.0,9.5],"faces":{"east":{"uv":[9.0,7.5,11.5,8.0],"tintindex":0,"rotation":0,"texture":"#0"},"south":{"uv":[10.0,4.5,11.5,5.0],"tintindex":0,"rotation":0,"texture":"#0"},"north":{"uv":[10.0,4.0,11.5,4.5],"tintindex":0,"rotation":0,"texture":"#0"},"west":{"uv":[9.0,8.0,11.5,8.5],"tintindex":0,"rotation":0,"texture":"#0"},"up":{"uv":[7.5,9.5,6.0,7.0],"tintindex":0,"rotation":0,"texture":"#0"},"down":{"uv":[4.5,7.5,3.0,10.0],"tintindex":0,"rotation":0,"texture":"#0"}}}],"display":{"gui":{"rotation":[30,225,0]}}}