{"textures":{"0":"modelengine:entity/mole"},"elements":[{"from":[8.0,6.0,6.5],"to":[9.0,9.0,9.5],"faces":{"east":{"uv":[8.5,4.5,10.0,6.0],"tintindex":0,"rotation":0,"texture":"#0"},"south":{"uv":[10.0,2.0,10.5,3.5],"tintindex":0,"rotation":0,"texture":"#0"},"north":{"uv":[1.5,10.0,2.0,11.5],"tintindex":0,"rotation":0,"texture":"#0"},"west":{"uv":[9.0,6.0,10.5,7.5],"tintindex":0,"rotation":0,"texture":"#0"},"up":{"uv":[3.5,11.5,3.0,10.0],"tintindex":0,"rotation":0,"texture":"#0"},"down":{"uv":[4.0,10.0,3.5,11.5],"tintindex":0,"rotation":0,"texture":"#0"}}},{"from":[8.5,5.0,6.5],"to":[8.5,6.0,9.5],"faces":{"east":{"uv":[10.0,3.5,11.5,4.0],"tintindex":0,"rotation":0,"texture":"#0"},"west":{"uv":[4.0,10.0,5.5,10.5],"tintindex":0,"rotation":0,"texture":"#0"}}}],"display":{"gui":{"rotation":[30,225,0]}}}