{
   "littleroom.tiamat.attack1":{
		 "sounds": [
			"littleroom/tiamat/attack1"
		 ]
	},
   "littleroom.tiamat.attack2":{
		 "sounds": [
			"littleroom/tiamat/attack2"
		 ]
	},
   "littleroom.tiamat.attack3":{
		 "sounds": [
			"littleroom/tiamat/attack3"
		 ]
	},
   "littleroom.tiamat.death":{
		 "sounds": [
			"littleroom/tiamat/death"
		 ]
	},
   "littleroom.tiamat.flinch":{
		 "sounds": [
			"littleroom/tiamat/flinch"
		 ]
	},
   "littleroom.tiamat.idle1":{
		 "sounds": [
			"littleroom/tiamat/idle1"
		 ]
	},
   "littleroom.tiamat.idle2":{
		 "sounds": [
			"littleroom/tiamat/idle2"
		 ]
	},
   "littleroom.tiamat.land":{
		 "sounds": [
			"littleroom/tiamat/land"
		 ]
	},
   "littleroom.tiamat.leap":{
		 "sounds": [
			"littleroom/tiamat/leap"
		 ]
	},
   "littleroom.tiamat.snarl":{
		 "sounds": [
			"littleroom/tiamat/snarl"
		 ]
	},
   "littleroom.tiamat.wingflap1":{
		 "sounds": [
			"littleroom/tiamat/wingflap1"
		 ]
	},
   "littleroom.tiamat.wingflap2":{
		 "sounds": [
			"littleroom/tiamat/wingflap2"
		 ]
	},
   "littleroom.tiamat.roar":{
		 "sounds": [
			"littleroom/tiamat/roar"
		 ]
	},
   "littleroom.tiamat.pillar1":{
		 "sounds": [
			"littleroom/tiamat/pillar1"
		 ]
	},
   "littleroom.tiamat.pillar2":{
		 "sounds": [
			"littleroom/tiamat/pillar2"
		 ]
	},
   "littleroom.tiamat.pillar3":{
		 "sounds": [
			"littleroom/tiamat/pillar3"
		 ]
	},
   "littleroom.tiamat.pillar4":{
		 "sounds": [
			"littleroom/tiamat/pillar4"
		 ]
	}
}