{"textures":{"0":"modelengine:entity/boreal_druid_ice_blast"},"elements":[{"from":[2.35,8.0,4.0],"to":[13.65,16.0,12.0],"faces":{"east":{"uv":[12.3375,2.0,13.3375,3.0],"tintindex":0,"rotation":0,"texture":"#0"},"south":{"uv":[12.3375,0.0,13.75,1.0],"tintindex":0,"rotation":0,"texture":"#0"},"north":{"uv":[12.3375,1.0,13.75,2.0],"tintindex":0,"rotation":0,"texture":"#0"},"west":{"uv":[12.3375,4.0,13.3375,5.0],"tintindex":0,"rotation":0,"texture":"#0"},"up":{"uv":[12.3375,5.0,13.75,6.0],"tintindex":0,"rotation":0,"texture":"#0"},"down":{"uv":[12.3375,3.0,13.75,4.0],"tintindex":0,"rotation":0,"texture":"#0"}}}],"display":{"gui":{"rotation":[30,225,0]}}}