{"textures":{"0":"modelengine:entity/boreal_druid_ice_blast"},"elements":[{"from":[4.35,8.0,4.0],"to":[11.65,16.0,12.0],"faces":{"east":{"uv":[15.0,11.875,16.0,12.875],"tintindex":0,"rotation":0,"texture":"#0"},"south":{"uv":[15.0875,10.875,16.0,11.875],"tintindex":0,"rotation":0,"texture":"#0"},"north":{"uv":[15.0875,6.875,16.0,7.875],"tintindex":0,"rotation":0,"texture":"#0"},"west":{"uv":[15.0,9.875,16.0,10.875],"tintindex":0,"rotation":0,"texture":"#0"},"up":{"uv":[15.0875,8.875,16.0,9.875],"tintindex":0,"rotation":0,"texture":"#0"},"down":{"uv":[15.0875,7.875,16.0,8.875],"tintindex":0,"rotation":0,"texture":"#0"}}}],"display":{"gui":{"rotation":[30,225,0]}}}