{"textures":{"0":"modelengine:entity/boreal_druid_ice_blast"},"elements":[{"from":[-4.75,32.0,3.2261033],"to":[7.25,32.0,12.773897],"faces":{"up":{"uv":[11.0,5.0,9.5,3.75],"tintindex":0,"rotation":0,"texture":"#0"},"down":{"uv":[11.0,3.75,9.5,5.0],"tintindex":0,"rotation":0,"texture":"#0"}}},{"from":[-4.75,-16.0,3.2261033],"to":[7.25,-16.0,12.773897],"faces":{"up":{"uv":[10.5,6.25,9.0,5.0],"tintindex":0,"rotation":0,"texture":"#0"},"down":{"uv":[10.5,5.0,9.0,6.25],"tintindex":0,"rotation":0,"texture":"#0"}},"rotation":{"origin":[-4.75,8.0,8.0],"angle":-22.5,"axis":"x"}},{"from":[-4.75,-16.0,3.2261033],"to":[7.25,-16.0,12.773897],"faces":{"up":{"uv":[10.5,8.75,9.0,7.5],"tintindex":0,"rotation":0,"texture":"#0"},"down":{"uv":[10.5,7.5,9.0,8.75],"tintindex":0,"rotation":0,"texture":"#0"}}},{"from":[-4.75,-16.0,3.2261033],"to":[7.25,-16.0,12.773897],"faces":{"up":{"uv":[11.0,1.25,9.5,0.0],"tintindex":0,"rotation":0,"texture":"#0"},"down":{"uv":[11.0,0.0,9.5,1.25],"tintindex":0,"rotation":0,"texture":"#0"}},"rotation":{"origin":[-4.75,8.0,8.0],"angle":22.5,"axis":"x"}},{"from":[-4.75,3.2261033,-16.0],"to":[7.25,12.773897,-16.0],"faces":{"south":{"uv":[9.0,5.0,7.5,6.25],"tintindex":0,"rotation":0,"texture":"#0"},"north":{"uv":[7.5,5.0,9.0,6.25],"tintindex":0,"rotation":0,"texture":"#0"}},"rotation":{"origin":[-4.75,8.0,8.0],"angle":45.0,"axis":"x"}},{"from":[-4.75,32.0,3.2261033],"to":[7.25,32.0,12.773897],"faces":{"up":{"uv":[7.5,11.0,6.0,9.75],"tintindex":0,"rotation":0,"texture":"#0"},"down":{"uv":[7.5,9.75,6.0,11.0],"tintindex":0,"rotation":0,"texture":"#0"}},"rotation":{"origin":[-4.75,8.0,8.0],"angle":22.5,"axis":"x"}},{"from":[-4.75,3.2261033,32.0],"to":[7.25,12.773897,32.0],"faces":{"south":{"uv":[4.5,8.5,6.0,9.75],"tintindex":0,"rotation":0,"texture":"#0"},"north":{"uv":[6.0,8.5,4.5,9.75],"tintindex":0,"rotation":0,"texture":"#0"}}},{"from":[-4.75,3.2261033,32.0],"to":[7.25,12.773897,32.0],"faces":{"south":{"uv":[1.5,9.0,3.0,10.25],"tintindex":0,"rotation":0,"texture":"#0"},"north":{"uv":[3.0,9.0,1.5,10.25],"tintindex":0,"rotation":0,"texture":"#0"}},"rotation":{"origin":[-4.75,8.0,8.0],"angle":45.0,"axis":"x"}},{"from":[-4.75,3.2261033,32.0],"to":[7.25,12.773897,32.0],"faces":{"south":{"uv":[7.5,8.75,9.0,10.0],"tintindex":0,"rotation":0,"texture":"#0"},"north":{"uv":[9.0,8.75,7.5,10.0],"tintindex":0,"rotation":0,"texture":"#0"}},"rotation":{"origin":[-4.75,8.0,8.0],"angle":22.5,"axis":"x"}},{"from":[-4.75,3.2261033,-16.0],"to":[7.25,12.773897,-16.0],"faces":{"south":{"uv":[6.0,6.0,4.5,7.25],"tintindex":0,"rotation":0,"texture":"#0"},"north":{"uv":[4.5,6.0,6.0,7.25],"tintindex":0,"rotation":0,"texture":"#0"}},"rotation":{"origin":[-4.75,8.0,8.0],"angle":-45.0,"axis":"x"}},{"from":[-4.75,32.0,3.2261033],"to":[7.25,32.0,12.773897],"faces":{"up":{"uv":[11.0,2.5,9.5,1.25],"tintindex":0,"rotation":0,"texture":"#0"},"down":{"uv":[11.0,1.25,9.5,2.5],"tintindex":0,"rotation":0,"texture":"#0"}},"rotation":{"origin":[-4.75,8.0,8.0],"angle":-22.5,"axis":"x"}},{"from":[-4.75,3.2261033,-16.0],"to":[7.25,12.773897,-16.0],"faces":{"south":{"uv":[8.0,2.5,6.5,3.75],"tintindex":0,"rotation":0,"texture":"#0"},"north":{"uv":[6.5,2.5,8.0,3.75],"tintindex":0,"rotation":0,"texture":"#0"}}},{"from":[-4.75,3.2261033,32.0],"to":[7.25,12.773897,32.0],"faces":{"south":{"uv":[8.0,0.0,9.5,1.25],"tintindex":0,"rotation":0,"texture":"#0"},"north":{"uv":[9.5,0.0,8.0,1.25],"tintindex":0,"rotation":0,"texture":"#0"}},"rotation":{"origin":[-4.75,8.0,8.0],"angle":-45.0,"axis":"x"}},{"from":[-4.75,3.2261033,32.0],"to":[7.25,12.773897,32.0],"faces":{"south":{"uv":[8.0,2.5,9.5,3.75],"tintindex":0,"rotation":0,"texture":"#0"},"north":{"uv":[9.5,2.5,8.0,3.75],"tintindex":0,"rotation":0,"texture":"#0"}},"rotation":{"origin":[-4.75,8.0,8.0],"angle":-22.5,"axis":"x"}},{"from":[-4.75,3.2261033,-16.0],"to":[7.25,12.773897,-16.0],"faces":{"south":{"uv":[6.0,7.25,4.5,8.5],"tintindex":0,"rotation":0,"texture":"#0"},"north":{"uv":[4.5,7.25,6.0,8.5],"tintindex":0,"rotation":0,"texture":"#0"}},"rotation":{"origin":[-4.75,8.0,8.0],"angle":22.5,"axis":"x"}},{"from":[-4.75,3.2261033,-16.0],"to":[7.25,12.773897,-16.0],"faces":{"south":{"uv":[8.0,0.0,6.5,1.25],"tintindex":0,"rotation":0,"texture":"#0"},"north":{"uv":[6.5,0.0,8.0,1.25],"tintindex":0,"rotation":0,"texture":"#0"}},"rotation":{"origin":[-4.75,8.0,8.0],"angle":-22.5,"axis":"x"}}],"display":{"gui":{"rotation":[30,225,0]}}}