{"textures":{"0":"modelengine:entity/boreal_druid_ice_blast"},"elements":[{"from":[-10.0,8.0,8.0],"to":[8.0,8.0,26.0],"faces":{"up":{"uv":[4.5,4.5,0.0,0.0],"tintindex":0,"rotation":180,"texture":"#0"},"down":{"uv":[0.0,0.0,4.5,4.5],"tintindex":0,"rotation":180,"texture":"#0"}}},{"from":[8.0,8.0,8.0],"to":[26.0,8.0,26.0],"faces":{"up":{"uv":[0.0,0.0,4.5,4.5],"tintindex":0,"rotation":270,"texture":"#0"},"down":{"uv":[4.5,4.5,0.0,0.0],"tintindex":0,"rotation":90,"texture":"#0"}}},{"from":[8.0,8.0,-10.0],"to":[26.0,8.0,8.0],"faces":{"up":{"uv":[4.5,4.5,0.0,0.0],"tintindex":0,"rotation":0,"texture":"#0"},"down":{"uv":[0.0,0.0,4.5,4.5],"tintindex":0,"rotation":0,"texture":"#0"}}},{"from":[-10.0,8.0,-10.0],"to":[8.0,8.0,8.0],"faces":{"up":{"uv":[0.0,0.0,4.5,4.5],"tintindex":0,"rotation":90,"texture":"#0"},"down":{"uv":[4.5,4.5,0.0,0.0],"tintindex":0,"rotation":270,"texture":"#0"}}}],"display":{"gui":{"rotation":[30,225,0]}}}